keyword_cluster,tested_url,status,final_url,page_title,h1,canonical,robots_status,page_type,genuine_paid_lp,evidence,confidence,body_len,body_hash,has_form,has_cta,score,source,fetch,checked_at
brand,https://www.myoutdesk.com/lp/google-brand-search-campaign-b/,200,https://www.myoutdesk.com/lp/google-brand-search-campaign-b/,Virtual Assistant Services | MyOutDesk,"You Searched MyOutDesk, You're in the Right Place.",https://www.myoutdesk.com/lp/google-brand-search-campaign-b/,"noindex, nofollow, noarchive",confirmed_paid_lp,yes,noindex; employer form; strategy-call CTA; self-canonical,observed,662927,cbf4fa2bddf8f5a6,True,True,1000,known,live,2026-08-18T18:02:05Z
ph_va_geo,https://www.myoutdesk.com/lp/google-philippines-virtual-assistants/,200,https://www.myoutdesk.com/lp/google-philippines-virtual-assistants/,Philippines Virtual Assistants | MyOutDesk,"Hire a Virtual Assistant From the Philippines. Buy back your time, cut overhead up to 70%, and scale without hiring drag.",https://www.myoutdesk.com/lp/google-philippines-virtual-assistants/,"noindex, nofollow, noarchive",confirmed_paid_lp,yes,noindex; employer form; strategy-call CTA; self-canonical,observed,352667,8b1cdff322112604,True,True,1000,known,cache,2026-08-18T18:02:05Z
sitemap_industry,https://www.myoutdesk.com/lp/google-ecommerce-virtual-assistants/,404,https://www.myoutdesk.com/lp/google-ecommerce-virtual-assistants/,Page Not Found | MyOutDesk,Page not found,https://www.myoutdesk.com/404/,"noindex, nofollow",missing,no,HTTP 404,observed,305597,8bbc9b8f4dd498eb,False,False,930,sitemap_industry,http_error,2026-08-18T18:02:06Z
sitemap_industry,https://www.myoutdesk.com/lp/google-financial-planning/,404,https://www.myoutdesk.com/lp/google-financial-planning/,Page Not Found | MyOutDesk,Page not found,https://www.myoutdesk.com/404/,"noindex, nofollow",missing,no,HTTP 404,observed,305597,8bbc9b8f4dd498eb,False,False,930,sitemap_industry,http_error,2026-08-18T18:02:07Z
sitemap_industry,https://www.myoutdesk.com/lp/google-healthcare/,404,https://www.myoutdesk.com/lp/google-healthcare/,Page Not Found | MyOutDesk,Page not found,https://www.myoutdesk.com/404/,"noindex, nofollow",missing,no,HTTP 404,observed,305597,8bbc9b8f4dd498eb,False,False,930,sitemap_industry,http_error,2026-08-18T18:02:09Z
sitemap_industry,https://www.myoutdesk.com/lp/google-hr-virtual-assistants/,404,https://www.myoutdesk.com/lp/google-hr-virtual-assistants/,Page Not Found | MyOutDesk,Page not found,https://www.myoutdesk.com/404/,"noindex, nofollow",missing,no,HTTP 404,observed,305597,8bbc9b8f4dd498eb,False,False,930,sitemap_industry,http_error,2026-08-18T18:02:10Z
sitemap_industry,https://www.myoutdesk.com/lp/google-insurance-virtual-assistants/,404,https://www.myoutdesk.com/lp/google-insurance-virtual-assistants/,Page Not Found | MyOutDesk,Page not found,https://www.myoutdesk.com/404/,"noindex, nofollow",missing,no,HTTP 404,observed,305597,8bbc9b8f4dd498eb,False,False,930,sitemap_industry,http_error,2026-08-18T18:02:11Z
sitemap_industry,https://www.myoutdesk.com/lp/google-legal/,404,https://www.myoutdesk.com/lp/google-legal/,Page Not Found | MyOutDesk,Page not found,https://www.myoutdesk.com/404/,"noindex, nofollow",missing,no,HTTP 404,observed,305597,8bbc9b8f4dd498eb,False,False,930,sitemap_industry,http_error,2026-08-18T18:02:13Z
sitemap_industry,https://www.myoutdesk.com/lp/google-marketing-agency/,404,https://www.myoutdesk.com/lp/google-marketing-agency/,Page Not Found | MyOutDesk,Page not found,https://www.myoutdesk.com/404/,"noindex, nofollow",missing,no,HTTP 404,observed,305597,8bbc9b8f4dd498eb,False,False,930,sitemap_industry,http_error,2026-08-18T18:02:14Z
sitemap_industry,https://www.myoutdesk.com/lp/google-mortgage-virtual-assistants/,404,https://www.myoutdesk.com/lp/google-mortgage-virtual-assistants/,Page Not Found | MyOutDesk,Page not found,https://www.myoutdesk.com/404/,"noindex, nofollow",missing,no,HTTP 404,observed,305597,8bbc9b8f4dd498eb,False,False,930,sitemap_industry,http_error,2026-08-18T18:02:15Z
sitemap_industry,https://www.myoutdesk.com/lp/google-property-management/,404,https://www.myoutdesk.com/lp/google-property-management/,Page Not Found | MyOutDesk,Page not found,https://www.myoutdesk.com/404/,"noindex, nofollow",missing,no,HTTP 404,observed,305597,8bbc9b8f4dd498eb,False,False,930,sitemap_industry,http_error,2026-08-18T18:02:16Z
sitemap_industry,https://www.myoutdesk.com/lp/google-real-estate-virtual-assistants/,200,https://www.myoutdesk.com/lp/google-real-estate-virtual-assistants/,Real Estate Virtual Assistants | MyOutDesk,Hire Dedicated Real Estate Virtual Assistants.,https://www.myoutdesk.com/lp/google-real-estate-virtual-assistants/,"noindex, nofollow, noarchive",confirmed_paid_lp,yes,noindex; employer form; strategy-call CTA; self-canonical,observed,405887,62b89126b5d4798d,True,True,930,sitemap_industry,live,2026-08-18T18:02:18Z
sitemap_industry,https://www.myoutdesk.com/lp/google-tech-virtual-assistants/,404,https://www.myoutdesk.com/lp/google-tech-virtual-assistants/,Page Not Found | MyOutDesk,Page not found,https://www.myoutdesk.com/404/,"noindex, nofollow",missing,no,HTTP 404,observed,305597,8bbc9b8f4dd498eb,False,False,930,sitemap_industry,http_error,2026-08-18T18:02:19Z
sitemap_service,https://www.myoutdesk.com/lp/google-administrative-virtual-assistants/,404,https://www.myoutdesk.com/lp/google-administrative-virtual-assistants/,Page Not Found | MyOutDesk,Page not found,https://www.myoutdesk.com/404/,"noindex, nofollow",missing,no,HTTP 404,observed,305597,8bbc9b8f4dd498eb,False,False,920,sitemap_service,http_error,2026-08-18T18:02:21Z
sitemap_service,https://www.myoutdesk.com/lp/google-ai/,404,https://www.myoutdesk.com/lp/google-ai/,Page Not Found | MyOutDesk,Page not found,https://www.myoutdesk.com/404/,"noindex, nofollow",missing,no,HTTP 404,observed,305597,8bbc9b8f4dd498eb,False,False,920,sitemap_service,http_error,2026-08-18T18:02:22Z
sitemap_service,https://www.myoutdesk.com/lp/google-bookkeeping/,404,https://www.myoutdesk.com/lp/google-bookkeeping/,Page Not Found | MyOutDesk,Page not found,https://www.myoutdesk.com/404/,"noindex, nofollow",missing,no,HTTP 404,observed,305597,8bbc9b8f4dd498eb,False,False,920,sitemap_service,http_error,2026-08-18T18:02:23Z
sitemap_service,https://www.myoutdesk.com/lp/google-customer-service-virtual-assistant/,404,https://www.myoutdesk.com/lp/google-customer-service-virtual-assistant/,Page Not Found | MyOutDesk,Page not found,https://www.myoutdesk.com/404/,"noindex, nofollow",missing,no,HTTP 404,observed,305597,8bbc9b8f4dd498eb,False,False,920,sitemap_service,http_error,2026-08-18T18:02:24Z
sitemap_service,https://www.myoutdesk.com/lp/google-help-desk-outsourcing/,404,https://www.myoutdesk.com/lp/google-help-desk-outsourcing/,Page Not Found | MyOutDesk,Page not found,https://www.myoutdesk.com/404/,"noindex, nofollow",missing,no,HTTP 404,observed,305597,8bbc9b8f4dd498eb,False,False,920,sitemap_service,http_error,2026-08-18T18:02:26Z
sitemap_service,https://www.myoutdesk.com/lp/google-inside-sales-agent/,404,https://www.myoutdesk.com/lp/google-inside-sales-agent/,Page Not Found | MyOutDesk,Page not found,https://www.myoutdesk.com/404/,"noindex, nofollow",missing,no,HTTP 404,observed,305597,8bbc9b8f4dd498eb,False,False,920,sitemap_service,http_error,2026-08-18T18:02:27Z
sitemap_service,https://www.myoutdesk.com/lp/google-loan-processor-assistant/,404,https://www.myoutdesk.com/lp/google-loan-processor-assistant/,Page Not Found | MyOutDesk,Page not found,https://www.myoutdesk.com/404/,"noindex, nofollow",missing,no,HTTP 404,observed,305597,8bbc9b8f4dd498eb,False,False,920,sitemap_service,http_error,2026-08-18T18:02:28Z
sitemap_service,https://www.myoutdesk.com/lp/google-marketing-virtual-assistants/,404,https://www.myoutdesk.com/lp/google-marketing-virtual-assistants/,Page Not Found | MyOutDesk,Page not found,https://www.myoutdesk.com/404/,"noindex, nofollow",missing,no,HTTP 404,observed,305597,8bbc9b8f4dd498eb,False,False,920,sitemap_service,http_error,2026-08-18T18:02:30Z
sitemap_service,https://www.myoutdesk.com/lp/google-medical-billing-virtual-assistant/,404,https://www.myoutdesk.com/lp/google-medical-billing-virtual-assistant/,Page Not Found | MyOutDesk,Page not found,https://www.myoutdesk.com/404/,"noindex, nofollow",missing,no,HTTP 404,observed,305597,8bbc9b8f4dd498eb,False,False,920,sitemap_service,http_error,2026-08-18T18:02:31Z
sitemap_service,https://www.myoutdesk.com/lp/google-real-estate-isa/,404,https://www.myoutdesk.com/lp/google-real-estate-isa/,Page Not Found | MyOutDesk,Page not found,https://www.myoutdesk.com/404/,"noindex, nofollow",missing,no,HTTP 404,observed,305597,8bbc9b8f4dd498eb,False,False,920,sitemap_service,http_error,2026-08-18T18:02:32Z
sitemap_service,https://www.myoutdesk.com/lp/google-recruiting-assistant/,404,https://www.myoutdesk.com/lp/google-recruiting-assistant/,Page Not Found | MyOutDesk,Page not found,https://www.myoutdesk.com/404/,"noindex, nofollow",missing,no,HTTP 404,observed,305597,8bbc9b8f4dd498eb,False,False,920,sitemap_service,http_error,2026-08-18T18:02:34Z
sitemap_service,https://www.myoutdesk.com/lp/google-sales-development-representative/,404,https://www.myoutdesk.com/lp/google-sales-development-representative/,Page Not Found | MyOutDesk,Page not found,https://www.myoutdesk.com/404/,"noindex, nofollow",missing,no,HTTP 404,observed,305597,8bbc9b8f4dd498eb,False,False,920,sitemap_service,http_error,2026-08-18T18:02:35Z
sitemap_service,https://www.myoutdesk.com/lp/google-transaction-coordinator/,404,https://www.myoutdesk.com/lp/google-transaction-coordinator/,Page Not Found | MyOutDesk,Page not found,https://www.myoutdesk.com/404/,"noindex, nofollow",missing,no,HTTP 404,observed,305597,8bbc9b8f4dd498eb,False,False,920,sitemap_service,http_error,2026-08-18T18:02:36Z
sitemap_service,https://www.myoutdesk.com/lp/google-virtual-medical-receptionist/,404,https://www.myoutdesk.com/lp/google-virtual-medical-receptionist/,Page Not Found | MyOutDesk,Page not found,https://www.myoutdesk.com/404/,"noindex, nofollow",missing,no,HTTP 404,observed,305597,8bbc9b8f4dd498eb,False,False,920,sitemap_service,http_error,2026-08-18T18:02:37Z
sitemap_service,https://www.myoutdesk.com/lp/google-virtual-personal-assistant/,404,https://www.myoutdesk.com/lp/google-virtual-personal-assistant/,Page Not Found | MyOutDesk,Page not found,https://www.myoutdesk.com/404/,"noindex, nofollow",missing,no,HTTP 404,observed,305597,8bbc9b8f4dd498eb,False,False,920,sitemap_service,http_error,2026-08-18T18:02:39Z
sitemap_service,https://www.myoutdesk.com/lp/google-virtual-receptionist/,404,https://www.myoutdesk.com/lp/google-virtual-receptionist/,Page Not Found | MyOutDesk,Page not found,https://www.myoutdesk.com/404/,"noindex, nofollow",missing,no,HTTP 404,observed,305597,8bbc9b8f4dd498eb,False,False,920,sitemap_service,http_error,2026-08-18T18:02:40Z
offshore_outsourcing,https://www.myoutdesk.com/lp/google-virtual-assistants-outsourcing/,404,https://www.myoutdesk.com/lp/google-virtual-assistants-outsourcing/,Page Not Found | MyOutDesk,Page not found,https://www.myoutdesk.com/404/,"noindex, nofollow",missing,no,HTTP 404,observed,305597,8bbc9b8f4dd498eb,False,False,900,utm_campaign,http_error,2026-08-18T18:02:41Z
ph_va_geo,https://www.myoutdesk.com/lp/google-filipino-virtual-assistants/,404,https://www.myoutdesk.com/lp/google-filipino-virtual-assistants/,Page Not Found | MyOutDesk,Page not found,https://www.myoutdesk.com/404/,"noindex, nofollow",missing,no,HTTP 404,observed,305597,8bbc9b8f4dd498eb,False,False,890,seed_filipino,http_error,2026-08-18T18:02:43Z
staffing,https://www.myoutdesk.com/lp/google-remote-staffing-agency/,404,https://www.myoutdesk.com/lp/google-remote-staffing-agency/,Page Not Found | MyOutDesk,Page not found,https://www.myoutdesk.com/404/,"noindex, nofollow",missing,no,HTTP 404,observed,305597,8bbc9b8f4dd498eb,False,False,880,core_cluster,http_error,2026-08-18T18:02:44Z
agency_firm,https://www.myoutdesk.com/lp/google-virtual-assistant-agency/,404,https://www.myoutdesk.com/lp/google-virtual-assistant-agency/,Page Not Found | MyOutDesk,Page not found,https://www.myoutdesk.com/404/,"noindex, nofollow",missing,no,HTTP 404,observed,305597,8bbc9b8f4dd498eb,False,False,880,core_cluster,http_error,2026-08-18T18:02:45Z
ph_va_geo,https://www.myoutdesk.com/lp/google-virtual-assistants-philippines/,404,https://www.myoutdesk.com/lp/google-virtual-assistants-philippines/,Page Not Found | MyOutDesk,Page not found,https://www.myoutdesk.com/404/,"noindex, nofollow",missing,no,HTTP 404,observed,305597,8bbc9b8f4dd498eb,False,False,880,seed_word_order,http_error,2026-08-18T18:02:47Z
ph_va_geo,https://www.myoutdesk.com/lp/google-philippines-virtual-assistant/,404,https://www.myoutdesk.com/lp/google-philippines-virtual-assistant/,Page Not Found | MyOutDesk,Page not found,https://www.myoutdesk.com/404/,"noindex, nofollow",missing,no,HTTP 404,observed,305597,8bbc9b8f4dd498eb,False,False,870,seed_singular,http_error,2026-08-18T18:02:48Z
agency_firm,https://www.myoutdesk.com/lp/google-philippines-virtual-assistant-agency/,404,https://www.myoutdesk.com/lp/google-philippines-virtual-assistant-agency/,Page Not Found | MyOutDesk,Page not found,https://www.myoutdesk.com/404/,"noindex, nofollow",missing,no,HTTP 404,observed,305597,8bbc9b8f4dd498eb,False,False,870,core_cluster,http_error,2026-08-18T18:02:49Z
brand,https://www.myoutdesk.com/lp/google-brand/,404,https://www.myoutdesk.com/lp/google-brand/,Page Not Found | MyOutDesk,Page not found,https://www.myoutdesk.com/404/,"noindex, nofollow",missing,no,HTTP 404,observed,305597,8bbc9b8f4dd498eb,False,False,860,brand_grammar,http_error,2026-08-18T18:02:50Z
brand,https://www.myoutdesk.com/lp/google-brand-campaign/,404,https://www.myoutdesk.com/lp/google-brand-campaign/,Page Not Found | MyOutDesk,Page not found,https://www.myoutdesk.com/404/,"noindex, nofollow",missing,no,HTTP 404,observed,305597,8bbc9b8f4dd498eb,False,False,860,brand_grammar,http_error,2026-08-18T18:02:52Z
brand,https://www.myoutdesk.com/lp/google-brand-search/,404,https://www.myoutdesk.com/lp/google-brand-search/,Page Not Found | MyOutDesk,Page not found,https://www.myoutdesk.com/404/,"noindex, nofollow",missing,no,HTTP 404,observed,305597,8bbc9b8f4dd498eb,False,False,860,brand_grammar,http_error,2026-08-18T18:02:53Z
brand,https://www.myoutdesk.com/lp/google-brand-search-campaign/,200,https://www.myoutdesk.com/lp/google-brand-search-campaign/,Virtual Assistant Services | MyOutDesk,The Trusted Leader in Virtual Assistant Services .,https://www.myoutdesk.com/lp/google-brand-search-campaign/,"noindex, nofollow, noarchive",confirmed_paid_lp,yes,noindex; employer form; strategy-call CTA; self-canonical,observed,345717,c8ca6af0cb5ad67b,True,True,860,brand_grammar,live,2026-08-18T18:02:54Z
brand,https://www.myoutdesk.com/lp/google-brand-search-campaign-a/,404,https://www.myoutdesk.com/lp/google-brand-search-campaign-a/,Page Not Found | MyOutDesk,Page not found,https://www.myoutdesk.com/404/,"noindex, nofollow",missing,no,HTTP 404,observed,305597,8bbc9b8f4dd498eb,False,False,860,brand_grammar,http_error,2026-08-18T18:02:55Z
brand,https://www.myoutdesk.com/lp/google-brand-search-campaign-c/,404,https://www.myoutdesk.com/lp/google-brand-search-campaign-c/,Page Not Found | MyOutDesk,Page not found,https://www.myoutdesk.com/404/,"noindex, nofollow",missing,no,HTTP 404,observed,305597,8bbc9b8f4dd498eb,False,False,860,brand_grammar,http_error,2026-08-18T18:02:57Z
brand,https://www.myoutdesk.com/lp/google-branded-search/,404,https://www.myoutdesk.com/lp/google-branded-search/,Page Not Found | MyOutDesk,Page not found,https://www.myoutdesk.com/404/,"noindex, nofollow",missing,no,HTTP 404,observed,305597,8bbc9b8f4dd498eb,False,False,860,brand_grammar,http_error,2026-08-18T18:02:58Z
brand,https://www.myoutdesk.com/lp/google-myoutdesk/,404,https://www.myoutdesk.com/lp/google-myoutdesk/,Page Not Found | MyOutDesk,Page not found,https://www.myoutdesk.com/404/,"noindex, nofollow",missing,no,HTTP 404,observed,305597,8bbc9b8f4dd498eb,False,False,860,brand_grammar,http_error,2026-08-18T18:02:59Z
agency_firm,https://www.myoutdesk.com/lp/google-virtual-assistant-company/,404,https://www.myoutdesk.com/lp/google-virtual-assistant-company/,Page Not Found | MyOutDesk,Page not found,https://www.myoutdesk.com/404/,"noindex, nofollow",missing,no,HTTP 404,observed,305597,8bbc9b8f4dd498eb,False,False,860,core_cluster,http_error,2026-08-18T18:03:01Z
ph_va_geo,https://www.myoutdesk.com/lp/google-virtual-assistant-philippines/,404,https://www.myoutdesk.com/lp/google-virtual-assistant-philippines/,Page Not Found | MyOutDesk,Page not found,https://www.myoutdesk.com/404/,"noindex, nofollow",missing,no,HTTP 404,observed,305597,8bbc9b8f4dd498eb,False,False,860,service_first,http_error,2026-08-18T18:03:02Z
staffing,https://www.myoutdesk.com/lp/google-virtual-staffing-agency/,404,https://www.myoutdesk.com/lp/google-virtual-staffing-agency/,Page Not Found | MyOutDesk,Page not found,https://www.myoutdesk.com/404/,"noindex, nofollow",missing,no,HTTP 404,observed,305597,8bbc9b8f4dd498eb,False,False,860,core_cluster,http_error,2026-08-18T18:03:03Z
ph_va_geo,https://www.myoutdesk.com/lp/google-hire-virtual-assistant/,404,https://www.myoutdesk.com/lp/google-hire-virtual-assistant/,Page Not Found | MyOutDesk,Page not found,https://www.myoutdesk.com/404/,"noindex, nofollow",missing,no,HTTP 404,observed,305597,8bbc9b8f4dd498eb,False,False,850,hire,http_error,2026-08-18T18:03:05Z
staffing,https://www.myoutdesk.com/lp/google-philippines-staffing-agency/,404,https://www.myoutdesk.com/lp/google-philippines-staffing-agency/,Page Not Found | MyOutDesk,Page not found,https://www.myoutdesk.com/404/,"noindex, nofollow",missing,no,HTTP 404,observed,305597,8bbc9b8f4dd498eb,False,False,850,core_cluster,http_error,2026-08-18T18:03:06Z
agency_firm,https://www.myoutdesk.com/lp/google-virtual-assistant-firm/,404,https://www.myoutdesk.com/lp/google-virtual-assistant-firm/,Page Not Found | MyOutDesk,Page not found,https://www.myoutdesk.com/404/,"noindex, nofollow",missing,no,HTTP 404,observed,305597,8bbc9b8f4dd498eb,False,False,850,core_cluster,http_error,2026-08-18T18:03:07Z
ph_va_geo,https://www.myoutdesk.com/lp/google-hire-virtual-assistants/,404,https://www.myoutdesk.com/lp/google-hire-virtual-assistants/,Page Not Found | MyOutDesk,Page not found,https://www.myoutdesk.com/404/,"noindex, nofollow",missing,no,HTTP 404,observed,305597,8bbc9b8f4dd498eb,False,False,840,hire,http_error,2026-08-18T18:03:09Z
staffing,https://www.myoutdesk.com/lp/google-offshore-staffing-agency/,404,https://www.myoutdesk.com/lp/google-offshore-staffing-agency/,Page Not Found | MyOutDesk,Page not found,https://www.myoutdesk.com/404/,"noindex, nofollow",missing,no,HTTP 404,observed,305597,8bbc9b8f4dd498eb,False,False,840,core_cluster,http_error,2026-08-18T18:03:10Z
offshore_outsourcing,https://www.myoutdesk.com/lp/google-offshore-virtual-assistants/,404,https://www.myoutdesk.com/lp/google-offshore-virtual-assistants/,Page Not Found | MyOutDesk,Page not found,https://www.myoutdesk.com/404/,"noindex, nofollow",missing,no,HTTP 404,observed,305597,8bbc9b8f4dd498eb,False,False,840,offshore,http_error,2026-08-18T18:03:11Z
agency_firm,https://www.myoutdesk.com/lp/google-filipino-virtual-assistant-agency/,404,https://www.myoutdesk.com/lp/google-filipino-virtual-assistant-agency/,Page Not Found | MyOutDesk,Page not found,https://www.myoutdesk.com/404/,"noindex, nofollow",missing,no,HTTP 404,observed,305597,8bbc9b8f4dd498eb,False,False,830,core_cluster,http_error,2026-08-18T18:03:13Z
virtual_staff,https://www.myoutdesk.com/lp/google-virtual-staff-philippines/,404,https://www.myoutdesk.com/lp/google-virtual-staff-philippines/,Page Not Found | MyOutDesk,Page not found,https://www.myoutdesk.com/404/,"noindex, nofollow",missing,no,HTTP 404,observed,305597,8bbc9b8f4dd498eb,False,False,830,core_cluster,http_error,2026-08-18T18:03:14Z
virtual_staff,https://www.myoutdesk.com/lp/google-philippines-virtual-staff/,404,https://www.myoutdesk.com/lp/google-philippines-virtual-staff/,Page Not Found | MyOutDesk,Page not found,https://www.myoutdesk.com/404/,"noindex, nofollow",missing,no,HTTP 404,observed,305597,8bbc9b8f4dd498eb,False,False,820,core_cluster,http_error,2026-08-18T18:03:15Z
staffing,https://www.myoutdesk.com/lp/google-staffing-agency-philippines/,404,https://www.myoutdesk.com/lp/google-staffing-agency-philippines/,Page Not Found | MyOutDesk,Page not found,https://www.myoutdesk.com/404/,"noindex, nofollow",missing,no,HTTP 404,observed,305597,8bbc9b8f4dd498eb,False,False,820,core_cluster,http_error,2026-08-18T18:03:17Z
offshore_outsourcing,https://www.myoutdesk.com/lp/google-virtual-assistant-outsourcing/,404,https://www.myoutdesk.com/lp/google-virtual-assistant-outsourcing/,Page Not Found | MyOutDesk,Page not found,https://www.myoutdesk.com/404/,"noindex, nofollow",missing,no,HTTP 404,observed,305597,8bbc9b8f4dd498eb,False,False,820,utm_campaign,http_error,2026-08-18T18:03:18Z
offshore_outsourcing,https://www.myoutdesk.com/lp/google-outsourcing-virtual-assistants/,404,https://www.myoutdesk.com/lp/google-outsourcing-virtual-assistants/,Page Not Found | MyOutDesk,Page not found,https://www.myoutdesk.com/404/,"noindex, nofollow",missing,no,HTTP 404,observed,305597,8bbc9b8f4dd498eb,False,False,810,utm_campaign,http_error,2026-08-18T18:03:19Z
accountant,https://www.myoutdesk.com/lp/google-accountant-virtual-assistants/,404,https://www.myoutdesk.com/lp/google-accountant-virtual-assistants/,Page Not Found | MyOutDesk,Page not found,https://www.myoutdesk.com/404/,"noindex, nofollow",missing,no,HTTP 404,observed,305597,8bbc9b8f4dd498eb,False,False,800,stem_va_pl,http_error,2026-08-18T18:03:20Z
accounting,https://www.myoutdesk.com/lp/google-accounting-virtual-assistants/,404,https://www.myoutdesk.com/lp/google-accounting-virtual-assistants/,Page Not Found | MyOutDesk,Page not found,https://www.myoutdesk.com/404/,"noindex, nofollow",missing,no,HTTP 404,observed,305597,8bbc9b8f4dd498eb,False,False,800,stem_va_pl,http_error,2026-08-18T18:03:22Z
admin,https://www.myoutdesk.com/lp/google-admin-virtual-assistants/,404,https://www.myoutdesk.com/lp/google-admin-virtual-assistants/,Page Not Found | MyOutDesk,Page not found,https://www.myoutdesk.com/404/,"noindex, nofollow",missing,no,HTTP 404,observed,305597,8bbc9b8f4dd498eb,False,False,800,stem_va_pl,http_error,2026-08-18T18:03:23Z
appointment_setter,https://www.myoutdesk.com/lp/google-appointment-setter-virtual-assistants/,404,https://www.myoutdesk.com/lp/google-appointment-setter-virtual-assistants/,Page Not Found | MyOutDesk,Page not found,https://www.myoutdesk.com/404/,"noindex, nofollow",missing,no,HTTP 404,observed,305597,8bbc9b8f4dd498eb,False,False,800,stem_va_pl,http_error,2026-08-18T18:03:24Z
bookkeeper,https://www.myoutdesk.com/lp/google-bookkeeper-virtual-assistants/,404,https://www.myoutdesk.com/lp/google-bookkeeper-virtual-assistants/,Page Not Found | MyOutDesk,Page not found,https://www.myoutdesk.com/404/,"noindex, nofollow",missing,no,HTTP 404,observed,305597,8bbc9b8f4dd498eb,False,False,800,stem_va_pl,http_error,2026-08-18T18:03:26Z
bookkeeping,https://www.myoutdesk.com/lp/google-bookkeeping-virtual-assistants/,404,https://www.myoutdesk.com/lp/google-bookkeeping-virtual-assistants/,Page Not Found | MyOutDesk,Page not found,https://www.myoutdesk.com/404/,"noindex, nofollow",missing,no,HTTP 404,observed,305597,8bbc9b8f4dd498eb,False,False,800,stem_va_pl,http_error,2026-08-18T18:03:27Z
sitemap_service,https://www.myoutdesk.com/lp/google-customer-service-virtual-assistants/,404,https://www.myoutdesk.com/lp/google-customer-service-virtual-assistants/,Page Not Found | MyOutDesk,Page not found,https://www.myoutdesk.com/404/,"noindex, nofollow",missing,no,HTTP 404,observed,305597,8bbc9b8f4dd498eb,False,False,800,sitemap_plural,http_error,2026-08-18T18:03:28Z
customer_support,https://www.myoutdesk.com/lp/google-customer-support-virtual-assistants/,404,https://www.myoutdesk.com/lp/google-customer-support-virtual-assistants/,Page Not Found | MyOutDesk,Page not found,https://www.myoutdesk.com/404/,"noindex, nofollow",missing,no,HTTP 404,observed,305597,8bbc9b8f4dd498eb,False,False,800,stem_va_pl,http_error,2026-08-18T18:03:30Z
digital_marketing,https://www.myoutdesk.com/lp/google-digital-marketing-virtual-assistants/,404,https://www.myoutdesk.com/lp/google-digital-marketing-virtual-assistants/,Page Not Found | MyOutDesk,Page not found,https://www.myoutdesk.com/404/,"noindex, nofollow",missing,no,HTTP 404,observed,305597,8bbc9b8f4dd498eb,False,False,800,stem_va_pl,http_error,2026-08-18T18:03:31Z
executive_assistant,https://www.myoutdesk.com/lp/google-executive-assistant-virtual-assistants/,404,https://www.myoutdesk.com/lp/google-executive-assistant-virtual-assistants/,Page Not Found | MyOutDesk,Page not found,https://www.myoutdesk.com/404/,"noindex, nofollow",missing,no,HTTP 404,observed,305597,8bbc9b8f4dd498eb,False,False,800,stem_va_pl,http_error,2026-08-18T18:03:32Z
ph_va_geo,https://www.myoutdesk.com/lp/google-filipino-virtual-assistant/,404,https://www.myoutdesk.com/lp/google-filipino-virtual-assistant/,Page Not Found | MyOutDesk,Page not found,https://www.myoutdesk.com/404/,"noindex, nofollow",missing,no,HTTP 404,observed,305597,8bbc9b8f4dd498eb,False,False,800,seed_filipino_s,http_error,2026-08-18T18:03:33Z
virtual_staff,https://www.myoutdesk.com/lp/google-filipino-virtual-staff/,404,https://www.myoutdesk.com/lp/google-filipino-virtual-staff/,Page Not Found | MyOutDesk,Page not found,https://www.myoutdesk.com/404/,"noindex, nofollow",missing,no,HTTP 404,observed,305597,8bbc9b8f4dd498eb,False,False,800,core_cluster,http_error,2026-08-18T18:03:35Z
healthcare,https://www.myoutdesk.com/lp/google-healthcare-virtual-assistants/,404,https://www.myoutdesk.com/lp/google-healthcare-virtual-assistants/,Page Not Found | MyOutDesk,Page not found,https://www.myoutdesk.com/404/,"noindex, nofollow",missing,no,HTTP 404,observed,305597,8bbc9b8f4dd498eb,False,False,800,stem_va_pl,http_error,2026-08-18T18:03:36Z
human_resources,https://www.myoutdesk.com/lp/google-human-resources-virtual-assistants/,404,https://www.myoutdesk.com/lp/google-human-resources-virtual-assistants/,Page Not Found | MyOutDesk,Page not found,https://www.myoutdesk.com/404/,"noindex, nofollow",missing,no,HTTP 404,observed,305597,8bbc9b8f4dd498eb,False,False,800,stem_va_pl,http_error,2026-08-18T18:03:37Z
inside_sales,https://www.myoutdesk.com/lp/google-inside-sales-virtual-assistants/,404,https://www.myoutdesk.com/lp/google-inside-sales-virtual-assistants/,Page Not Found | MyOutDesk,Page not found,https://www.myoutdesk.com/404/,"noindex, nofollow",missing,no,HTTP 404,observed,305597,8bbc9b8f4dd498eb,False,False,800,stem_va_pl,http_error,2026-08-18T18:03:39Z
isa,https://www.myoutdesk.com/lp/google-isa-virtual-assistants/,404,https://www.myoutdesk.com/lp/google-isa-virtual-assistants/,Page Not Found | MyOutDesk,Page not found,https://www.myoutdesk.com/404/,"noindex, nofollow",missing,no,HTTP 404,observed,305597,8bbc9b8f4dd498eb,False,False,800,stem_va_pl,http_error,2026-08-18T18:03:40Z
legal,https://www.myoutdesk.com/lp/google-legal-virtual-assistants/,404,https://www.myoutdesk.com/lp/google-legal-virtual-assistants/,Page Not Found | MyOutDesk,Page not found,https://www.myoutdesk.com/404/,"noindex, nofollow",missing,no,HTTP 404,observed,305597,8bbc9b8f4dd498eb,False,False,800,stem_va_pl,http_error,2026-08-18T18:03:41Z
agency_firm,https://www.myoutdesk.com/lp/google-philippines-va-agency/,404,https://www.myoutdesk.com/lp/google-philippines-va-agency/,Page Not Found | MyOutDesk,Page not found,https://www.myoutdesk.com/404/,"noindex, nofollow",missing,no,HTTP 404,observed,305597,8bbc9b8f4dd498eb,False,False,800,core_cluster,http_error,2026-08-18T18:03:42Z
property_management,https://www.myoutdesk.com/lp/google-property-management-virtual-assistants/,404,https://www.myoutdesk.com/lp/google-property-management-virtual-assistants/,Page Not Found | MyOutDesk,Page not found,https://www.myoutdesk.com/404/,"noindex, nofollow",missing,no,HTTP 404,observed,305597,8bbc9b8f4dd498eb,False,False,800,stem_va_pl,http_error,2026-08-18T18:03:44Z
recruiting,https://www.myoutdesk.com/lp/google-recruiting-virtual-assistants/,404,https://www.myoutdesk.com/lp/google-recruiting-virtual-assistants/,Page Not Found | MyOutDesk,Page not found,https://www.myoutdesk.com/404/,"noindex, nofollow",missing,no,HTTP 404,observed,305597,8bbc9b8f4dd498eb,False,False,800,stem_va_pl,http_error,2026-08-18T18:03:45Z
recruitment,https://www.myoutdesk.com/lp/google-recruitment-virtual-assistants/,404,https://www.myoutdesk.com/lp/google-recruitment-virtual-assistants/,Page Not Found | MyOutDesk,Page not found,https://www.myoutdesk.com/404/,"noindex, nofollow",missing,no,HTTP 404,observed,305597,8bbc9b8f4dd498eb,False,False,800,stem_va_pl,http_error,2026-08-18T18:03:46Z
sales,https://www.myoutdesk.com/lp/google-sales-virtual-assistants/,404,https://www.myoutdesk.com/lp/google-sales-virtual-assistants/,Page Not Found | MyOutDesk,Page not found,https://www.myoutdesk.com/404/,"noindex, nofollow",missing,no,HTTP 404,observed,305597,8bbc9b8f4dd498eb,False,False,800,stem_va_pl,http_error,2026-08-18T18:03:48Z
sdr,https://www.myoutdesk.com/lp/google-sdr-virtual-assistants/,404,https://www.myoutdesk.com/lp/google-sdr-virtual-assistants/,Page Not Found | MyOutDesk,Page not found,https://www.myoutdesk.com/404/,"noindex, nofollow",missing,no,HTTP 404,observed,305597,8bbc9b8f4dd498eb,False,False,800,stem_va_pl,http_error,2026-08-18T18:03:49Z
social_media,https://www.myoutdesk.com/lp/google-social-media-virtual-assistants/,404,https://www.myoutdesk.com/lp/google-social-media-virtual-assistants/,Page Not Found | MyOutDesk,Page not found,https://www.myoutdesk.com/404/,"noindex, nofollow",missing,no,HTTP 404,observed,305597,8bbc9b8f4dd498eb,False,False,800,stem_va_pl,http_error,2026-08-18T18:03:50Z
staffing,https://www.myoutdesk.com/lp/google-staffing-virtual-assistants/,404,https://www.myoutdesk.com/lp/google-staffing-virtual-assistants/,Page Not Found | MyOutDesk,Page not found,https://www.myoutdesk.com/404/,"noindex, nofollow",missing,no,HTTP 404,observed,305597,8bbc9b8f4dd498eb,False,False,800,stem_va_pl,http_error,2026-08-18T18:03:51Z
transaction_coordinator,https://www.myoutdesk.com/lp/google-transaction-coordinator-virtual-assistants/,404,https://www.myoutdesk.com/lp/google-transaction-coordinator-virtual-assistants/,Page Not Found | MyOutDesk,Page not found,https://www.myoutdesk.com/404/,"noindex, nofollow",missing,no,HTTP 404,observed,305597,8bbc9b8f4dd498eb,False,False,800,stem_va_pl,http_error,2026-08-18T18:03:53Z
virtual_receptionist,https://www.myoutdesk.com/lp/google-virtual-receptionist-virtual-assistants/,404,https://www.myoutdesk.com/lp/google-virtual-receptionist-virtual-assistants/,Page Not Found | MyOutDesk,Page not found,https://www.myoutdesk.com/404/,"noindex, nofollow",missing,no,HTTP 404,observed,305597,8bbc9b8f4dd498eb,False,False,800,stem_va_pl,http_error,2026-08-18T18:03:54Z
sitemap_industry,https://www.myoutdesk.com/lp/google-assistants-virtual-estate-real/,404,https://www.myoutdesk.com/lp/google-assistants-virtual-estate-real/,Page Not Found | MyOutDesk,Page not found,https://www.myoutdesk.com/404/,"noindex, nofollow",missing,no,HTTP 404,observed,305597,8bbc9b8f4dd498eb,False,False,780,learned_reverse,http_error,2026-08-18T18:03:55Z
ph_va_geo,https://www.myoutdesk.com/lp/google-assistants-virtual-philippines/,404,https://www.myoutdesk.com/lp/google-assistants-virtual-philippines/,Page Not Found | MyOutDesk,Page not found,https://www.myoutdesk.com/404/,"noindex, nofollow",missing,no,HTTP 404,observed,305597,8bbc9b8f4dd498eb,False,False,780,learned_reverse,http_error,2026-08-18T18:03:57Z
brand,https://www.myoutdesk.com/lp/google-b-campaign-search-brand/,404,https://www.myoutdesk.com/lp/google-b-campaign-search-brand/,Page Not Found | MyOutDesk,Page not found,https://www.myoutdesk.com/404/,"noindex, nofollow",missing,no,HTTP 404,observed,305597,8bbc9b8f4dd498eb,False,False,780,learned_reverse,http_error,2026-08-18T18:03:58Z
brand,https://www.myoutdesk.com/lp/google-campaign-search-brand/,404,https://www.myoutdesk.com/lp/google-campaign-search-brand/,Page Not Found | MyOutDesk,Page not found,https://www.myoutdesk.com/404/,"noindex, nofollow",missing,no,HTTP 404,observed,305597,8bbc9b8f4dd498eb,False,False,780,learned_reverse,http_error,2026-08-18T18:03:59Z
virtual_staff,https://www.myoutdesk.com/lp/google-hire-virtual-staff/,404,https://www.myoutdesk.com/lp/google-hire-virtual-staff/,Page Not Found | MyOutDesk,Page not found,https://www.myoutdesk.com/404/,"noindex, nofollow",missing,no,HTTP 404,observed,305597,8bbc9b8f4dd498eb,False,False,780,core_cluster,http_error,2026-08-18T18:04:01Z
ph_va_geo,https://www.myoutdesk.com/lp/google-virtual-assistants/,200,https://www.myoutdesk.com/lp/google-virtual-assistants/,Virtual Assistants | MyOutDesk,"Award Winning Virtual Assistant Services. Buy back your time, cut overhead up to 70%, and scale without hiring drag.",https://www.myoutdesk.com/lp/google-virtual-assistants/,"noindex, nofollow, noarchive",confirmed_paid_lp,yes,noindex; employer form; strategy-call CTA; self-canonical,observed,346012,49e64a8cd8b2900e,True,True,780,generic,live,2026-08-18T18:04:02Z
sitemap_industry,https://www.myoutdesk.com/lp/google-real-estate-virtual-assistant/,404,https://www.myoutdesk.com/lp/google-real-estate-virtual-assistant/,Page Not Found | MyOutDesk,Page not found,https://www.myoutdesk.com/404/,"noindex, nofollow",missing,no,HTTP 404,observed,305597,8bbc9b8f4dd498eb,False,False,770,learned_singular,http_error,2026-08-18T18:04:04Z
accountant,https://www.myoutdesk.com/lp/google-accountant-virtual-assistant/,404,https://www.myoutdesk.com/lp/google-accountant-virtual-assistant/,Page Not Found | MyOutDesk,Page not found,https://www.myoutdesk.com/404/,"noindex, nofollow",missing,no,HTTP 404,observed,305597,8bbc9b8f4dd498eb,False,False,760,stem_va,http_error,2026-08-18T18:04:05Z
accounting,https://www.myoutdesk.com/lp/google-accounting-virtual-assistant/,404,https://www.myoutdesk.com/lp/google-accounting-virtual-assistant/,Page Not Found | MyOutDesk,Page not found,https://www.myoutdesk.com/404/,"noindex, nofollow",missing,no,HTTP 404,observed,305597,8bbc9b8f4dd498eb,False,False,760,stem_va,http_error,2026-08-18T18:04:06Z
admin,https://www.myoutdesk.com/lp/google-admin-virtual-assistant/,404,https://www.myoutdesk.com/lp/google-admin-virtual-assistant/,Page Not Found | MyOutDesk,Page not found,https://www.myoutdesk.com/404/,"noindex, nofollow",missing,no,HTTP 404,observed,305597,8bbc9b8f4dd498eb,False,False,760,stem_va,http_error,2026-08-18T18:04:08Z
sitemap_service,https://www.myoutdesk.com/lp/google-administrative-virtual-assistant/,404,https://www.myoutdesk.com/lp/google-administrative-virtual-assistant/,Page Not Found | MyOutDesk,Page not found,https://www.myoutdesk.com/404/,"noindex, nofollow",missing,no,HTTP 404,observed,305597,8bbc9b8f4dd498eb,False,False,760,sitemap_plural,http_error,2026-08-18T18:04:09Z
appointment_setter,https://www.myoutdesk.com/lp/google-appointment-setter-virtual-assistant/,404,https://www.myoutdesk.com/lp/google-appointment-setter-virtual-assistant/,Page Not Found | MyOutDesk,Page not found,https://www.myoutdesk.com/404/,"noindex, nofollow",missing,no,HTTP 404,observed,305597,8bbc9b8f4dd498eb,False,False,760,stem_va,http_error,2026-08-18T18:04:10Z
bookkeeper,https://www.myoutdesk.com/lp/google-bookkeeper-virtual-assistant/,404,https://www.myoutdesk.com/lp/google-bookkeeper-virtual-assistant/,Page Not Found | MyOutDesk,Page not found,https://www.myoutdesk.com/404/,"noindex, nofollow",missing,no,HTTP 404,observed,305597,8bbc9b8f4dd498eb,False,False,760,stem_va,http_error,2026-08-18T18:04:11Z
bookkeeping,https://www.myoutdesk.com/lp/google-bookkeeping-virtual-assistant/,404,https://www.myoutdesk.com/lp/google-bookkeeping-virtual-assistant/,Page Not Found | MyOutDesk,Page not found,https://www.myoutdesk.com/404/,"noindex, nofollow",missing,no,HTTP 404,observed,305597,8bbc9b8f4dd498eb,False,False,760,stem_va,http_error,2026-08-18T18:04:13Z
customer_support,https://www.myoutdesk.com/lp/google-customer-support-virtual-assistant/,404,https://www.myoutdesk.com/lp/google-customer-support-virtual-assistant/,Page Not Found | MyOutDesk,Page not found,https://www.myoutdesk.com/404/,"noindex, nofollow",missing,no,HTTP 404,observed,305597,8bbc9b8f4dd498eb,False,False,760,stem_va,http_error,2026-08-18T18:04:14Z
digital_marketing,https://www.myoutdesk.com/lp/google-digital-marketing-virtual-assistant/,404,https://www.myoutdesk.com/lp/google-digital-marketing-virtual-assistant/,Page Not Found | MyOutDesk,Page not found,https://www.myoutdesk.com/404/,"noindex, nofollow",missing,no,HTTP 404,observed,305597,8bbc9b8f4dd498eb,False,False,760,stem_va,http_error,2026-08-18T18:04:16Z
ecommerce,https://www.myoutdesk.com/lp/google-ecommerce-virtual-assistant/,404,https://www.myoutdesk.com/lp/google-ecommerce-virtual-assistant/,Page Not Found | MyOutDesk,Page not found,https://www.myoutdesk.com/404/,"noindex, nofollow",missing,no,HTTP 404,observed,305597,8bbc9b8f4dd498eb,False,False,760,stem_va,http_error,2026-08-18T18:04:17Z
executive_assistant,https://www.myoutdesk.com/lp/google-executive-assistant-virtual-assistant/,404,https://www.myoutdesk.com/lp/google-executive-assistant-virtual-assistant/,Page Not Found | MyOutDesk,Page not found,https://www.myoutdesk.com/404/,"noindex, nofollow",missing,no,HTTP 404,observed,305597,8bbc9b8f4dd498eb,False,False,760,stem_va,http_error,2026-08-18T18:04:18Z
healthcare,https://www.myoutdesk.com/lp/google-healthcare-virtual-assistant/,404,https://www.myoutdesk.com/lp/google-healthcare-virtual-assistant/,Page Not Found | MyOutDesk,Page not found,https://www.myoutdesk.com/404/,"noindex, nofollow",missing,no,HTTP 404,observed,305597,8bbc9b8f4dd498eb,False,False,760,stem_va,http_error,2026-08-18T18:04:20Z
hr,https://www.myoutdesk.com/lp/google-hr-virtual-assistant/,404,https://www.myoutdesk.com/lp/google-hr-virtual-assistant/,Page Not Found | MyOutDesk,Page not found,https://www.myoutdesk.com/404/,"noindex, nofollow",missing,no,HTTP 404,observed,305597,8bbc9b8f4dd498eb,False,False,760,stem_va,http_error,2026-08-18T18:04:21Z
human_resources,https://www.myoutdesk.com/lp/google-human-resources-virtual-assistant/,404,https://www.myoutdesk.com/lp/google-human-resources-virtual-assistant/,Page Not Found | MyOutDesk,Page not found,https://www.myoutdesk.com/404/,"noindex, nofollow",missing,no,HTTP 404,observed,305597,8bbc9b8f4dd498eb,False,False,760,stem_va,http_error,2026-08-18T18:04:22Z
inside_sales,https://www.myoutdesk.com/lp/google-inside-sales-virtual-assistant/,404,https://www.myoutdesk.com/lp/google-inside-sales-virtual-assistant/,Page Not Found | MyOutDesk,Page not found,https://www.myoutdesk.com/404/,"noindex, nofollow",missing,no,HTTP 404,observed,305597,8bbc9b8f4dd498eb,False,False,760,stem_va,http_error,2026-08-18T18:04:24Z
insurance,https://www.myoutdesk.com/lp/google-insurance-virtual-assistant/,404,https://www.myoutdesk.com/lp/google-insurance-virtual-assistant/,Page Not Found | MyOutDesk,Page not found,https://www.myoutdesk.com/404/,"noindex, nofollow",missing,no,HTTP 404,observed,305597,8bbc9b8f4dd498eb,False,False,760,stem_va,http_error,2026-08-18T18:04:25Z
isa,https://www.myoutdesk.com/lp/google-isa-virtual-assistant/,404,https://www.myoutdesk.com/lp/google-isa-virtual-assistant/,Page Not Found | MyOutDesk,Page not found,https://www.myoutdesk.com/404/,"noindex, nofollow",missing,no,HTTP 404,observed,305597,8bbc9b8f4dd498eb,False,False,760,stem_va,http_error,2026-08-18T18:04:26Z
legal,https://www.myoutdesk.com/lp/google-legal-virtual-assistant/,404,https://www.myoutdesk.com/lp/google-legal-virtual-assistant/,Page Not Found | MyOutDesk,Page not found,https://www.myoutdesk.com/404/,"noindex, nofollow",missing,no,HTTP 404,observed,305597,8bbc9b8f4dd498eb,False,False,760,stem_va,http_error,2026-08-18T18:04:28Z
sitemap_service,https://www.myoutdesk.com/lp/google-marketing-virtual-assistant/,404,https://www.myoutdesk.com/lp/google-marketing-virtual-assistant/,Page Not Found | MyOutDesk,Page not found,https://www.myoutdesk.com/404/,"noindex, nofollow",missing,no,HTTP 404,observed,305597,8bbc9b8f4dd498eb,False,False,760,sitemap_plural,http_error,2026-08-18T18:04:29Z
mortgage,https://www.myoutdesk.com/lp/google-mortgage-virtual-assistant/,404,https://www.myoutdesk.com/lp/google-mortgage-virtual-assistant/,Page Not Found | MyOutDesk,Page not found,https://www.myoutdesk.com/404/,"noindex, nofollow",missing,no,HTTP 404,observed,305597,8bbc9b8f4dd498eb,False,False,760,stem_va,http_error,2026-08-18T18:04:30Z
offshore_outsourcing,https://www.myoutdesk.com/lp/google-offshore-virtual-assistant/,404,https://www.myoutdesk.com/lp/google-offshore-virtual-assistant/,Page Not Found | MyOutDesk,Page not found,https://www.myoutdesk.com/404/,"noindex, nofollow",missing,no,HTTP 404,observed,305597,8bbc9b8f4dd498eb,False,False,760,offshore,http_error,2026-08-18T18:04:31Z
brand,https://www.myoutdesk.com/lp/google-philippines-brand-search-campaign/,404,https://www.myoutdesk.com/lp/google-philippines-brand-search-campaign/,Page Not Found | MyOutDesk,Page not found,https://www.myoutdesk.com/404/,"noindex, nofollow",missing,no,HTTP 404,observed,305597,8bbc9b8f4dd498eb,False,False,760,learned_ph,http_error,2026-08-18T18:04:33Z
brand,https://www.myoutdesk.com/lp/google-philippines-brand-search-campaign-b/,404,https://www.myoutdesk.com/lp/google-philippines-brand-search-campaign-b/,Page Not Found | MyOutDesk,Page not found,https://www.myoutdesk.com/404/,"noindex, nofollow",missing,no,HTTP 404,observed,305597,8bbc9b8f4dd498eb,False,False,760,learned_ph,http_error,2026-08-18T18:04:34Z
sitemap_industry,https://www.myoutdesk.com/lp/google-philippines-real-estate-virtual-assistants/,404,https://www.myoutdesk.com/lp/google-philippines-real-estate-virtual-assistants/,Page Not Found | MyOutDesk,Page not found,https://www.myoutdesk.com/404/,"noindex, nofollow",missing,no,HTTP 404,observed,305597,8bbc9b8f4dd498eb,False,False,760,learned_ph,http_error,2026-08-18T18:04:35Z
property_management,https://www.myoutdesk.com/lp/google-property-management-virtual-assistant/,404,https://www.myoutdesk.com/lp/google-property-management-virtual-assistant/,Page Not Found | MyOutDesk,Page not found,https://www.myoutdesk.com/404/,"noindex, nofollow",missing,no,HTTP 404,observed,305597,8bbc9b8f4dd498eb,False,False,760,stem_va,http_error,2026-08-18T18:04:37Z
recruiting,https://www.myoutdesk.com/lp/google-recruiting-virtual-assistant/,404,https://www.myoutdesk.com/lp/google-recruiting-virtual-assistant/,Page Not Found | MyOutDesk,Page not found,https://www.myoutdesk.com/404/,"noindex, nofollow",missing,no,HTTP 404,observed,305597,8bbc9b8f4dd498eb,False,False,760,stem_va,http_error,2026-08-18T18:04:38Z
recruitment,https://www.myoutdesk.com/lp/google-recruitment-virtual-assistant/,404,https://www.myoutdesk.com/lp/google-recruitment-virtual-assistant/,Page Not Found | MyOutDesk,Page not found,https://www.myoutdesk.com/404/,"noindex, nofollow",missing,no,HTTP 404,observed,305597,8bbc9b8f4dd498eb,False,False,760,stem_va,http_error,2026-08-18T18:04:40Z
sales,https://www.myoutdesk.com/lp/google-sales-virtual-assistant/,404,https://www.myoutdesk.com/lp/google-sales-virtual-assistant/,Page Not Found | MyOutDesk,Page not found,https://www.myoutdesk.com/404/,"noindex, nofollow",missing,no,HTTP 404,observed,305597,8bbc9b8f4dd498eb,False,False,760,stem_va,http_error,2026-08-18T18:04:41Z
sdr,https://www.myoutdesk.com/lp/google-sdr-virtual-assistant/,404,https://www.myoutdesk.com/lp/google-sdr-virtual-assistant/,Page Not Found | MyOutDesk,Page not found,https://www.myoutdesk.com/404/,"noindex, nofollow",missing,no,HTTP 404,observed,305597,8bbc9b8f4dd498eb,False,False,760,stem_va,http_error,2026-08-18T18:04:42Z
social_media,https://www.myoutdesk.com/lp/google-social-media-virtual-assistant/,404,https://www.myoutdesk.com/lp/google-social-media-virtual-assistant/,Page Not Found | MyOutDesk,Page not found,https://www.myoutdesk.com/404/,"noindex, nofollow",missing,no,HTTP 404,observed,305597,8bbc9b8f4dd498eb,False,False,760,stem_va,http_error,2026-08-18T18:04:44Z
staffing,https://www.myoutdesk.com/lp/google-staffing-virtual-assistant/,404,https://www.myoutdesk.com/lp/google-staffing-virtual-assistant/,Page Not Found | MyOutDesk,Page not found,https://www.myoutdesk.com/404/,"noindex, nofollow",missing,no,HTTP 404,observed,305597,8bbc9b8f4dd498eb,False,False,760,stem_va,http_error,2026-08-18T18:04:45Z
tech,https://www.myoutdesk.com/lp/google-tech-virtual-assistant/,404,https://www.myoutdesk.com/lp/google-tech-virtual-assistant/,Page Not Found | MyOutDesk,Page not found,https://www.myoutdesk.com/404/,"noindex, nofollow",missing,no,HTTP 404,observed,305597,8bbc9b8f4dd498eb,False,False,760,stem_va,http_error,2026-08-18T18:04:46Z
transaction_coordinator,https://www.myoutdesk.com/lp/google-transaction-coordinator-virtual-assistant/,404,https://www.myoutdesk.com/lp/google-transaction-coordinator-virtual-assistant/,Page Not Found | MyOutDesk,Page not found,https://www.myoutdesk.com/404/,"noindex, nofollow",missing,no,HTTP 404,observed,305597,8bbc9b8f4dd498eb,False,False,760,stem_va,http_error,2026-08-18T18:04:48Z
ph_va_geo,https://www.myoutdesk.com/lp/google-virtual-assistant/,404,https://www.myoutdesk.com/lp/google-virtual-assistant/,Page Not Found | MyOutDesk,Page not found,https://www.myoutdesk.com/404/,"noindex, nofollow",missing,no,HTTP 404,observed,305597,8bbc9b8f4dd498eb,False,False,760,generic,http_error,2026-08-18T18:04:49Z
agency_firm,https://www.myoutdesk.com/lp/google-virtual-assistant-agencies/,404,https://www.myoutdesk.com/lp/google-virtual-assistant-agencies/,Page Not Found | MyOutDesk,Page not found,https://www.myoutdesk.com/404/,"noindex, nofollow",missing,no,HTTP 404,observed,305597,8bbc9b8f4dd498eb,False,False,760,core_cluster,http_error,2026-08-18T18:04:50Z
virtual_receptionist,https://www.myoutdesk.com/lp/google-virtual-receptionist-virtual-assistant/,404,https://www.myoutdesk.com/lp/google-virtual-receptionist-virtual-assistant/,Page Not Found | MyOutDesk,Page not found,https://www.myoutdesk.com/404/,"noindex, nofollow",missing,no,HTTP 404,observed,305597,8bbc9b8f4dd498eb,False,False,760,stem_va,http_error,2026-08-18T18:04:52Z
virtual_staff,https://www.myoutdesk.com/lp/google-virtual-staffing/,404,https://www.myoutdesk.com/lp/google-virtual-staffing/,Page Not Found | MyOutDesk,Page not found,https://www.myoutdesk.com/404/,"noindex, nofollow",missing,no,HTTP 404,observed,305597,8bbc9b8f4dd498eb,False,False,760,core_cluster,http_error,2026-08-18T18:04:53Z
Accounting_Hire_PH,https://www.myoutdesk.com/lp/google-accountant-philippine/,404,https://www.myoutdesk.com/lp/google-accountant-philippine/,Page Not Found | MyOutDesk,Page not found,https://www.myoutdesk.com/404/,"noindex, nofollow",missing,no,HTTP 404,observed,305597,8bbc9b8f4dd498eb,False,False,750,vc_kw,http_error,2026-08-18T18:04:54Z
accountant,https://www.myoutdesk.com/lp/google-accountant-philippines/,404,https://www.myoutdesk.com/lp/google-accountant-philippines/,Page Not Found | MyOutDesk,Page not found,https://www.myoutdesk.com/404/,"noindex, nofollow",missing,no,HTTP 404,observed,305597,8bbc9b8f4dd498eb,False,False,750,stem_ph,http_error,2026-08-18T18:04:56Z
Accounting_Hire_PH,https://www.myoutdesk.com/lp/google-accounting-assistant-virtual/,404,https://www.myoutdesk.com/lp/google-accounting-assistant-virtual/,Page Not Found | MyOutDesk,Page not found,https://www.myoutdesk.com/404/,"noindex, nofollow",missing,no,HTTP 404,observed,305597,8bbc9b8f4dd498eb,False,False,750,vc_kw,http_error,2026-08-18T18:04:57Z
accounting,https://www.myoutdesk.com/lp/google-accounting-philippines/,404,https://www.myoutdesk.com/lp/google-accounting-philippines/,Page Not Found | MyOutDesk,Page not found,https://www.myoutdesk.com/404/,"noindex, nofollow",missing,no,HTTP 404,observed,305597,8bbc9b8f4dd498eb,False,False,750,stem_ph,http_error,2026-08-18T18:04:58Z
Accounting_Outsource_PH,https://www.myoutdesk.com/lp/google-accounting-philippines-outsource/,404,https://www.myoutdesk.com/lp/google-accounting-philippines-outsource/,Page Not Found | MyOutDesk,Page not found,https://www.myoutdesk.com/404/,"noindex, nofollow",missing,no,HTTP 404,observed,305597,8bbc9b8f4dd498eb,False,False,750,vc_kw,http_error,2026-08-18T18:05:00Z
Administration_EA_PH,https://www.myoutdesk.com/lp/google-administrative-assistant-virtual/,404,https://www.myoutdesk.com/lp/google-administrative-assistant-virtual/,Page Not Found | MyOutDesk,Page not found,https://www.myoutdesk.com/404/,"noindex, nofollow",missing,no,HTTP 404,observed,305597,8bbc9b8f4dd498eb,False,False,750,vc_kw,http_error,2026-08-18T18:05:01Z
VA_Agency_Firm_PH,https://www.myoutdesk.com/lp/google-agency-assistant-virtual/,404,https://www.myoutdesk.com/lp/google-agency-assistant-virtual/,Page Not Found | MyOutDesk,Page not found,https://www.myoutdesk.com/404/,"noindex, nofollow",missing,no,HTTP 404,observed,305597,8bbc9b8f4dd498eb,False,False,750,vc_kw,http_error,2026-08-18T18:05:02Z
Staffing_Agency_PH,https://www.myoutdesk.com/lp/google-agency-staffing-offshore/,404,https://www.myoutdesk.com/lp/google-agency-staffing-offshore/,Page Not Found | MyOutDesk,Page not found,https://www.myoutdesk.com/404/,"noindex, nofollow",missing,no,HTTP 404,observed,305597,8bbc9b8f4dd498eb,False,False,750,vc_kw,http_error,2026-08-18T18:05:04Z
Agency_PH,https://www.myoutdesk.com/lp/google-agency-staffing-philippines/,404,https://www.myoutdesk.com/lp/google-agency-staffing-philippines/,Page Not Found | MyOutDesk,Page not found,https://www.myoutdesk.com/404/,"noindex, nofollow",missing,no,HTTP 404,observed,305597,8bbc9b8f4dd498eb,False,False,750,vc_kw,http_error,2026-08-18T18:05:05Z
Agency_PH,https://www.myoutdesk.com/lp/google-agency-staffing-remote/,404,https://www.myoutdesk.com/lp/google-agency-staffing-remote/,Page Not Found | MyOutDesk,Page not found,https://www.myoutdesk.com/404/,"noindex, nofollow",missing,no,HTTP 404,observed,305597,8bbc9b8f4dd498eb,False,False,750,vc_kw,http_error,2026-08-18T18:05:07Z
Staffing_Agency_PH,https://www.myoutdesk.com/lp/google-agency-staffing-virtual/,404,https://www.myoutdesk.com/lp/google-agency-staffing-virtual/,Page Not Found | MyOutDesk,Page not found,https://www.myoutdesk.com/404/,"noindex, nofollow",missing,no,HTTP 404,observed,305597,8bbc9b8f4dd498eb,False,False,750,vc_kw,http_error,2026-08-18T18:05:08Z
Offshore_VA_PH,https://www.myoutdesk.com/lp/google-agency-va-philippines/,404,https://www.myoutdesk.com/lp/google-agency-va-philippines/,Page Not Found | MyOutDesk,Page not found,https://www.myoutdesk.com/404/,"noindex, nofollow",missing,no,HTTP 404,observed,305597,8bbc9b8f4dd498eb,False,False,750,vc_kw,http_error,2026-08-18T18:05:09Z
appointment_sales,https://www.myoutdesk.com/lp/google-agent-sales-inside/,404,https://www.myoutdesk.com/lp/google-agent-sales-inside/,Page Not Found | MyOutDesk,Page not found,https://www.myoutdesk.com/404/,"noindex, nofollow",missing,no,HTTP 404,observed,305597,8bbc9b8f4dd498eb,False,False,750,cluster_phrase,http_error,2026-08-18T18:05:10Z
Appointment_Setter_Hire_PH,https://www.myoutdesk.com/lp/google-appointment-setter-virtual/,404,https://www.myoutdesk.com/lp/google-appointment-setter-virtual/,Page Not Found | MyOutDesk,Page not found,https://www.myoutdesk.com/404/,"noindex, nofollow",missing,no,HTTP 404,observed,305597,8bbc9b8f4dd498eb,False,False,750,vc_kw,http_error,2026-08-18T18:05:12Z
Accounting_Hire_PH,https://www.myoutdesk.com/lp/google-assistant-accounting-virtual/,404,https://www.myoutdesk.com/lp/google-assistant-accounting-virtual/,Page Not Found | MyOutDesk,Page not found,https://www.myoutdesk.com/404/,"noindex, nofollow",missing,no,HTTP 404,observed,305597,8bbc9b8f4dd498eb,False,False,750,vc_kw,http_error,2026-08-18T18:05:13Z
Administration_EA_PH,https://www.myoutdesk.com/lp/google-assistant-administrative-virtual/,404,https://www.myoutdesk.com/lp/google-assistant-administrative-virtual/,Page Not Found | MyOutDesk,Page not found,https://www.myoutdesk.com/404/,"noindex, nofollow",missing,no,HTTP 404,observed,305597,8bbc9b8f4dd498eb,False,False,750,vc_kw,http_error,2026-08-18T18:05:14Z
VA_Agency_Firm_PH,https://www.myoutdesk.com/lp/google-assistant-agency-virtual/,404,https://www.myoutdesk.com/lp/google-assistant-agency-virtual/,Page Not Found | MyOutDesk,Page not found,https://www.myoutdesk.com/404/,"noindex, nofollow",missing,no,HTTP 404,observed,305597,8bbc9b8f4dd498eb,False,False,750,vc_kw,http_error,2026-08-18T18:05:16Z
Bookkeeping_Hire_PH,https://www.myoutdesk.com/lp/google-assistant-bookkeeping-virtual/,404,https://www.myoutdesk.com/lp/google-assistant-bookkeeping-virtual/,Page Not Found | MyOutDesk,Page not found,https://www.myoutdesk.com/404/,"noindex, nofollow",missing,no,HTTP 404,observed,305597,8bbc9b8f4dd498eb,False,False,750,vc_kw,http_error,2026-08-18T18:05:17Z
VA_Agency_Firm_PH,https://www.myoutdesk.com/lp/google-assistant-company-virtual/,404,https://www.myoutdesk.com/lp/google-assistant-company-virtual/,Page Not Found | MyOutDesk,Page not found,https://www.myoutdesk.com/404/,"noindex, nofollow",missing,no,HTTP 404,observed,305597,8bbc9b8f4dd498eb,False,False,750,vc_kw,http_error,2026-08-18T18:05:18Z
Customer_Service_Hire_PH,https://www.myoutdesk.com/lp/google-assistant-customer-service-virtual/,404,https://www.myoutdesk.com/lp/google-assistant-customer-service-virtual/,Page Not Found | MyOutDesk,Page not found,https://www.myoutdesk.com/404/,"noindex, nofollow",missing,no,HTTP 404,observed,305597,8bbc9b8f4dd498eb,False,False,750,vc_kw,http_error,2026-08-18T18:05:20Z
Agency_PH,https://www.myoutdesk.com/lp/google-assistant-firm-virtual/,404,https://www.myoutdesk.com/lp/google-assistant-firm-virtual/,Page Not Found | MyOutDesk,Page not found,https://www.myoutdesk.com/404/,"noindex, nofollow",missing,no,HTTP 404,observed,305597,8bbc9b8f4dd498eb,False,False,750,vc_kw,http_error,2026-08-18T18:05:21Z
Administration_EA_PH,https://www.myoutdesk.com/lp/google-assistant-philippines-executive/,404,https://www.myoutdesk.com/lp/google-assistant-philippines-executive/,Page Not Found | MyOutDesk,Page not found,https://www.myoutdesk.com/404/,"noindex, nofollow",missing,no,HTTP 404,observed,305597,8bbc9b8f4dd498eb,False,False,750,vc_kw,http_error,2026-08-18T18:05:22Z
Offshore_VA_PH,https://www.myoutdesk.com/lp/google-assistant-philippines-virtual/,404,https://www.myoutdesk.com/lp/google-assistant-philippines-virtual/,Page Not Found | MyOutDesk,Page not found,https://www.myoutdesk.com/404/,"noindex, nofollow",missing,no,HTTP 404,observed,305597,8bbc9b8f4dd498eb,False,False,750,vc_kw,http_error,2026-08-18T18:05:24Z
hr_recruit,https://www.myoutdesk.com/lp/google-assistant-recruiting/,404,https://www.myoutdesk.com/lp/google-assistant-recruiting/,Page Not Found | MyOutDesk,Page not found,https://www.myoutdesk.com/404/,"noindex, nofollow",missing,no,HTTP 404,observed,305597,8bbc9b8f4dd498eb,False,False,750,cluster_phrase,http_error,2026-08-18T18:05:25Z
Sales_Hire_PH,https://www.myoutdesk.com/lp/google-assistant-sales-virtual/,404,https://www.myoutdesk.com/lp/google-assistant-sales-virtual/,Page Not Found | MyOutDesk,Page not found,https://www.myoutdesk.com/404/,"noindex, nofollow",missing,no,HTTP 404,observed,305597,8bbc9b8f4dd498eb,False,False,750,vc_kw,http_error,2026-08-18T18:05:26Z
real_estate,https://www.myoutdesk.com/lp/google-assistant-virtual-estate-real/,404,https://www.myoutdesk.com/lp/google-assistant-virtual-estate-real/,Page Not Found | MyOutDesk,Page not found,https://www.myoutdesk.com/404/,"noindex, nofollow",missing,no,HTTP 404,observed,305597,8bbc9b8f4dd498eb,False,False,750,cluster_phrase,http_error,2026-08-18T18:05:28Z
Offshore_VA_PH,https://www.myoutdesk.com/lp/google-assistant-virtual-filipino/,404,https://www.myoutdesk.com/lp/google-assistant-virtual-filipino/,Page Not Found | MyOutDesk,Page not found,https://www.myoutdesk.com/404/,"noindex, nofollow",missing,no,HTTP 404,observed,305597,8bbc9b8f4dd498eb,False,False,750,vc_kw,http_error,2026-08-18T18:05:29Z
Human_Resources_Hire_PH,https://www.myoutdesk.com/lp/google-assistant-virtual-hr/,404,https://www.myoutdesk.com/lp/google-assistant-virtual-hr/,Page Not Found | MyOutDesk,Page not found,https://www.myoutdesk.com/404/,"noindex, nofollow",missing,no,HTTP 404,observed,305597,8bbc9b8f4dd498eb,False,False,750,vc_kw,http_error,2026-08-18T18:05:30Z
Digital_Marketing_Hire_PH,https://www.myoutdesk.com/lp/google-assistant-virtual-marketing/,404,https://www.myoutdesk.com/lp/google-assistant-virtual-marketing/,Page Not Found | MyOutDesk,Page not found,https://www.myoutdesk.com/404/,"noindex, nofollow",missing,no,HTTP 404,observed,305597,8bbc9b8f4dd498eb,False,False,750,vc_kw,http_error,2026-08-18T18:05:31Z
ph_va_geo,https://www.myoutdesk.com/lp/google-assistants-virtual/,404,https://www.myoutdesk.com/lp/google-assistants-virtual/,Page Not Found | MyOutDesk,Page not found,https://www.myoutdesk.com/404/,"noindex, nofollow",missing,no,HTTP 404,observed,305597,8bbc9b8f4dd498eb,False,False,780,learned_reverse,http_error,2026-08-18T18:05:33Z
Digital_Marketing_Hire_PH,https://www.myoutdesk.com/lp/google-assistant-virtual-marketing-digital/,404,https://www.myoutdesk.com/lp/google-assistant-virtual-marketing-digital/,Page Not Found | MyOutDesk,Page not found,https://www.myoutdesk.com/404/,"noindex, nofollow",missing,no,HTTP 404,observed,305597,8bbc9b8f4dd498eb,False,False,750,vc_kw,http_error,2026-08-18T18:05:34Z
Offshore_VA_PH,https://www.myoutdesk.com/lp/google-assistant-virtual-outsourcing/,404,https://www.myoutdesk.com/lp/google-assistant-virtual-outsourcing/,Page Not Found | MyOutDesk,Page not found,https://www.myoutdesk.com/404/,"noindex, nofollow",missing,no,HTTP 404,observed,305597,8bbc9b8f4dd498eb,False,False,750,vc_kw,http_error,2026-08-18T18:05:35Z
Offshore_VA_PH,https://www.myoutdesk.com/lp/google-assistants-virtual-offshore/,404,https://www.myoutdesk.com/lp/google-assistants-virtual-offshore/,Page Not Found | MyOutDesk,Page not found,https://www.myoutdesk.com/404/,"noindex, nofollow",missing,no,HTTP 404,observed,305597,8bbc9b8f4dd498eb,False,False,750,vc_kw,http_error,2026-08-18T18:05:36Z
Bookkeeping_Hire_PH,https://www.myoutdesk.com/lp/google-bookkeeper-philippine/,404,https://www.myoutdesk.com/lp/google-bookkeeper-philippine/,Page Not Found | MyOutDesk,Page not found,https://www.myoutdesk.com/404/,"noindex, nofollow",missing,no,HTTP 404,observed,305597,8bbc9b8f4dd498eb,False,False,750,vc_kw,http_error,2026-08-18T18:05:38Z
bookkeeper,https://www.myoutdesk.com/lp/google-bookkeeper-philippines/,404,https://www.myoutdesk.com/lp/google-bookkeeper-philippines/,Page Not Found | MyOutDesk,Page not found,https://www.myoutdesk.com/404/,"noindex, nofollow",missing,no,HTTP 404,observed,305597,8bbc9b8f4dd498eb,False,False,750,stem_ph,http_error,2026-08-18T18:05:39Z
Bookkeeping_Hire_PH,https://www.myoutdesk.com/lp/google-bookkeeping-assistant-virtual/,404,https://www.myoutdesk.com/lp/google-bookkeeping-assistant-virtual/,Page Not Found | MyOutDesk,Page not found,https://www.myoutdesk.com/404/,"noindex, nofollow",missing,no,HTTP 404,observed,305597,8bbc9b8f4dd498eb,False,False,750,vc_kw,http_error,2026-08-18T18:05:41Z
bookkeeping,https://www.myoutdesk.com/lp/google-bookkeeping-philippines/,404,https://www.myoutdesk.com/lp/google-bookkeeping-philippines/,Page Not Found | MyOutDesk,Page not found,https://www.myoutdesk.com/404/,"noindex, nofollow",missing,no,HTTP 404,observed,305597,8bbc9b8f4dd498eb,False,False,750,stem_ph,http_error,2026-08-18T18:05:42Z
Bookkeeping_Outsource_PH,https://www.myoutdesk.com/lp/google-bookkeeping-philippines-outsource/,404,https://www.myoutdesk.com/lp/google-bookkeeping-philippines-outsource/,Page Not Found | MyOutDesk,Page not found,https://www.myoutdesk.com/404/,"noindex, nofollow",missing,no,HTTP 404,observed,305597,8bbc9b8f4dd498eb,False,False,750,vc_kw,http_error,2026-08-18T18:05:43Z
VA_Agency_Firm_PH,https://www.myoutdesk.com/lp/google-company-assistant-virtual/,404,https://www.myoutdesk.com/lp/google-company-assistant-virtual/,Page Not Found | MyOutDesk,Page not found,https://www.myoutdesk.com/404/,"noindex, nofollow",missing,no,HTTP 404,observed,305597,8bbc9b8f4dd498eb,False,False,750,vc_kw,http_error,2026-08-18T18:05:44Z
real_estate,https://www.myoutdesk.com/lp/google-coordinator-transaction/,404,https://www.myoutdesk.com/lp/google-coordinator-transaction/,Page Not Found | MyOutDesk,Page not found,https://www.myoutdesk.com/404/,"noindex, nofollow",missing,no,HTTP 404,observed,305597,8bbc9b8f4dd498eb,False,False,750,cluster_phrase,http_error,2026-08-18T18:05:46Z
customer_service,https://www.myoutdesk.com/lp/google-customer-service/,404,https://www.myoutdesk.com/lp/google-customer-service/,Page Not Found | MyOutDesk,Page not found,https://www.myoutdesk.com/404/,"noindex, nofollow",missing,no,HTTP 404,observed,305597,8bbc9b8f4dd498eb,False,False,750,stem,http_error,2026-08-18T18:05:47Z
Customer_Service_Outsource_PH,https://www.myoutdesk.com/lp/google-customer-service-outsource/,404,https://www.myoutdesk.com/lp/google-customer-service-outsource/,Page Not Found | MyOutDesk,Page not found,https://www.myoutdesk.com/404/,"noindex, nofollow",missing,no,HTTP 404,observed,305597,8bbc9b8f4dd498eb,False,False,750,vc_kw,http_error,2026-08-18T18:05:48Z
Customer_Service_Hire_PH,https://www.myoutdesk.com/lp/google-customer-service-philippine/,404,https://www.myoutdesk.com/lp/google-customer-service-philippine/,Page Not Found | MyOutDesk,Page not found,https://www.myoutdesk.com/404/,"noindex, nofollow",missing,no,HTTP 404,observed,305597,8bbc9b8f4dd498eb,False,False,750,vc_kw,http_error,2026-08-18T18:05:50Z
customer_service,https://www.myoutdesk.com/lp/google-customer-service-philippines/,404,https://www.myoutdesk.com/lp/google-customer-service-philippines/,Page Not Found | MyOutDesk,Page not found,https://www.myoutdesk.com/404/,"noindex, nofollow",missing,no,HTTP 404,observed,305597,8bbc9b8f4dd498eb,False,False,750,stem_ph,http_error,2026-08-18T18:05:51Z
brand,https://www.myoutdesk.com/lp/google-desk-out/,404,https://www.myoutdesk.com/lp/google-desk-out/,Page Not Found | MyOutDesk,Page not found,https://www.myoutdesk.com/404/,"noindex, nofollow",missing,no,HTTP 404,observed,305597,8bbc9b8f4dd498eb,False,False,750,cluster_phrase,http_error,2026-08-18T18:05:52Z
real_estate,https://www.myoutdesk.com/lp/google-estate-isa-real/,404,https://www.myoutdesk.com/lp/google-estate-isa-real/,Page Not Found | MyOutDesk,Page not found,https://www.myoutdesk.com/404/,"noindex, nofollow",missing,no,HTTP 404,observed,305597,8bbc9b8f4dd498eb,False,False,750,cluster_phrase,http_error,2026-08-18T18:05:54Z
real_estate,https://www.myoutdesk.com/lp/google-estate-virtual-assistant-real/,404,https://www.myoutdesk.com/lp/google-estate-virtual-assistant-real/,Page Not Found | MyOutDesk,Page not found,https://www.myoutdesk.com/404/,"noindex, nofollow",missing,no,HTTP 404,observed,305597,8bbc9b8f4dd498eb,False,False,750,cluster_phrase,http_error,2026-08-18T18:05:55Z
Administration_EA_PH,https://www.myoutdesk.com/lp/google-executive-assistant-philippine/,404,https://www.myoutdesk.com/lp/google-executive-assistant-philippine/,Page Not Found | MyOutDesk,Page not found,https://www.myoutdesk.com/404/,"noindex, nofollow",missing,no,HTTP 404,observed,305597,8bbc9b8f4dd498eb,False,False,750,vc_kw,http_error,2026-08-18T18:05:56Z
executive_assistant,https://www.myoutdesk.com/lp/google-executive-assistant-philippines/,404,https://www.myoutdesk.com/lp/google-executive-assistant-philippines/,Page Not Found | MyOutDesk,Page not found,https://www.myoutdesk.com/404/,"noindex, nofollow",missing,no,HTTP 404,observed,305597,8bbc9b8f4dd498eb,False,False,750,stem_ph,http_error,2026-08-18T18:05:57Z
Agency_PH,https://www.myoutdesk.com/lp/google-firm-assistant-virtual/,404,https://www.myoutdesk.com/lp/google-firm-assistant-virtual/,Page Not Found | MyOutDesk,Page not found,https://www.myoutdesk.com/404/,"noindex, nofollow",missing,no,HTTP 404,observed,305597,8bbc9b8f4dd498eb,False,False,750,vc_kw,http_error,2026-08-18T18:05:59Z
Offshore_VA_PH,https://www.myoutdesk.com/lp/google-hire-virtual-assistant-philippine/,404,https://www.myoutdesk.com/lp/google-hire-virtual-assistant-philippine/,Page Not Found | MyOutDesk,Page not found,https://www.myoutdesk.com/404/,"noindex, nofollow",missing,no,HTTP 404,observed,305597,8bbc9b8f4dd498eb,False,False,750,vc_kw_hire,http_error,2026-08-18T18:06:00Z
Offshore_VA_PH,https://www.myoutdesk.com/lp/google-hire-virtual-assistant-philippines/,404,https://www.myoutdesk.com/lp/google-hire-virtual-assistant-philippines/,Page Not Found | MyOutDesk,Page not found,https://www.myoutdesk.com/404/,"noindex, nofollow",missing,no,HTTP 404,observed,305597,8bbc9b8f4dd498eb,False,False,750,vc_kw_hire,http_error,2026-08-18T18:06:02Z
hr,https://www.myoutdesk.com/lp/google-hr-philippines/,404,https://www.myoutdesk.com/lp/google-hr-philippines/,Page Not Found | MyOutDesk,Page not found,https://www.myoutdesk.com/404/,"noindex, nofollow",missing,no,HTTP 404,observed,305597,8bbc9b8f4dd498eb,False,False,750,stem_ph,http_error,2026-08-18T18:06:03Z
Human_Resources_Outsource_PH,https://www.myoutdesk.com/lp/google-hr-philippines-outsource/,404,https://www.myoutdesk.com/lp/google-hr-philippines-outsource/,Page Not Found | MyOutDesk,Page not found,https://www.myoutdesk.com/404/,"noindex, nofollow",missing,no,HTTP 404,observed,305597,8bbc9b8f4dd498eb,False,False,750,vc_kw,http_error,2026-08-18T18:06:04Z
real_estate,https://www.myoutdesk.com/lp/google-isa-estate-real/,404,https://www.myoutdesk.com/lp/google-isa-estate-real/,Page Not Found | MyOutDesk,Page not found,https://www.myoutdesk.com/404/,"noindex, nofollow",missing,no,HTTP 404,observed,305597,8bbc9b8f4dd498eb,False,False,750,cluster_phrase,http_error,2026-08-18T18:06:05Z
Digital_Marketing_Hire_PH,https://www.myoutdesk.com/lp/google-marketing-virtual-assistant-digital/,404,https://www.myoutdesk.com/lp/google-marketing-virtual-assistant-digital/,Page Not Found | MyOutDesk,Page not found,https://www.myoutdesk.com/404/,"noindex, nofollow",missing,no,HTTP 404,observed,305597,8bbc9b8f4dd498eb,False,False,750,vc_kw,http_error,2026-08-18T18:06:07Z
Digital_Marketing_Hire_PH,https://www.myoutdesk.com/lp/google-media-marketing-va-social/,404,https://www.myoutdesk.com/lp/google-media-marketing-va-social/,Page Not Found | MyOutDesk,Page not found,https://www.myoutdesk.com/404/,"noindex, nofollow",missing,no,HTTP 404,observed,305597,8bbc9b8f4dd498eb,False,False,750,vc_kw,http_error,2026-08-18T18:06:08Z
Staffing_Agency_PH,https://www.myoutdesk.com/lp/google-offshore-staffing-agencys/,404,https://www.myoutdesk.com/lp/google-offshore-staffing-agencys/,Page Not Found | MyOutDesk,Page not found,https://www.myoutdesk.com/404/,"noindex, nofollow",missing,no,HTTP 404,observed,305597,8bbc9b8f4dd498eb,False,False,750,vc_kw,http_error,2026-08-18T18:06:10Z
brand,https://www.myoutdesk.com/lp/google-out-desk/,404,https://www.myoutdesk.com/lp/google-out-desk/,Page Not Found | MyOutDesk,Page not found,https://www.myoutdesk.com/404/,"noindex, nofollow",missing,no,HTTP 404,observed,305597,8bbc9b8f4dd498eb,False,False,750,cluster_phrase,http_error,2026-08-18T18:06:11Z
Accounting_Outsource_PH,https://www.myoutdesk.com/lp/google-outsource-accounting-philippine/,404,https://www.myoutdesk.com/lp/google-outsource-accounting-philippine/,Page Not Found | MyOutDesk,Page not found,https://www.myoutdesk.com/404/,"noindex, nofollow",missing,no,HTTP 404,observed,305597,8bbc9b8f4dd498eb,False,False,750,vc_kw,http_error,2026-08-18T18:06:12Z
Accounting_Outsource_PH,https://www.myoutdesk.com/lp/google-outsource-accounting-philippines/,404,https://www.myoutdesk.com/lp/google-outsource-accounting-philippines/,Page Not Found | MyOutDesk,Page not found,https://www.myoutdesk.com/404/,"noindex, nofollow",missing,no,HTTP 404,observed,305597,8bbc9b8f4dd498eb,False,False,750,vc_kw,http_error,2026-08-18T18:06:14Z
Bookkeeping_Outsource_PH,https://www.myoutdesk.com/lp/google-outsource-bookkeeping-philippine/,404,https://www.myoutdesk.com/lp/google-outsource-bookkeeping-philippine/,Page Not Found | MyOutDesk,Page not found,https://www.myoutdesk.com/404/,"noindex, nofollow",missing,no,HTTP 404,observed,305597,8bbc9b8f4dd498eb,False,False,750,vc_kw,http_error,2026-08-18T18:06:15Z
Bookkeeping_Outsource_PH,https://www.myoutdesk.com/lp/google-outsource-bookkeeping-philippines/,404,https://www.myoutdesk.com/lp/google-outsource-bookkeeping-philippines/,Page Not Found | MyOutDesk,Page not found,https://www.myoutdesk.com/404/,"noindex, nofollow",missing,no,HTTP 404,observed,305597,8bbc9b8f4dd498eb,False,False,750,vc_kw,http_error,2026-08-18T18:06:16Z
customer_service,https://www.myoutdesk.com/lp/google-outsource-customer-service/,404,https://www.myoutdesk.com/lp/google-outsource-customer-service/,Page Not Found | MyOutDesk,Page not found,https://www.myoutdesk.com/404/,"noindex, nofollow",missing,no,HTTP 404,observed,305597,8bbc9b8f4dd498eb,False,False,750,outsource_stem,http_error,2026-08-18T18:06:17Z
Human_Resources_Outsource_PH,https://www.myoutdesk.com/lp/google-outsource-hr-philippine/,404,https://www.myoutdesk.com/lp/google-outsource-hr-philippine/,Page Not Found | MyOutDesk,Page not found,https://www.myoutdesk.com/404/,"noindex, nofollow",missing,no,HTTP 404,observed,305597,8bbc9b8f4dd498eb,False,False,750,vc_kw,http_error,2026-08-18T18:06:19Z
Human_Resources_Outsource_PH,https://www.myoutdesk.com/lp/google-outsource-hr-philippines/,404,https://www.myoutdesk.com/lp/google-outsource-hr-philippines/,Page Not Found | MyOutDesk,Page not found,https://www.myoutdesk.com/404/,"noindex, nofollow",missing,no,HTTP 404,observed,305597,8bbc9b8f4dd498eb,False,False,750,vc_kw,http_error,2026-08-18T18:06:20Z
Offshore_VA_PH,https://www.myoutdesk.com/lp/google-outsourcing-philippines-va/,404,https://www.myoutdesk.com/lp/google-outsourcing-philippines-va/,Page Not Found | MyOutDesk,Page not found,https://www.myoutdesk.com/404/,"noindex, nofollow",missing,no,HTTP 404,observed,305597,8bbc9b8f4dd498eb,False,False,750,vc_kw,http_error,2026-08-18T18:06:21Z
Offshore_VA_PH,https://www.myoutdesk.com/lp/google-outsourcing-virtual-assistant/,404,https://www.myoutdesk.com/lp/google-outsourcing-virtual-assistant/,Page Not Found | MyOutDesk,Page not found,https://www.myoutdesk.com/404/,"noindex, nofollow",missing,no,HTTP 404,observed,305597,8bbc9b8f4dd498eb,False,False,750,vc_kw,http_error,2026-08-18T18:06:23Z
accountant,https://www.myoutdesk.com/lp/google-philippines-accountant/,404,https://www.myoutdesk.com/lp/google-philippines-accountant/,Page Not Found | MyOutDesk,Page not found,https://www.myoutdesk.com/404/,"noindex, nofollow",missing,no,HTTP 404,observed,305597,8bbc9b8f4dd498eb,False,False,750,ph_stem,http_error,2026-08-18T18:06:24Z
Accounting_Outsource_PH,https://www.myoutdesk.com/lp/google-philippines-accounting-outsource/,404,https://www.myoutdesk.com/lp/google-philippines-accounting-outsource/,Page Not Found | MyOutDesk,Page not found,https://www.myoutdesk.com/404/,"noindex, nofollow",missing,no,HTTP 404,observed,305597,8bbc9b8f4dd498eb,False,False,750,vc_kw,http_error,2026-08-18T18:06:25Z
Administration_EA_PH,https://www.myoutdesk.com/lp/google-philippines-assistant-executive/,404,https://www.myoutdesk.com/lp/google-philippines-assistant-executive/,Page Not Found | MyOutDesk,Page not found,https://www.myoutdesk.com/404/,"noindex, nofollow",missing,no,HTTP 404,observed,305597,8bbc9b8f4dd498eb,False,False,750,vc_kw,http_error,2026-08-18T18:06:26Z
Hire_VA_PH,https://www.myoutdesk.com/lp/google-philippines-assistant-virtual/,404,https://www.myoutdesk.com/lp/google-philippines-assistant-virtual/,Page Not Found | MyOutDesk,Page not found,https://www.myoutdesk.com/404/,"noindex, nofollow",missing,no,HTTP 404,observed,305597,8bbc9b8f4dd498eb,False,False,750,vc_kw_ph,http_error,2026-08-18T18:06:28Z
ph_va_geo,https://www.myoutdesk.com/lp/google-philippines-assistant-virtual-hire/,404,https://www.myoutdesk.com/lp/google-philippines-assistant-virtual-hire/,Page Not Found | MyOutDesk,Page not found,https://www.myoutdesk.com/404/,"noindex, nofollow",missing,no,HTTP 404,observed,305597,8bbc9b8f4dd498eb,False,False,750,cluster_phrase,http_error,2026-08-18T18:06:29Z
bookkeeper,https://www.myoutdesk.com/lp/google-philippines-bookkeeper/,404,https://www.myoutdesk.com/lp/google-philippines-bookkeeper/,Page Not Found | MyOutDesk,Page not found,https://www.myoutdesk.com/404/,"noindex, nofollow",missing,no,HTTP 404,observed,305597,8bbc9b8f4dd498eb,False,False,750,ph_stem,http_error,2026-08-18T18:06:30Z
Bookkeeping_Outsource_PH,https://www.myoutdesk.com/lp/google-philippines-bookkeeping-outsource/,404,https://www.myoutdesk.com/lp/google-philippines-bookkeeping-outsource/,Page Not Found | MyOutDesk,Page not found,https://www.myoutdesk.com/404/,"noindex, nofollow",missing,no,HTTP 404,observed,305597,8bbc9b8f4dd498eb,False,False,750,vc_kw,http_error,2026-08-18T18:06:32Z
Human_Resources_Outsource_PH,https://www.myoutdesk.com/lp/google-philippines-hr-outsource/,404,https://www.myoutdesk.com/lp/google-philippines-hr-outsource/,Page Not Found | MyOutDesk,Page not found,https://www.myoutdesk.com/404/,"noindex, nofollow",missing,no,HTTP 404,observed,305597,8bbc9b8f4dd498eb,False,False,750,vc_kw,http_error,2026-08-18T18:06:33Z
Offshore_VA_PH,https://www.myoutdesk.com/lp/google-philippines-outsourcing-va/,404,https://www.myoutdesk.com/lp/google-philippines-outsourcing-va/,Page Not Found | MyOutDesk,Page not found,https://www.myoutdesk.com/404/,"noindex, nofollow",missing,no,HTTP 404,observed,305597,8bbc9b8f4dd498eb,False,False,750,vc_kw,http_error,2026-08-18T18:06:34Z
Customer_Service_Hire_PH,https://www.myoutdesk.com/lp/google-philippines-service-customer/,404,https://www.myoutdesk.com/lp/google-philippines-service-customer/,Page Not Found | MyOutDesk,Page not found,https://www.myoutdesk.com/404/,"noindex, nofollow",missing,no,HTTP 404,observed,305597,8bbc9b8f4dd498eb,False,False,750,vc_kw,http_error,2026-08-18T18:06:35Z
Virtual_Staff_PH,https://www.myoutdesk.com/lp/google-philippines-staff-virtual/,404,https://www.myoutdesk.com/lp/google-philippines-staff-virtual/,Page Not Found | MyOutDesk,Page not found,https://www.myoutdesk.com/404/,"noindex, nofollow",missing,no,HTTP 404,observed,305597,8bbc9b8f4dd498eb,False,False,750,vc_kw_ph,http_error,2026-08-18T18:06:37Z
Agency_PH,https://www.myoutdesk.com/lp/google-philippines-staffing-agencys/,404,https://www.myoutdesk.com/lp/google-philippines-staffing-agencys/,Page Not Found | MyOutDesk,Page not found,https://www.myoutdesk.com/404/,"noindex, nofollow",missing,no,HTTP 404,observed,305597,8bbc9b8f4dd498eb,False,False,750,vc_kw,http_error,2026-08-18T18:06:38Z
Offshore_VA_PH,https://www.myoutdesk.com/lp/google-philippines-va-agencys/,404,https://www.myoutdesk.com/lp/google-philippines-va-agencys/,Page Not Found | MyOutDesk,Page not found,https://www.myoutdesk.com/404/,"noindex, nofollow",missing,no,HTTP 404,observed,305597,8bbc9b8f4dd498eb,False,False,750,vc_kw,http_error,2026-08-18T18:06:39Z
admin_ea,https://www.myoutdesk.com/lp/google-receptionist-virtual/,404,https://www.myoutdesk.com/lp/google-receptionist-virtual/,Page Not Found | MyOutDesk,Page not found,https://www.myoutdesk.com/404/,"noindex, nofollow",missing,no,HTTP 404,observed,305597,8bbc9b8f4dd498eb,False,False,750,cluster_phrase,http_error,2026-08-18T18:06:40Z
sitemap_service,https://www.myoutdesk.com/lp/google-recruiting-assistants/,404,https://www.myoutdesk.com/lp/google-recruiting-assistants/,Page Not Found | MyOutDesk,Page not found,https://www.myoutdesk.com/404/,"noindex, nofollow",missing,no,HTTP 404,observed,305597,8bbc9b8f4dd498eb,False,False,750,sitemap_plural,http_error,2026-08-18T18:06:42Z
Agency_PH,https://www.myoutdesk.com/lp/google-remote-staffing-agencys/,404,https://www.myoutdesk.com/lp/google-remote-staffing-agencys/,Page Not Found | MyOutDesk,Page not found,https://www.myoutdesk.com/404/,"noindex, nofollow",missing,no,HTTP 404,observed,305597,8bbc9b8f4dd498eb,False,False,750,vc_kw,http_error,2026-08-18T18:06:43Z
appointment_sales,https://www.myoutdesk.com/lp/google-sales-agent-inside/,404,https://www.myoutdesk.com/lp/google-sales-agent-inside/,Page Not Found | MyOutDesk,Page not found,https://www.myoutdesk.com/404/,"noindex, nofollow",missing,no,HTTP 404,observed,305597,8bbc9b8f4dd498eb,False,False,750,cluster_phrase,http_error,2026-08-18T18:06:44Z
Sales_Hire_PH,https://www.myoutdesk.com/lp/google-sales-assistant-virtual/,404,https://www.myoutdesk.com/lp/google-sales-assistant-virtual/,Page Not Found | MyOutDesk,Page not found,https://www.myoutdesk.com/404/,"noindex, nofollow",missing,no,HTTP 404,observed,305597,8bbc9b8f4dd498eb,False,False,750,vc_kw,http_error,2026-08-18T18:06:46Z
Customer_Service_Hire_PH,https://www.myoutdesk.com/lp/google-service-customer-assistant-virtual/,404,https://www.myoutdesk.com/lp/google-service-customer-assistant-virtual/,Page Not Found | MyOutDesk,Page not found,https://www.myoutdesk.com/404/,"noindex, nofollow",missing,no,HTTP 404,observed,305597,8bbc9b8f4dd498eb,False,False,750,vc_kw,http_error,2026-08-18T18:06:47Z
Customer_Service_Outsource_PH,https://www.myoutdesk.com/lp/google-service-customer-outsource/,404,https://www.myoutdesk.com/lp/google-service-customer-outsource/,Page Not Found | MyOutDesk,Page not found,https://www.myoutdesk.com/404/,"noindex, nofollow",missing,no,HTTP 404,observed,305597,8bbc9b8f4dd498eb,False,False,750,vc_kw,http_error,2026-08-18T18:06:48Z
Customer_Service_Hire_PH,https://www.myoutdesk.com/lp/google-service-philippines-customer/,404,https://www.myoutdesk.com/lp/google-service-philippines-customer/,Page Not Found | MyOutDesk,Page not found,https://www.myoutdesk.com/404/,"noindex, nofollow",missing,no,HTTP 404,observed,305597,8bbc9b8f4dd498eb,False,False,750,vc_kw,http_error,2026-08-18T18:06:49Z
Appointment_Setter_Hire_PH,https://www.myoutdesk.com/lp/google-setter-appointment-virtual/,404,https://www.myoutdesk.com/lp/google-setter-appointment-virtual/,Page Not Found | MyOutDesk,Page not found,https://www.myoutdesk.com/404/,"noindex, nofollow",missing,no,HTTP 404,observed,305597,8bbc9b8f4dd498eb,False,False,750,vc_kw,http_error,2026-08-18T18:06:51Z
Digital_Marketing_Hire_PH,https://www.myoutdesk.com/lp/google-social-media-marketing-va/,404,https://www.myoutdesk.com/lp/google-social-media-marketing-va/,Page Not Found | MyOutDesk,Page not found,https://www.myoutdesk.com/404/,"noindex, nofollow",missing,no,HTTP 404,observed,305597,8bbc9b8f4dd498eb,False,False,750,vc_kw,http_error,2026-08-18T18:06:52Z
Virtual_Staff_PH,https://www.myoutdesk.com/lp/google-staff-philippines-virtual/,404,https://www.myoutdesk.com/lp/google-staff-philippines-virtual/,Page Not Found | MyOutDesk,Page not found,https://www.myoutdesk.com/404/,"noindex, nofollow",missing,no,HTTP 404,observed,305597,8bbc9b8f4dd498eb,False,False,750,vc_kw,http_error,2026-08-18T18:06:53Z
Virtual_Staff_PH,https://www.myoutdesk.com/lp/google-staff-virtual-filipino/,404,https://www.myoutdesk.com/lp/google-staff-virtual-filipino/,Page Not Found | MyOutDesk,Page not found,https://www.myoutdesk.com/404/,"noindex, nofollow",missing,no,HTTP 404,observed,305597,8bbc9b8f4dd498eb,False,False,750,vc_kw,http_error,2026-08-18T18:06:55Z
Virtual_Staff_PH,https://www.myoutdesk.com/lp/google-staff-virtual-hire/,404,https://www.myoutdesk.com/lp/google-staff-virtual-hire/,Page Not Found | MyOutDesk,Page not found,https://www.myoutdesk.com/404/,"noindex, nofollow",missing,no,HTTP 404,observed,305597,8bbc9b8f4dd498eb,False,False,750,vc_kw,http_error,2026-08-18T18:06:56Z
Staffing_Agency_PH,https://www.myoutdesk.com/lp/google-staffing-agency-offshore/,404,https://www.myoutdesk.com/lp/google-staffing-agency-offshore/,Page Not Found | MyOutDesk,Page not found,https://www.myoutdesk.com/404/,"noindex, nofollow",missing,no,HTTP 404,observed,305597,8bbc9b8f4dd498eb,False,False,750,vc_kw,http_error,2026-08-18T18:06:57Z
Agency_PH,https://www.myoutdesk.com/lp/google-staffing-agency-remote/,404,https://www.myoutdesk.com/lp/google-staffing-agency-remote/,Page Not Found | MyOutDesk,Page not found,https://www.myoutdesk.com/404/,"noindex, nofollow",missing,no,HTTP 404,observed,305597,8bbc9b8f4dd498eb,False,False,750,vc_kw,http_error,2026-08-18T18:06:59Z
Staffing_Agency_PH,https://www.myoutdesk.com/lp/google-staffing-agency-virtual/,404,https://www.myoutdesk.com/lp/google-staffing-agency-virtual/,Page Not Found | MyOutDesk,Page not found,https://www.myoutdesk.com/404/,"noindex, nofollow",missing,no,HTTP 404,observed,305597,8bbc9b8f4dd498eb,False,False,750,vc_kw,http_error,2026-08-18T18:07:00Z
Offshore_VA_PH,https://www.myoutdesk.com/lp/google-va-agency-philippines/,404,https://www.myoutdesk.com/lp/google-va-agency-philippines/,Page Not Found | MyOutDesk,Page not found,https://www.myoutdesk.com/404/,"noindex, nofollow",missing,no,HTTP 404,observed,305597,8bbc9b8f4dd498eb,False,False,750,vc_kw,http_error,2026-08-18T18:07:01Z
Digital_Marketing_Hire_PH,https://www.myoutdesk.com/lp/google-va-marketing-media-social/,404,https://www.myoutdesk.com/lp/google-va-marketing-media-social/,Page Not Found | MyOutDesk,Page not found,https://www.myoutdesk.com/404/,"noindex, nofollow",missing,no,HTTP 404,observed,305597,8bbc9b8f4dd498eb,False,False,750,vc_kw,http_error,2026-08-18T18:07:02Z
Offshore_VA_PH,https://www.myoutdesk.com/lp/google-va-outsourcing-philippine/,404,https://www.myoutdesk.com/lp/google-va-outsourcing-philippine/,Page Not Found | MyOutDesk,Page not found,https://www.myoutdesk.com/404/,"noindex, nofollow",missing,no,HTTP 404,observed,305597,8bbc9b8f4dd498eb,False,False,750,vc_kw,http_error,2026-08-18T18:07:04Z
Agency_PH,https://www.myoutdesk.com/lp/google-va-outsourcing-philippines/,404,https://www.myoutdesk.com/lp/google-va-outsourcing-philippines/,Page Not Found | MyOutDesk,Page not found,https://www.myoutdesk.com/404/,"noindex, nofollow",missing,no,HTTP 404,observed,305597,8bbc9b8f4dd498eb,False,False,750,vc_kw,http_error,2026-08-18T18:07:05Z
Administration_EA_PH,https://www.myoutdesk.com/lp/google-virtual-administrative-assistant/,404,https://www.myoutdesk.com/lp/google-virtual-administrative-assistant/,Page Not Found | MyOutDesk,Page not found,https://www.myoutdesk.com/404/,"noindex, nofollow",missing,no,HTTP 404,observed,305597,8bbc9b8f4dd498eb,False,False,750,vc_kw,http_error,2026-08-18T18:07:06Z
Administration_EA_PH,https://www.myoutdesk.com/lp/google-virtual-administrative-assistants/,404,https://www.myoutdesk.com/lp/google-virtual-administrative-assistants/,Page Not Found | MyOutDesk,Page not found,https://www.myoutdesk.com/404/,"noindex, nofollow",missing,no,HTTP 404,observed,305597,8bbc9b8f4dd498eb,False,False,750,vc_kw,http_error,2026-08-18T18:07:08Z
Appointment_Setter_Hire_PH,https://www.myoutdesk.com/lp/google-virtual-appointment-setter/,404,https://www.myoutdesk.com/lp/google-virtual-appointment-setter/,Page Not Found | MyOutDesk,Page not found,https://www.myoutdesk.com/404/,"noindex, nofollow",missing,no,HTTP 404,observed,305597,8bbc9b8f4dd498eb,False,False,750,vc_kw,http_error,2026-08-18T18:07:09Z
Accounting_Hire_PH,https://www.myoutdesk.com/lp/google-virtual-assistant-accounting/,404,https://www.myoutdesk.com/lp/google-virtual-assistant-accounting/,Page Not Found | MyOutDesk,Page not found,https://www.myoutdesk.com/404/,"noindex, nofollow",missing,no,HTTP 404,observed,305597,8bbc9b8f4dd498eb,False,False,750,vc_kw,http_error,2026-08-18T18:07:10Z
VA_Agency_Firm_PH,https://www.myoutdesk.com/lp/google-virtual-assistant-agencys/,404,https://www.myoutdesk.com/lp/google-virtual-assistant-agencys/,Page Not Found | MyOutDesk,Page not found,https://www.myoutdesk.com/404/,"noindex, nofollow",missing,no,HTTP 404,observed,305597,8bbc9b8f4dd498eb,False,False,750,vc_kw,http_error,2026-08-18T18:07:12Z
Bookkeeping_Hire_PH,https://www.myoutdesk.com/lp/google-virtual-assistant-bookkeeping/,404,https://www.myoutdesk.com/lp/google-virtual-assistant-bookkeeping/,Page Not Found | MyOutDesk,Page not found,https://www.myoutdesk.com/404/,"noindex, nofollow",missing,no,HTTP 404,observed,305597,8bbc9b8f4dd498eb,False,False,750,vc_kw,http_error,2026-08-18T18:07:13Z
VA_Agency_Firm_PH,https://www.myoutdesk.com/lp/google-virtual-assistant-companys/,404,https://www.myoutdesk.com/lp/google-virtual-assistant-companys/,Page Not Found | MyOutDesk,Page not found,https://www.myoutdesk.com/404/,"noindex, nofollow",missing,no,HTTP 404,observed,305597,8bbc9b8f4dd498eb,False,False,750,vc_kw,http_error,2026-08-18T18:07:14Z
Customer_Service_Hire_PH,https://www.myoutdesk.com/lp/google-virtual-assistant-customer-service/,404,https://www.myoutdesk.com/lp/google-virtual-assistant-customer-service/,Page Not Found | MyOutDesk,Page not found,https://www.myoutdesk.com/404/,"noindex, nofollow",missing,no,HTTP 404,observed,305597,8bbc9b8f4dd498eb,False,False,750,vc_kw,http_error,2026-08-18T18:07:15Z
Offshore_VA_PH,https://www.myoutdesk.com/lp/google-virtual-assistant-filipino/,404,https://www.myoutdesk.com/lp/google-virtual-assistant-filipino/,Page Not Found | MyOutDesk,Page not found,https://www.myoutdesk.com/404/,"noindex, nofollow",missing,no,HTTP 404,observed,305597,8bbc9b8f4dd498eb,False,False,750,vc_kw,http_error,2026-08-18T18:07:17Z
Agency_PH,https://www.myoutdesk.com/lp/google-virtual-assistant-firms/,404,https://www.myoutdesk.com/lp/google-virtual-assistant-firms/,Page Not Found | MyOutDesk,Page not found,https://www.myoutdesk.com/404/,"noindex, nofollow",missing,no,HTTP 404,observed,305597,8bbc9b8f4dd498eb,False,False,750,vc_kw,http_error,2026-08-18T18:07:18Z
Human_Resources_Hire_PH,https://www.myoutdesk.com/lp/google-virtual-assistant-hr/,404,https://www.myoutdesk.com/lp/google-virtual-assistant-hr/,Page Not Found | MyOutDesk,Page not found,https://www.myoutdesk.com/404/,"noindex, nofollow",missing,no,HTTP 404,observed,305597,8bbc9b8f4dd498eb,False,False,750,vc_kw,http_error,2026-08-18T18:07:19Z
Digital_Marketing_Hire_PH,https://www.myoutdesk.com/lp/google-virtual-assistant-marketing/,404,https://www.myoutdesk.com/lp/google-virtual-assistant-marketing/,Page Not Found | MyOutDesk,Page not found,https://www.myoutdesk.com/404/,"noindex, nofollow",missing,no,HTTP 404,observed,305597,8bbc9b8f4dd498eb,False,False,750,vc_kw,http_error,2026-08-18T18:07:21Z
Offshore_VA_PH,https://www.myoutdesk.com/lp/google-virtual-assistant-philippine/,404,https://www.myoutdesk.com/lp/google-virtual-assistant-philippine/,Page Not Found | MyOutDesk,Page not found,https://www.myoutdesk.com/404/,"noindex, nofollow",missing,no,HTTP 404,observed,305597,8bbc9b8f4dd498eb,False,False,750,vc_kw,http_error,2026-08-18T18:07:22Z
ph_va_geo,https://www.myoutdesk.com/lp/google-virtual-assistant-philippines-hire/,404,https://www.myoutdesk.com/lp/google-virtual-assistant-philippines-hire/,Page Not Found | MyOutDesk,Page not found,https://www.myoutdesk.com/404/,"noindex, nofollow",missing,no,HTTP 404,observed,305597,8bbc9b8f4dd498eb,False,False,750,cluster_phrase,http_error,2026-08-18T18:07:23Z
Offshore_VA_PH,https://www.myoutdesk.com/lp/google-virtual-assistants-offshore/,404,https://www.myoutdesk.com/lp/google-virtual-assistants-offshore/,Page Not Found | MyOutDesk,Page not found,https://www.myoutdesk.com/404/,"noindex, nofollow",missing,no,HTTP 404,observed,305597,8bbc9b8f4dd498eb,False,False,750,vc_kw,http_error,2026-08-18T18:07:25Z
Sales_Hire_PH,https://www.myoutdesk.com/lp/google-virtual-sales-assistant/,404,https://www.myoutdesk.com/lp/google-virtual-sales-assistant/,Page Not Found | MyOutDesk,Page not found,https://www.myoutdesk.com/404/,"noindex, nofollow",missing,no,HTTP 404,observed,305597,8bbc9b8f4dd498eb,False,False,750,vc_kw,http_error,2026-08-18T18:07:26Z
Sales_Hire_PH,https://www.myoutdesk.com/lp/google-virtual-sales-assistants/,404,https://www.myoutdesk.com/lp/google-virtual-sales-assistants/,Page Not Found | MyOutDesk,Page not found,https://www.myoutdesk.com/404/,"noindex, nofollow",missing,no,HTTP 404,observed,305597,8bbc9b8f4dd498eb,False,False,750,vc_kw,http_error,2026-08-18T18:07:27Z
Virtual_Staff_PH,https://www.myoutdesk.com/lp/google-virtual-staff/,404,https://www.myoutdesk.com/lp/google-virtual-staff/,Page Not Found | MyOutDesk,Page not found,https://www.myoutdesk.com/404/,"noindex, nofollow",missing,no,HTTP 404,observed,305597,8bbc9b8f4dd498eb,False,False,750,vc_kw,http_error,2026-08-18T18:07:28Z
Virtual_Staff_PH,https://www.myoutdesk.com/lp/google-virtual-staff-filipino/,404,https://www.myoutdesk.com/lp/google-virtual-staff-filipino/,Page Not Found | MyOutDesk,Page not found,https://www.myoutdesk.com/404/,"noindex, nofollow",missing,no,HTTP 404,observed,305597,8bbc9b8f4dd498eb,False,False,750,vc_kw,http_error,2026-08-18T18:07:30Z
Virtual_Staff_PH,https://www.myoutdesk.com/lp/google-virtual-staff-hire/,404,https://www.myoutdesk.com/lp/google-virtual-staff-hire/,Page Not Found | MyOutDesk,Page not found,https://www.myoutdesk.com/404/,"noindex, nofollow",missing,no,HTTP 404,observed,305597,8bbc9b8f4dd498eb,False,False,750,vc_kw,http_error,2026-08-18T18:07:31Z
Virtual_Staff_PH,https://www.myoutdesk.com/lp/google-virtual-staff-philippine/,404,https://www.myoutdesk.com/lp/google-virtual-staff-philippine/,Page Not Found | MyOutDesk,Page not found,https://www.myoutdesk.com/404/,"noindex, nofollow",missing,no,HTTP 404,observed,305597,8bbc9b8f4dd498eb,False,False,750,vc_kw,http_error,2026-08-18T18:07:33Z
Staffing_Agency_PH,https://www.myoutdesk.com/lp/google-virtual-staffing-agencys/,404,https://www.myoutdesk.com/lp/google-virtual-staffing-agencys/,Page Not Found | MyOutDesk,Page not found,https://www.myoutdesk.com/404/,"noindex, nofollow",missing,no,HTTP 404,observed,305597,8bbc9b8f4dd498eb,False,False,750,vc_kw,http_error,2026-08-18T18:07:34Z
accounting,https://www.myoutdesk.com/lp/google-philippines-accounting/,404,https://www.myoutdesk.com/lp/google-philippines-accounting/,Page Not Found | MyOutDesk,Page not found,https://www.myoutdesk.com/404/,"noindex, nofollow",missing,no,HTTP 404,observed,305597,8bbc9b8f4dd498eb,False,False,740,ph_stem,http_error,2026-08-18T18:07:35Z
admin,https://www.myoutdesk.com/lp/google-philippines-admin/,404,https://www.myoutdesk.com/lp/google-philippines-admin/,Page Not Found | MyOutDesk,Page not found,https://www.myoutdesk.com/404/,"noindex, nofollow",missing,no,HTTP 404,observed,305597,8bbc9b8f4dd498eb,False,False,740,ph_stem,http_error,2026-08-18T18:07:36Z
administrative,https://www.myoutdesk.com/lp/google-philippines-administrative/,404,https://www.myoutdesk.com/lp/google-philippines-administrative/,Page Not Found | MyOutDesk,Page not found,https://www.myoutdesk.com/404/,"noindex, nofollow",missing,no,HTTP 404,observed,305597,8bbc9b8f4dd498eb,False,False,740,ph_stem,http_error,2026-08-18T18:07:38Z
appointment_setter,https://www.myoutdesk.com/lp/google-philippines-appointment-setter/,404,https://www.myoutdesk.com/lp/google-philippines-appointment-setter/,Page Not Found | MyOutDesk,Page not found,https://www.myoutdesk.com/404/,"noindex, nofollow",missing,no,HTTP 404,observed,305597,8bbc9b8f4dd498eb,False,False,740,ph_stem,http_error,2026-08-18T18:07:39Z
bookkeeping,https://www.myoutdesk.com/lp/google-philippines-bookkeeping/,404,https://www.myoutdesk.com/lp/google-philippines-bookkeeping/,Page Not Found | MyOutDesk,Page not found,https://www.myoutdesk.com/404/,"noindex, nofollow",missing,no,HTTP 404,observed,305597,8bbc9b8f4dd498eb,False,False,740,ph_stem,http_error,2026-08-18T18:07:40Z
customer_service,https://www.myoutdesk.com/lp/google-philippines-customer-service/,404,https://www.myoutdesk.com/lp/google-philippines-customer-service/,Page Not Found | MyOutDesk,Page not found,https://www.myoutdesk.com/404/,"noindex, nofollow",missing,no,HTTP 404,observed,305597,8bbc9b8f4dd498eb,False,False,740,ph_stem,http_error,2026-08-18T18:07:41Z
customer_support,https://www.myoutdesk.com/lp/google-philippines-customer-support/,404,https://www.myoutdesk.com/lp/google-philippines-customer-support/,Page Not Found | MyOutDesk,Page not found,https://www.myoutdesk.com/404/,"noindex, nofollow",missing,no,HTTP 404,observed,305597,8bbc9b8f4dd498eb,False,False,740,ph_stem,http_error,2026-08-18T18:07:43Z
digital_marketing,https://www.myoutdesk.com/lp/google-philippines-digital-marketing/,404,https://www.myoutdesk.com/lp/google-philippines-digital-marketing/,Page Not Found | MyOutDesk,Page not found,https://www.myoutdesk.com/404/,"noindex, nofollow",missing,no,HTTP 404,observed,305597,8bbc9b8f4dd498eb,False,False,740,ph_stem,http_error,2026-08-18T18:07:44Z
ecommerce,https://www.myoutdesk.com/lp/google-philippines-ecommerce/,404,https://www.myoutdesk.com/lp/google-philippines-ecommerce/,Page Not Found | MyOutDesk,Page not found,https://www.myoutdesk.com/404/,"noindex, nofollow",missing,no,HTTP 404,observed,305597,8bbc9b8f4dd498eb,False,False,740,ph_stem,http_error,2026-08-18T18:07:45Z
executive_assistant,https://www.myoutdesk.com/lp/google-philippines-executive-assistant/,404,https://www.myoutdesk.com/lp/google-philippines-executive-assistant/,Page Not Found | MyOutDesk,Page not found,https://www.myoutdesk.com/404/,"noindex, nofollow",missing,no,HTTP 404,observed,305597,8bbc9b8f4dd498eb,False,False,740,ph_stem,http_error,2026-08-18T18:07:46Z
healthcare,https://www.myoutdesk.com/lp/google-philippines-healthcare/,404,https://www.myoutdesk.com/lp/google-philippines-healthcare/,Page Not Found | MyOutDesk,Page not found,https://www.myoutdesk.com/404/,"noindex, nofollow",missing,no,HTTP 404,observed,305597,8bbc9b8f4dd498eb,False,False,740,ph_stem,http_error,2026-08-18T18:07:48Z
hr,https://www.myoutdesk.com/lp/google-philippines-hr/,404,https://www.myoutdesk.com/lp/google-philippines-hr/,Page Not Found | MyOutDesk,Page not found,https://www.myoutdesk.com/404/,"noindex, nofollow",missing,no,HTTP 404,observed,305597,8bbc9b8f4dd498eb,False,False,740,ph_stem,http_error,2026-08-18T18:07:49Z
human_resources,https://www.myoutdesk.com/lp/google-philippines-human-resources/,404,https://www.myoutdesk.com/lp/google-philippines-human-resources/,Page Not Found | MyOutDesk,Page not found,https://www.myoutdesk.com/404/,"noindex, nofollow",missing,no,HTTP 404,observed,305597,8bbc9b8f4dd498eb,False,False,740,ph_stem,http_error,2026-08-18T18:07:50Z
inside_sales,https://www.myoutdesk.com/lp/google-philippines-inside-sales/,404,https://www.myoutdesk.com/lp/google-philippines-inside-sales/,Page Not Found | MyOutDesk,Page not found,https://www.myoutdesk.com/404/,"noindex, nofollow",missing,no,HTTP 404,observed,305597,8bbc9b8f4dd498eb,False,False,740,ph_stem,http_error,2026-08-18T18:07:52Z
insurance,https://www.myoutdesk.com/lp/google-philippines-insurance/,404,https://www.myoutdesk.com/lp/google-philippines-insurance/,Page Not Found | MyOutDesk,Page not found,https://www.myoutdesk.com/404/,"noindex, nofollow",missing,no,HTTP 404,observed,305597,8bbc9b8f4dd498eb,False,False,740,ph_stem,http_error,2026-08-18T18:07:53Z
isa,https://www.myoutdesk.com/lp/google-philippines-isa/,404,https://www.myoutdesk.com/lp/google-philippines-isa/,Page Not Found | MyOutDesk,Page not found,https://www.myoutdesk.com/404/,"noindex, nofollow",missing,no,HTTP 404,observed,305597,8bbc9b8f4dd498eb,False,False,740,ph_stem,http_error,2026-08-18T18:07:54Z
legal,https://www.myoutdesk.com/lp/google-philippines-legal/,404,https://www.myoutdesk.com/lp/google-philippines-legal/,Page Not Found | MyOutDesk,Page not found,https://www.myoutdesk.com/404/,"noindex, nofollow",missing,no,HTTP 404,observed,305597,8bbc9b8f4dd498eb,False,False,740,ph_stem,http_error,2026-08-18T18:07:56Z
marketing,https://www.myoutdesk.com/lp/google-philippines-marketing/,404,https://www.myoutdesk.com/lp/google-philippines-marketing/,Page Not Found | MyOutDesk,Page not found,https://www.myoutdesk.com/404/,"noindex, nofollow",missing,no,HTTP 404,observed,305597,8bbc9b8f4dd498eb,False,False,740,ph_stem,http_error,2026-08-18T18:07:57Z
mortgage,https://www.myoutdesk.com/lp/google-philippines-mortgage/,404,https://www.myoutdesk.com/lp/google-philippines-mortgage/,Page Not Found | MyOutDesk,Page not found,https://www.myoutdesk.com/404/,"noindex, nofollow",missing,no,HTTP 404,observed,305597,8bbc9b8f4dd498eb,False,False,740,ph_stem,http_error,2026-08-18T18:07:58Z
property_management,https://www.myoutdesk.com/lp/google-philippines-property-management/,404,https://www.myoutdesk.com/lp/google-philippines-property-management/,Page Not Found | MyOutDesk,Page not found,https://www.myoutdesk.com/404/,"noindex, nofollow",missing,no,HTTP 404,observed,305597,8bbc9b8f4dd498eb,False,False,740,ph_stem,http_error,2026-08-18T18:07:59Z
real_estate,https://www.myoutdesk.com/lp/google-philippines-real-estate/,404,https://www.myoutdesk.com/lp/google-philippines-real-estate/,Page Not Found | MyOutDesk,Page not found,https://www.myoutdesk.com/404/,"noindex, nofollow",missing,no,HTTP 404,observed,305597,8bbc9b8f4dd498eb,False,False,740,ph_stem,http_error,2026-08-18T18:08:01Z
recruiting,https://www.myoutdesk.com/lp/google-philippines-recruiting/,404,https://www.myoutdesk.com/lp/google-philippines-recruiting/,Page Not Found | MyOutDesk,Page not found,https://www.myoutdesk.com/404/,"noindex, nofollow",missing,no,HTTP 404,observed,305597,8bbc9b8f4dd498eb,False,False,740,ph_stem,http_error,2026-08-18T18:08:02Z
recruitment,https://www.myoutdesk.com/lp/google-philippines-recruitment/,404,https://www.myoutdesk.com/lp/google-philippines-recruitment/,Page Not Found | MyOutDesk,Page not found,https://www.myoutdesk.com/404/,"noindex, nofollow",missing,no,HTTP 404,observed,305597,8bbc9b8f4dd498eb,False,False,740,ph_stem,http_error,2026-08-18T18:08:03Z
sales,https://www.myoutdesk.com/lp/google-philippines-sales/,404,https://www.myoutdesk.com/lp/google-philippines-sales/,Page Not Found | MyOutDesk,Page not found,https://www.myoutdesk.com/404/,"noindex, nofollow",missing,no,HTTP 404,observed,305597,8bbc9b8f4dd498eb,False,False,740,ph_stem,http_error,2026-08-18T18:08:05Z
sdr,https://www.myoutdesk.com/lp/google-philippines-sdr/,404,https://www.myoutdesk.com/lp/google-philippines-sdr/,Page Not Found | MyOutDesk,Page not found,https://www.myoutdesk.com/404/,"noindex, nofollow",missing,no,HTTP 404,observed,305597,8bbc9b8f4dd498eb,False,False,740,ph_stem,http_error,2026-08-18T18:08:06Z
social_media,https://www.myoutdesk.com/lp/google-philippines-social-media/,404,https://www.myoutdesk.com/lp/google-philippines-social-media/,Page Not Found | MyOutDesk,Page not found,https://www.myoutdesk.com/404/,"noindex, nofollow",missing,no,HTTP 404,observed,305597,8bbc9b8f4dd498eb,False,False,740,ph_stem,http_error,2026-08-18T18:08:07Z
staffing,https://www.myoutdesk.com/lp/google-philippines-staffing/,404,https://www.myoutdesk.com/lp/google-philippines-staffing/,Page Not Found | MyOutDesk,Page not found,https://www.myoutdesk.com/404/,"noindex, nofollow",missing,no,HTTP 404,observed,305597,8bbc9b8f4dd498eb,False,False,740,ph_stem,http_error,2026-08-18T18:08:08Z
tech,https://www.myoutdesk.com/lp/google-philippines-tech/,404,https://www.myoutdesk.com/lp/google-philippines-tech/,Page Not Found | MyOutDesk,Page not found,https://www.myoutdesk.com/404/,"noindex, nofollow",missing,no,HTTP 404,observed,305597,8bbc9b8f4dd498eb,False,False,740,ph_stem,http_error,2026-08-18T18:08:10Z
transaction_coordinator,https://www.myoutdesk.com/lp/google-philippines-transaction-coordinator/,404,https://www.myoutdesk.com/lp/google-philippines-transaction-coordinator/,Page Not Found | MyOutDesk,Page not found,https://www.myoutdesk.com/404/,"noindex, nofollow",missing,no,HTTP 404,observed,305597,8bbc9b8f4dd498eb,False,False,740,ph_stem,http_error,2026-08-18T18:08:11Z
virtual_receptionist,https://www.myoutdesk.com/lp/google-philippines-virtual-receptionist/,404,https://www.myoutdesk.com/lp/google-philippines-virtual-receptionist/,Page Not Found | MyOutDesk,Page not found,https://www.myoutdesk.com/404/,"noindex, nofollow",missing,no,HTTP 404,observed,305597,8bbc9b8f4dd498eb,False,False,740,ph_stem,http_error,2026-08-18T18:08:12Z
virtual_staff,https://www.myoutdesk.com/lp/google-remote-staff-philippines/,404,https://www.myoutdesk.com/lp/google-remote-staff-philippines/,Page Not Found | MyOutDesk,Page not found,https://www.myoutdesk.com/404/,"noindex, nofollow",missing,no,HTTP 404,observed,305597,8bbc9b8f4dd498eb,False,False,740,core_cluster,http_error,2026-08-18T18:08:13Z
agency_firm,https://www.myoutdesk.com/lp/google-virtual-assistant-companies/,404,https://www.myoutdesk.com/lp/google-virtual-assistant-companies/,Page Not Found | MyOutDesk,Page not found,https://www.myoutdesk.com/404/,"noindex, nofollow",missing,no,HTTP 404,observed,305597,8bbc9b8f4dd498eb,False,False,740,core_cluster,http_error,2026-08-18T18:08:15Z
admin,https://www.myoutdesk.com/lp/google-admin-philippines/,404,https://www.myoutdesk.com/lp/google-admin-philippines/,Page Not Found | MyOutDesk,Page not found,https://www.myoutdesk.com/404/,"noindex, nofollow",missing,no,HTTP 404,observed,305597,8bbc9b8f4dd498eb,False,False,730,stem_ph,http_error,2026-08-18T18:08:16Z
administrative,https://www.myoutdesk.com/lp/google-administrative-philippines/,404,https://www.myoutdesk.com/lp/google-administrative-philippines/,Page Not Found | MyOutDesk,Page not found,https://www.myoutdesk.com/404/,"noindex, nofollow",missing,no,HTTP 404,observed,305597,8bbc9b8f4dd498eb,False,False,730,stem_ph,http_error,2026-08-18T18:08:17Z
appointment_setter,https://www.myoutdesk.com/lp/google-appointment-setter-philippines/,404,https://www.myoutdesk.com/lp/google-appointment-setter-philippines/,Page Not Found | MyOutDesk,Page not found,https://www.myoutdesk.com/404/,"noindex, nofollow",missing,no,HTTP 404,observed,305597,8bbc9b8f4dd498eb,False,False,730,stem_ph,http_error,2026-08-18T18:08:19Z
customer_support,https://www.myoutdesk.com/lp/google-customer-support-philippines/,404,https://www.myoutdesk.com/lp/google-customer-support-philippines/,Page Not Found | MyOutDesk,Page not found,https://www.myoutdesk.com/404/,"noindex, nofollow",missing,no,HTTP 404,observed,305597,8bbc9b8f4dd498eb,False,False,730,stem_ph,http_error,2026-08-18T18:08:20Z
digital_marketing,https://www.myoutdesk.com/lp/google-digital-marketing-philippines/,404,https://www.myoutdesk.com/lp/google-digital-marketing-philippines/,Page Not Found | MyOutDesk,Page not found,https://www.myoutdesk.com/404/,"noindex, nofollow",missing,no,HTTP 404,observed,305597,8bbc9b8f4dd498eb,False,False,730,stem_ph,http_error,2026-08-18T18:08:21Z
ecommerce,https://www.myoutdesk.com/lp/google-ecommerce-philippines/,404,https://www.myoutdesk.com/lp/google-ecommerce-philippines/,Page Not Found | MyOutDesk,Page not found,https://www.myoutdesk.com/404/,"noindex, nofollow",missing,no,HTTP 404,observed,305597,8bbc9b8f4dd498eb,False,False,730,stem_ph,http_error,2026-08-18T18:08:23Z
healthcare,https://www.myoutdesk.com/lp/google-healthcare-philippines/,404,https://www.myoutdesk.com/lp/google-healthcare-philippines/,Page Not Found | MyOutDesk,Page not found,https://www.myoutdesk.com/404/,"noindex, nofollow",missing,no,HTTP 404,observed,305597,8bbc9b8f4dd498eb,False,False,730,stem_ph,http_error,2026-08-18T18:08:24Z
human_resources,https://www.myoutdesk.com/lp/google-human-resources-philippines/,404,https://www.myoutdesk.com/lp/google-human-resources-philippines/,Page Not Found | MyOutDesk,Page not found,https://www.myoutdesk.com/404/,"noindex, nofollow",missing,no,HTTP 404,observed,305597,8bbc9b8f4dd498eb,False,False,730,stem_ph,http_error,2026-08-18T18:08:25Z
inside_sales,https://www.myoutdesk.com/lp/google-inside-sales-philippines/,404,https://www.myoutdesk.com/lp/google-inside-sales-philippines/,Page Not Found | MyOutDesk,Page not found,https://www.myoutdesk.com/404/,"noindex, nofollow",missing,no,HTTP 404,observed,305597,8bbc9b8f4dd498eb,False,False,730,stem_ph,http_error,2026-08-18T18:08:27Z
insurance,https://www.myoutdesk.com/lp/google-insurance-philippines/,404,https://www.myoutdesk.com/lp/google-insurance-philippines/,Page Not Found | MyOutDesk,Page not found,https://www.myoutdesk.com/404/,"noindex, nofollow",missing,no,HTTP 404,observed,305597,8bbc9b8f4dd498eb,False,False,730,stem_ph,http_error,2026-08-18T18:08:28Z
isa,https://www.myoutdesk.com/lp/google-isa-philippines/,404,https://www.myoutdesk.com/lp/google-isa-philippines/,Page Not Found | MyOutDesk,Page not found,https://www.myoutdesk.com/404/,"noindex, nofollow",missing,no,HTTP 404,observed,305597,8bbc9b8f4dd498eb,False,False,730,stem_ph,http_error,2026-08-18T18:08:29Z
legal,https://www.myoutdesk.com/lp/google-legal-philippines/,404,https://www.myoutdesk.com/lp/google-legal-philippines/,Page Not Found | MyOutDesk,Page not found,https://www.myoutdesk.com/404/,"noindex, nofollow",missing,no,HTTP 404,observed,305597,8bbc9b8f4dd498eb,False,False,730,stem_ph,http_error,2026-08-18T18:08:30Z
marketing,https://www.myoutdesk.com/lp/google-marketing-philippines/,404,https://www.myoutdesk.com/lp/google-marketing-philippines/,Page Not Found | MyOutDesk,Page not found,https://www.myoutdesk.com/404/,"noindex, nofollow",missing,no,HTTP 404,observed,305597,8bbc9b8f4dd498eb,False,False,730,stem_ph,http_error,2026-08-18T18:08:32Z
mortgage,https://www.myoutdesk.com/lp/google-mortgage-philippines/,404,https://www.myoutdesk.com/lp/google-mortgage-philippines/,Page Not Found | MyOutDesk,Page not found,https://www.myoutdesk.com/404/,"noindex, nofollow",missing,no,HTTP 404,observed,305597,8bbc9b8f4dd498eb,False,False,730,stem_ph,http_error,2026-08-18T18:08:33Z
property_management,https://www.myoutdesk.com/lp/google-property-management-philippines/,404,https://www.myoutdesk.com/lp/google-property-management-philippines/,Page Not Found | MyOutDesk,Page not found,https://www.myoutdesk.com/404/,"noindex, nofollow",missing,no,HTTP 404,observed,305597,8bbc9b8f4dd498eb,False,False,730,stem_ph,http_error,2026-08-18T18:08:34Z
real_estate,https://www.myoutdesk.com/lp/google-real-estate-philippines/,404,https://www.myoutdesk.com/lp/google-real-estate-philippines/,Page Not Found | MyOutDesk,Page not found,https://www.myoutdesk.com/404/,"noindex, nofollow",missing,no,HTTP 404,observed,305597,8bbc9b8f4dd498eb,False,False,730,stem_ph,http_error,2026-08-18T18:08:36Z
recruiting,https://www.myoutdesk.com/lp/google-recruiting-philippines/,404,https://www.myoutdesk.com/lp/google-recruiting-philippines/,Page Not Found | MyOutDesk,Page not found,https://www.myoutdesk.com/404/,"noindex, nofollow",missing,no,HTTP 404,observed,305597,8bbc9b8f4dd498eb,False,False,730,stem_ph,http_error,2026-08-18T18:08:37Z
recruitment,https://www.myoutdesk.com/lp/google-recruitment-philippines/,404,https://www.myoutdesk.com/lp/google-recruitment-philippines/,Page Not Found | MyOutDesk,Page not found,https://www.myoutdesk.com/404/,"noindex, nofollow",missing,no,HTTP 404,observed,305597,8bbc9b8f4dd498eb,False,False,730,stem_ph,http_error,2026-08-18T18:08:38Z
sales,https://www.myoutdesk.com/lp/google-sales-philippines/,404,https://www.myoutdesk.com/lp/google-sales-philippines/,Page Not Found | MyOutDesk,Page not found,https://www.myoutdesk.com/404/,"noindex, nofollow",missing,no,HTTP 404,observed,305597,8bbc9b8f4dd498eb,False,False,730,stem_ph,http_error,2026-08-18T18:08:39Z
sdr,https://www.myoutdesk.com/lp/google-sdr-philippines/,404,https://www.myoutdesk.com/lp/google-sdr-philippines/,Page Not Found | MyOutDesk,Page not found,https://www.myoutdesk.com/404/,"noindex, nofollow",missing,no,HTTP 404,observed,305597,8bbc9b8f4dd498eb,False,False,730,stem_ph,http_error,2026-08-18T18:08:41Z
social_media,https://www.myoutdesk.com/lp/google-social-media-philippines/,404,https://www.myoutdesk.com/lp/google-social-media-philippines/,Page Not Found | MyOutDesk,Page not found,https://www.myoutdesk.com/404/,"noindex, nofollow",missing,no,HTTP 404,observed,305597,8bbc9b8f4dd498eb,False,False,730,stem_ph,http_error,2026-08-18T18:08:42Z
staffing,https://www.myoutdesk.com/lp/google-staffing-philippines/,404,https://www.myoutdesk.com/lp/google-staffing-philippines/,Page Not Found | MyOutDesk,Page not found,https://www.myoutdesk.com/404/,"noindex, nofollow",missing,no,HTTP 404,observed,305597,8bbc9b8f4dd498eb,False,False,730,stem_ph,http_error,2026-08-18T18:08:43Z
tech,https://www.myoutdesk.com/lp/google-tech-philippines/,404,https://www.myoutdesk.com/lp/google-tech-philippines/,Page Not Found | MyOutDesk,Page not found,https://www.myoutdesk.com/404/,"noindex, nofollow",missing,no,HTTP 404,observed,305597,8bbc9b8f4dd498eb,False,False,730,stem_ph,http_error,2026-08-18T18:08:45Z
transaction_coordinator,https://www.myoutdesk.com/lp/google-transaction-coordinator-philippines/,404,https://www.myoutdesk.com/lp/google-transaction-coordinator-philippines/,Page Not Found | MyOutDesk,Page not found,https://www.myoutdesk.com/404/,"noindex, nofollow",missing,no,HTTP 404,observed,305597,8bbc9b8f4dd498eb,False,False,730,stem_ph,http_error,2026-08-18T18:08:46Z
virtual_receptionist,https://www.myoutdesk.com/lp/google-virtual-receptionist-philippines/,404,https://www.myoutdesk.com/lp/google-virtual-receptionist-philippines/,Page Not Found | MyOutDesk,Page not found,https://www.myoutdesk.com/404/,"noindex, nofollow",missing,no,HTTP 404,observed,305597,8bbc9b8f4dd498eb,False,False,730,stem_ph,http_error,2026-08-18T18:08:47Z
accountant,https://www.myoutdesk.com/lp/google-accountant/,404,https://www.myoutdesk.com/lp/google-accountant/,Page Not Found | MyOutDesk,Page not found,https://www.myoutdesk.com/404/,"noindex, nofollow",missing,no,HTTP 404,observed,305597,8bbc9b8f4dd498eb,False,False,720,stem,http_error,2026-08-18T18:08:49Z
accounting,https://www.myoutdesk.com/lp/google-accounting/,404,https://www.myoutdesk.com/lp/google-accounting/,Page Not Found | MyOutDesk,Page not found,https://www.myoutdesk.com/404/,"noindex, nofollow",missing,no,HTTP 404,observed,305597,8bbc9b8f4dd498eb,False,False,720,stem,http_error,2026-08-18T18:08:50Z
admin,https://www.myoutdesk.com/lp/google-admin/,404,https://www.myoutdesk.com/lp/google-admin/,Page Not Found | MyOutDesk,Page not found,https://www.myoutdesk.com/404/,"noindex, nofollow",missing,no,HTTP 404,observed,305597,8bbc9b8f4dd498eb,False,False,720,stem,http_error,2026-08-18T18:08:51Z
administrative,https://www.myoutdesk.com/lp/google-administrative/,404,https://www.myoutdesk.com/lp/google-administrative/,Page Not Found | MyOutDesk,Page not found,https://www.myoutdesk.com/404/,"noindex, nofollow",missing,no,HTTP 404,observed,305597,8bbc9b8f4dd498eb,False,False,720,stem,http_error,2026-08-18T18:08:53Z
appointment_setter,https://www.myoutdesk.com/lp/google-appointment-setter/,404,https://www.myoutdesk.com/lp/google-appointment-setter/,Page Not Found | MyOutDesk,Page not found,https://www.myoutdesk.com/404/,"noindex, nofollow",missing,no,HTTP 404,observed,305597,8bbc9b8f4dd498eb,False,False,720,stem,http_error,2026-08-18T18:08:54Z
bookkeeper,https://www.myoutdesk.com/lp/google-bookkeeper/,404,https://www.myoutdesk.com/lp/google-bookkeeper/,Page Not Found | MyOutDesk,Page not found,https://www.myoutdesk.com/404/,"noindex, nofollow",missing,no,HTTP 404,observed,305597,8bbc9b8f4dd498eb,False,False,720,stem,http_error,2026-08-18T18:08:55Z
customer_support,https://www.myoutdesk.com/lp/google-customer-support/,404,https://www.myoutdesk.com/lp/google-customer-support/,Page Not Found | MyOutDesk,Page not found,https://www.myoutdesk.com/404/,"noindex, nofollow",missing,no,HTTP 404,observed,305597,8bbc9b8f4dd498eb,False,False,720,stem,http_error,2026-08-18T18:08:57Z
digital_marketing,https://www.myoutdesk.com/lp/google-digital-marketing/,404,https://www.myoutdesk.com/lp/google-digital-marketing/,Page Not Found | MyOutDesk,Page not found,https://www.myoutdesk.com/404/,"noindex, nofollow",missing,no,HTTP 404,observed,305597,8bbc9b8f4dd498eb,False,False,720,stem,http_error,2026-08-18T18:08:58Z
ecommerce,https://www.myoutdesk.com/lp/google-ecommerce/,404,https://www.myoutdesk.com/lp/google-ecommerce/,Page Not Found | MyOutDesk,Page not found,https://www.myoutdesk.com/404/,"noindex, nofollow",missing,no,HTTP 404,observed,305597,8bbc9b8f4dd498eb,False,False,720,stem,http_error,2026-08-18T18:08:59Z
prefix_test,https://www.myoutdesk.com/lp/philippines-virtual-assistants/,404,https://www.myoutdesk.com/lp/philippines-virtual-assistants/,Page Not Found | MyOutDesk,Page not found,https://www.myoutdesk.com/404/,"noindex, nofollow",missing,no,HTTP 404 / 404 template,observed,305597,8bbc9b8f4dd498eb,True,False,400,prefix_followup,live,2026-08-18T18:09:43Z
prefix_test,https://www.myoutdesk.com/lp/virtual-assistants/,404,https://www.myoutdesk.com/lp/virtual-assistants/,Page Not Found | MyOutDesk,Page not found,https://www.myoutdesk.com/404/,"noindex, nofollow",missing,no,HTTP 404 / 404 template,observed,305597,8bbc9b8f4dd498eb,True,False,400,prefix_followup,live,2026-08-18T18:09:44Z
prefix_test,https://www.myoutdesk.com/lp/real-estate-virtual-assistants/,404,https://www.myoutdesk.com/lp/real-estate-virtual-assistants/,Page Not Found | MyOutDesk,Page not found,https://www.myoutdesk.com/404/,"noindex, nofollow",missing,no,HTTP 404 / 404 template,observed,305597,8bbc9b8f4dd498eb,True,False,400,prefix_followup,live,2026-08-18T18:09:45Z
prefix_test,https://www.myoutdesk.com/lp/brand-search-campaign/,404,https://www.myoutdesk.com/lp/brand-search-campaign/,Page Not Found | MyOutDesk,Page not found,https://www.myoutdesk.com/404/,"noindex, nofollow",missing,no,HTTP 404 / 404 template,observed,305597,8bbc9b8f4dd498eb,True,False,400,prefix_followup,live,2026-08-18T18:09:47Z
prefix_test,https://www.myoutdesk.com/lp/brand-search-campaign-b/,404,https://www.myoutdesk.com/lp/brand-search-campaign-b/,Page Not Found | MyOutDesk,Page not found,https://www.myoutdesk.com/404/,"noindex, nofollow",missing,no,HTTP 404 / 404 template,observed,305597,8bbc9b8f4dd498eb,True,False,400,prefix_followup,live,2026-08-18T18:09:48Z
