Account,Row Type,Campaign,Campaign Type,Campaign Status,Budget,Budget type,Bid Strategy Type,Networks,Languages,Location,Location options,Tracking template,Final URL suffix,Ad Group,Ad Group Status,Maximum CPC bid limit,Keyword,Criterion Type,Keyword Status,Ad Status,Ad type,Final URL,Path 1,Path 2,Headline 1,Headline 2,Headline 3,Headline 4,Headline 5,Headline 6,Headline 7,Headline 8,Headline 9,Headline 10,Headline 11,Headline 12,Headline 13,Headline 14,Headline 15,Description 1,Description 2,Description 3,Description 4,Link Text,Description Line 1,Description Line 2,Callout text,Header,Snippet Values,Negative,Comment
573-539-1940,Campaign,VC_AU_S_CORE,Search,Paused,75,Daily,Maximize Clicks,Google Search,en,Australia,Presence,{lpurl},utm_source=google&utm_medium=cpc&utm_campaign={campaignid}&utm_content={adgroupid}&utm_term={keyword}&utm_matchtype={matchtype}&utm_device={device}&lp_version=stage1-v7,,,6,,,,,,,,,,,,,,,,,,,,,,,,,,,,,,,,,,,Stage1 v7 CORE (~60%); Max Clicks; Search only; Exact+Phrase; Paused; Brand deferred; Final URL=market home
573-539-1940,Ad group,VC_AU_S_CORE,Search,Paused,,Daily,Maximize Clicks,Google Search,,,Presence,,,Hire_VA_PH,Paused,,,,,,,,,,,,,,,,,,,,,,,,,,,,,,,,,,,,CORE AG — Hire_VA_PH; Final URL=market home
573-539-1940,Keyword,VC_AU_S_CORE,Search,Paused,,Daily,Maximize Clicks,Google Search,,,Presence,,,Hire_VA_PH,Paused,,virtual assistant,Exact,Paused,,,,,,,,,,,,,,,,,,,,,,,,,,,,,,,,VC_Keywords_Paused_Live · George paused live USA Exact junk/general/job-seeker-y terms; synced from Editor DB ape_4967151855 (Get recent changes). Phrase stays paused (Exact-only bidding). (2026-08-07); was Exact
573-539-1940,Keyword,VC_AU_S_CORE,Search,Paused,,Daily,Maximize Clicks,Google Search,,,Presence,,,Hire_VA_PH,Paused,,virtual assistants,Exact,Paused,,,,,,,,,,,,,,,,,,,,,,,,,,,,,,,,VC_Keywords_Paused_Live · George paused live USA Exact junk/general/job-seeker-y terms; synced from Editor DB ape_4967151855 (Get recent changes). Phrase stays paused (Exact-only bidding). (2026-08-07); was Exact
573-539-1940,Keyword,VC_AU_S_CORE,Search,Paused,,Daily,Maximize Clicks,Google Search,,,Presence,,,Hire_VA_PH,Paused,,hire virtual assistant,Exact,Paused,,,,,,,,,,,,,,,,,,,,,,,,,,,,,,,,v6 Exact — ST evidence + employer long-tail
573-539-1940,Keyword,VC_AU_S_CORE,Search,Paused,,Daily,Maximize Clicks,Google Search,,,Presence,,,Hire_VA_PH,Paused,,hire a virtual assistant,Exact,Paused,,,,,,,,,,,,,,,,,,,,,,,,,,,,,,,,v6 Exact — ST evidence + employer long-tail
573-539-1940,Keyword,VC_AU_S_CORE,Search,Paused,,Daily,Maximize Clicks,Google Search,,,Presence,,,Hire_VA_PH,Paused,,virtual assistant hire,Exact,Paused,,,,,,,,,,,,,,,,,,,,,,,,,,,,,,,,v6 Exact — ST evidence + employer long-tail
573-539-1940,Keyword,VC_AU_S_CORE,Search,Paused,,Daily,Maximize Clicks,Google Search,,,Presence,,,Hire_VA_PH,Paused,,hire a va,Exact,Paused,,,,,,,,,,,,,,,,,,,,,,,,,,,,,,,,VC_Keywords_Paused_Live · George paused live USA Exact junk/general/job-seeker-y terms; synced from Editor DB ape_4967151855 (Get recent changes). Phrase stays paused (Exact-only bidding). (2026-08-07); was Exact
573-539-1940,Keyword,VC_AU_S_CORE,Search,Paused,,Daily,Maximize Clicks,Google Search,,,Presence,,,Hire_VA_PH,Paused,,hire va,Exact,Paused,,,,,,,,,,,,,,,,,,,,,,,,,,,,,,,,VC_Keywords_Paused_Live · George paused live USA Exact junk/general/job-seeker-y terms; synced from Editor DB ape_4967151855 (Get recent changes). Phrase stays paused (Exact-only bidding). (2026-08-07); was Exact
573-539-1940,Keyword,VC_AU_S_CORE,Search,Paused,,Daily,Maximize Clicks,Google Search,,,Presence,,,Hire_VA_PH,Paused,,virtual assistants for hire,Exact,Paused,,,,,,,,,,,,,,,,,,,,,,,,,,,,,,,,v6 Exact — ST evidence + employer long-tail
573-539-1940,Keyword,VC_AU_S_CORE,Search,Paused,,Daily,Maximize Clicks,Google Search,,,Presence,,,Hire_VA_PH,Paused,,virtual assistant for hire,Exact,Paused,,,,,,,,,,,,,,,,,,,,,,,,,,,,,,,,v6 Exact — ST evidence + employer long-tail
573-539-1940,Keyword,VC_AU_S_CORE,Search,Paused,,Daily,Maximize Clicks,Google Search,,,Presence,,,Hire_VA_PH,Paused,,va for hire,Exact,Paused,,,,,,,,,,,,,,,,,,,,,,,,,,,,,,,,VC_Keywords_Paused_Live · George paused live USA Exact junk/general/job-seeker-y terms; synced from Editor DB ape_4967151855 (Get recent changes). Phrase stays paused (Exact-only bidding). (2026-08-07); was Exact
573-539-1940,Keyword,VC_AU_S_CORE,Search,Paused,,Daily,Maximize Clicks,Google Search,,,Presence,,,Hire_VA_PH,Paused,,looking for a virtual assistant,Exact,Paused,,,,,,,,,,,,,,,,,,,,,,,,,,,,,,,,v6 Exact — ST evidence + employer long-tail
573-539-1940,Keyword,VC_AU_S_CORE,Search,Paused,,Daily,Maximize Clicks,Google Search,,,Presence,,,Hire_VA_PH,Paused,,looking for virtual assistant,Exact,Paused,,,,,,,,,,,,,,,,,,,,,,,,,,,,,,,,v6 Exact — ST evidence + employer long-tail
573-539-1940,Keyword,VC_AU_S_CORE,Search,Paused,,Daily,Maximize Clicks,Google Search,,,Presence,,,Hire_VA_PH,Paused,,how to hire a virtual assistant,Exact,Paused,,,,,,,,,,,,,,,,,,,,,,,,,,,,,,,,v6 Exact — ST evidence + employer long-tail
573-539-1940,Keyword,VC_AU_S_CORE,Search,Paused,,Daily,Maximize Clicks,Google Search,,,Presence,,,Hire_VA_PH,Paused,,how to hire a virtual assistant philippines,Exact,Paused,,,,,,,,,,,,,,,,,,,,,,,,,,,,,,,,v6 Exact — ST evidence + employer long-tail
573-539-1940,Keyword,VC_AU_S_CORE,Search,Paused,,Daily,Maximize Clicks,Google Search,,,Presence,,,Hire_VA_PH,Paused,,hire filipino virtual assistant,Exact,Paused,,,,,,,,,,,,,,,,,,,,,,,,,,,,,,,,v6 Exact — ST evidence + employer long-tail
573-539-1940,Keyword,VC_AU_S_CORE,Search,Paused,,Daily,Maximize Clicks,Google Search,,,Presence,,,Hire_VA_PH,Paused,,hire a filipino virtual assistant,Exact,Paused,,,,,,,,,,,,,,,,,,,,,,,,,,,,,,,,v6 Exact — ST evidence + employer long-tail
573-539-1940,Keyword,VC_AU_S_CORE,Search,Paused,,Daily,Maximize Clicks,Google Search,,,Presence,,,Hire_VA_PH,Paused,,hire filipino virtual assistants,Exact,Paused,,,,,,,,,,,,,,,,,,,,,,,,,,,,,,,,v6 Exact — ST evidence + employer long-tail
573-539-1940,Keyword,VC_AU_S_CORE,Search,Paused,,Daily,Maximize Clicks,Google Search,,,Presence,,,Hire_VA_PH,Paused,,hire filipino va,Exact,Paused,,,,,,,,,,,,,,,,,,,,,,,,,,,,,,,,v6 Exact — ST evidence + employer long-tail
573-539-1940,Keyword,VC_AU_S_CORE,Search,Paused,,Daily,Maximize Clicks,Google Search,,,Presence,,,Hire_VA_PH,Paused,,hire a filipino va,Exact,Paused,,,,,,,,,,,,,,,,,,,,,,,,,,,,,,,,v6 Exact — ST evidence + employer long-tail
573-539-1940,Keyword,VC_AU_S_CORE,Search,Paused,,Daily,Maximize Clicks,Google Search,,,Presence,,,Hire_VA_PH,Paused,,hire virtual assistant from philippines,Exact,Paused,,,,,,,,,,,,,,,,,,,,,,,,,,,,,,,,v6 Exact — ST evidence + employer long-tail
573-539-1940,Keyword,VC_AU_S_CORE,Search,Paused,,Daily,Maximize Clicks,Google Search,,,Presence,,,Hire_VA_PH,Paused,,hire philippines virtual assistant,Exact,Paused,,,,,,,,,,,,,,,,,,,,,,,,,,,,,,,,v6 Exact — ST evidence + employer long-tail
573-539-1940,Keyword,VC_AU_S_CORE,Search,Paused,,Daily,Maximize Clicks,Google Search,,,Presence,,,Hire_VA_PH,Paused,,hire a virtual assistant philippines,Exact,Paused,,,,,,,,,,,,,,,,,,,,,,,,,,,,,,,,v6 Exact — ST evidence + employer long-tail
573-539-1940,Keyword,VC_AU_S_CORE,Search,Paused,,Daily,Maximize Clicks,Google Search,,,Presence,,,Hire_VA_PH,Paused,,hire virtual assistant philippines,Exact,Paused,,,,,,,,,,,,,,,,,,,,,,,,,,,,,,,,v6 Exact — ST evidence + employer long-tail
573-539-1940,Keyword,VC_AU_S_CORE,Search,Paused,,Daily,Maximize Clicks,Google Search,,,Presence,,,Hire_VA_PH,Paused,,hire va philippines,Exact,Paused,,,,,,,,,,,,,,,,,,,,,,,,,,,,,,,,v6 Exact — ST evidence + employer long-tail
573-539-1940,Keyword,VC_AU_S_CORE,Search,Paused,,Daily,Maximize Clicks,Google Search,,,Presence,,,Hire_VA_PH,Paused,,hire offshore virtual assistant,Exact,Paused,,,,,,,,,,,,,,,,,,,,,,,,,,,,,,,,v6 Exact — ST evidence + employer long-tail
573-539-1940,Keyword,VC_AU_S_CORE,Search,Paused,,Daily,Maximize Clicks,Google Search,,,Presence,,,Hire_VA_PH,Paused,,hire overseas virtual assistant,Exact,Paused,,,,,,,,,,,,,,,,,,,,,,,,,,,,,,,,v6 Exact — ST evidence + employer long-tail
573-539-1940,Keyword,VC_AU_S_CORE,Search,Paused,,Daily,Maximize Clicks,Google Search,,,Presence,,,Hire_VA_PH,Paused,,hire remote virtual assistant,Exact,Paused,,,,,,,,,,,,,,,,,,,,,,,,,,,,,,,,v6 Exact — ST evidence + employer long-tail
573-539-1940,Keyword,VC_AU_S_CORE,Search,Paused,,Daily,Maximize Clicks,Google Search,,,Presence,,,Hire_VA_PH,Paused,,hire a va in the philippines,Exact,Paused,,,,,,,,,,,,,,,,,,,,,,,,,,,,,,,,v6 Exact — ST evidence + employer long-tail
573-539-1940,Keyword,VC_AU_S_CORE,Search,Paused,,Daily,Maximize Clicks,Google Search,,,Presence,,,Hire_VA_PH,Paused,,hire a virtual assistant in the philippines,Exact,Paused,,,,,,,,,,,,,,,,,,,,,,,,,,,,,,,,v6 Exact — ST evidence + employer long-tail
573-539-1940,Keyword,VC_AU_S_CORE,Search,Paused,,Daily,Maximize Clicks,Google Search,,,Presence,,,Hire_VA_PH,Paused,,hiring virtual assistant philippines,Exact,Paused,,,,,,,,,,,,,,,,,,,,,,,,,,,,,,,,v6 Exact — ST evidence + employer long-tail
573-539-1940,Keyword,VC_AU_S_CORE,Search,Paused,,Daily,Maximize Clicks,Google Search,,,Presence,,,Hire_VA_PH,Paused,,hire virtual assistant ph,Exact,Paused,,,,,,,,,,,,,,,,,,,,,,,,,,,,,,,,v6 Exact — ST evidence + employer long-tail
573-539-1940,Keyword,VC_AU_S_CORE,Search,Paused,,Daily,Maximize Clicks,Google Search,,,Presence,,,Hire_VA_PH,Paused,,virtual assistant hiring philippines,Exact,Paused,,,,,,,,,,,,,,,,,,,,,,,,,,,,,,,,v6 Exact — ST evidence + employer long-tail
573-539-1940,Keyword,VC_AU_S_CORE,Search,Paused,,Daily,Maximize Clicks,Google Search,,,Presence,,,Hire_VA_PH,Paused,,virtual assistant hiring,Exact,Paused,,,,,,,,,,,,,,,,,,,,,,,,,,,,,,,,v6 Exact — ST evidence + employer long-tail
573-539-1940,Keyword,VC_AU_S_CORE,Search,Paused,,Daily,Maximize Clicks,Google Search,,,Presence,,,Hire_VA_PH,Paused,,hiring virtual assistant,Exact,Paused,,,,,,,,,,,,,,,,,,,,,,,,,,,,,,,,v6 Exact — ST evidence + employer long-tail
573-539-1940,Keyword,VC_AU_S_CORE,Search,Paused,,Daily,Maximize Clicks,Google Search,,,Presence,,,Hire_VA_PH,Paused,,filipino virtual assistant for hire,Exact,Paused,,,,,,,,,,,,,,,,,,,,,,,,,,,,,,,,v6 Exact — ST evidence + employer long-tail
573-539-1940,Keyword,VC_AU_S_CORE,Search,Paused,,Daily,Maximize Clicks,Google Search,,,Presence,,,Hire_VA_PH,Paused,,where to hire virtual assistant philippines,Exact,Paused,,,,,,,,,,,,,,,,,,,,,,,,,,,,,,,,v6 Exact — ST evidence + employer long-tail
573-539-1940,Keyword,VC_AU_S_CORE,Search,Paused,,Daily,Maximize Clicks,Google Search,,,Presence,,,Hire_VA_PH,Paused,,virtual assistant services,Exact,Paused,,,,,,,,,,,,,,,,,,,,,,,,,,,,,,,,v6 Exact — ST evidence + employer long-tail
573-539-1940,Keyword,VC_AU_S_CORE,Search,Paused,,Daily,Maximize Clicks,Google Search,,,Presence,,,Hire_VA_PH,Paused,,va services,Exact,Paused,,,,,,,,,,,,,,,,,,,,,,,,,,,,,,,,VC_Keywords_Paused_Live · George paused live USA Exact junk/general/job-seeker-y terms; synced from Editor DB ape_4967151855 (Get recent changes). Phrase stays paused (Exact-only bidding). (2026-08-07); was Exact
573-539-1940,Keyword,VC_AU_S_CORE,Search,Paused,,Daily,Maximize Clicks,Google Search,,,Presence,,,Hire_VA_PH,Paused,,virtual assistant agency,Exact,Paused,,,,,,,,,,,,,,,,,,,,,,,,,,,,,,,,v6 Exact — ST evidence + employer long-tail
573-539-1940,Keyword,VC_AU_S_CORE,Search,Paused,,Daily,Maximize Clicks,Google Search,,,Presence,,,Hire_VA_PH,Paused,,va agency,Exact,Paused,,,,,,,,,,,,,,,,,,,,,,,,,,,,,,,,VC_Keywords_Paused_Live · George paused live USA Exact junk/general/job-seeker-y terms; synced from Editor DB ape_4967151855 (Get recent changes). Phrase stays paused (Exact-only bidding). (2026-08-07); was Exact
573-539-1940,Keyword,VC_AU_S_CORE,Search,Paused,,Daily,Maximize Clicks,Google Search,,,Presence,,,Hire_VA_PH,Paused,,virtual assistant company,Exact,Paused,,,,,,,,,,,,,,,,,,,,,,,,,,,,,,,,v6 Exact — ST evidence + employer long-tail
573-539-1940,Keyword,VC_AU_S_CORE,Search,Paused,,Daily,Maximize Clicks,Google Search,,,Presence,,,Hire_VA_PH,Paused,,virtual assistant companies,Exact,Paused,,,,,,,,,,,,,,,,,,,,,,,,,,,,,,,,v6 Exact — ST evidence + employer long-tail
573-539-1940,Keyword,VC_AU_S_CORE,Search,Paused,,Daily,Maximize Clicks,Google Search,,,Presence,,,Hire_VA_PH,Paused,,dedicated virtual assistant,Exact,Paused,,,,,,,,,,,,,,,,,,,,,,,,,,,,,,,,v6 Exact — ST evidence + employer long-tail
573-539-1940,Keyword,VC_AU_S_CORE,Search,Paused,,Daily,Maximize Clicks,Google Search,,,Presence,,,Hire_VA_PH,Paused,,virtual assistant for business,Exact,Paused,,,,,,,,,,,,,,,,,,,,,,,,,,,,,,,,v6 Exact — ST evidence + employer long-tail
573-539-1940,Keyword,VC_AU_S_CORE,Search,Paused,,Daily,Maximize Clicks,Google Search,,,Presence,,,Hire_VA_PH,Paused,,remote virtual assistant for business,Exact,Paused,,,,,,,,,,,,,,,,,,,,,,,,,,,,,,,,v6 Exact — ST evidence + employer long-tail
573-539-1940,Keyword,VC_AU_S_CORE,Search,Paused,,Daily,Maximize Clicks,Google Search,,,Presence,,,Hire_VA_PH,Paused,,virtual assistance,Exact,Paused,,,,,,,,,,,,,,,,,,,,,,,,,,,,,,,,VC_Keywords_Paused_Live · George paused live USA Exact junk/general/job-seeker-y terms; synced from Editor DB ape_4967151855 (Get recent changes). Phrase stays paused (Exact-only bidding). (2026-08-07); was Exact
573-539-1940,Keyword,VC_AU_S_CORE,Search,Paused,,Daily,Maximize Clicks,Google Search,,,Presence,,,Hire_VA_PH,Paused,,virtual assistance services,Exact,Paused,,,,,,,,,,,,,,,,,,,,,,,,,,,,,,,,v6 Exact — ST evidence + employer long-tail
573-539-1940,Keyword,VC_AU_S_CORE,Search,Paused,,Daily,Maximize Clicks,Google Search,,,Presence,,,Hire_VA_PH,Paused,,virtual assistant providers,Exact,Paused,,,,,,,,,,,,,,,,,,,,,,,,,,,,,,,,v6 Exact — ST evidence + employer long-tail
573-539-1940,Keyword,VC_AU_S_CORE,Search,Paused,,Daily,Maximize Clicks,Google Search,,,Presence,,,Hire_VA_PH,Paused,,find a virtual assistant,Exact,Paused,,,,,,,,,,,,,,,,,,,,,,,,,,,,,,,,v6 Exact — ST evidence + employer long-tail
573-539-1940,Keyword,VC_AU_S_CORE,Search,Paused,,Daily,Maximize Clicks,Google Search,,,Presence,,,Hire_VA_PH,Paused,,virtual staffing company,Exact,Paused,,,,,,,,,,,,,,,,,,,,,,,,,,,,,,,,v6 Exact — ST evidence + employer long-tail
573-539-1940,Keyword,VC_AU_S_CORE,Search,Paused,,Daily,Maximize Clicks,Google Search,,,Presence,,,Hire_VA_PH,Paused,,hire virtual assistant,Phrase,Paused,,,,,,,,,,,,,,,,,,,,,,,,,,,,,,,,v6 Phrase — discovery from converting ST clusters
573-539-1940,Keyword,VC_AU_S_CORE,Search,Paused,,Daily,Maximize Clicks,Google Search,,,Presence,,,Hire_VA_PH,Paused,,hire a virtual assistant,Phrase,Paused,,,,,,,,,,,,,,,,,,,,,,,,,,,,,,,,v6 Phrase — discovery from converting ST clusters
573-539-1940,Keyword,VC_AU_S_CORE,Search,Paused,,Daily,Maximize Clicks,Google Search,,,Presence,,,Hire_VA_PH,Paused,,hire filipino virtual assistant,Phrase,Paused,,,,,,,,,,,,,,,,,,,,,,,,,,,,,,,,v6 Phrase — discovery from converting ST clusters
573-539-1940,Keyword,VC_AU_S_CORE,Search,Paused,,Daily,Maximize Clicks,Google Search,,,Presence,,,Hire_VA_PH,Paused,,hire filipino va,Phrase,Paused,,,,,,,,,,,,,,,,,,,,,,,,,,,,,,,,v6 Phrase — discovery from converting ST clusters
573-539-1940,Keyword,VC_AU_S_CORE,Search,Paused,,Daily,Maximize Clicks,Google Search,,,Presence,,,Hire_VA_PH,Paused,,hire va philippines,Phrase,Paused,,,,,,,,,,,,,,,,,,,,,,,,,,,,,,,,v6 Phrase — discovery from converting ST clusters
573-539-1940,Keyword,VC_AU_S_CORE,Search,Paused,,Daily,Maximize Clicks,Google Search,,,Presence,,,Hire_VA_PH,Paused,,hire virtual assistant philippines,Phrase,Paused,,,,,,,,,,,,,,,,,,,,,,,,,,,,,,,,v6 Phrase — discovery from converting ST clusters
573-539-1940,Keyword,VC_AU_S_CORE,Search,Paused,,Daily,Maximize Clicks,Google Search,,,Presence,,,Hire_VA_PH,Paused,,how to hire a virtual assistant,Phrase,Paused,,,,,,,,,,,,,,,,,,,,,,,,,,,,,,,,v6 Phrase — discovery from converting ST clusters
573-539-1940,Keyword,VC_AU_S_CORE,Search,Paused,,Daily,Maximize Clicks,Google Search,,,Presence,,,Hire_VA_PH,Paused,,looking for a virtual assistant,Phrase,Paused,,,,,,,,,,,,,,,,,,,,,,,,,,,,,,,,v6 Phrase — discovery from converting ST clusters
573-539-1940,Keyword,VC_AU_S_CORE,Search,Paused,,Daily,Maximize Clicks,Google Search,,,Presence,,,Hire_VA_PH,Paused,,virtual assistant for business,Phrase,Paused,,,,,,,,,,,,,,,,,,,,,,,,,,,,,,,,v6 Phrase — discovery from converting ST clusters
573-539-1940,Keyword,VC_AU_S_CORE,Search,Paused,,Daily,Maximize Clicks,Google Search,,,Presence,,,Hire_VA_PH,Paused,,virtual assistant services,Phrase,Paused,,,,,,,,,,,,,,,,,,,,,,,,,,,,,,,,v6 Phrase — discovery from converting ST clusters
573-539-1940,Keyword,VC_AU_S_CORE,Search,Paused,,Daily,Maximize Clicks,Google Search,,,Presence,,,Hire_VA_PH,Paused,,va agency,Phrase,Paused,,,,,,,,,,,,,,,,,,,,,,,,,,,,,,,,VC_Keywords_Paused_Live · George paused live USA Exact junk/general/job-seeker-y terms; synced from Editor DB ape_4967151855 (Get recent changes). Phrase stays paused (Exact-only bidding). (2026-08-07); was Phrase
573-539-1940,Keyword,VC_AU_S_CORE,Search,Paused,,Daily,Maximize Clicks,Google Search,,,Presence,,,Hire_VA_PH,Paused,,hire remote filipino assistant,Phrase,Paused,,,,,,,,,,,,,,,,,,,,,,,,,,,,,,,,v6 Phrase — discovery from converting ST clusters
573-539-1940,Keyword,VC_AU_S_CORE,Search,Paused,,Daily,Maximize Clicks,Google Search,,,Presence,,,Hire_VA_PH,Paused,,dedicated virtual assistant,Phrase,Paused,,,,,,,,,,,,,,,,,,,,,,,,,,,,,,,,v6 Phrase — discovery from converting ST clusters
573-539-1940,Ad,VC_AU_S_CORE,Search,Paused,,Daily,Maximize Clicks,Google Search,,,Presence,,,Hire_VA_PH,Paused,,,,,Paused,Responsive search ad,https://www.virtualcoworker.app/au,hire,va,Hire Virtual Assistant PH,Hire Filipino VA,AU Employer VA Hire,Philippines VA Staffing,Dedicated Remote VA,Vetted VA Shortlist,Interview Before Hire,Not Gig Platform VA,How to Hire a VA,Core VA Hire Process,Hire PH Role Staff,Remote Admin Capacity,Clear Employer Process,Staffing Partner Hire,{KeyWord:Hire Virtual Assistant},Hire dedicated Philippines VAs for your Australian business.,Tell us who you need. We recruit and screen — you interview the shortlist.,For businesses only. A form submit is not a hire or placement.,Staffing partner for established businesses — not DIY training or job ads.,,,,,,,,Core RSA hire; Final URL=market home
573-539-1940,Ad,VC_AU_S_CORE,Search,Paused,,Daily,Maximize Clicks,Google Search,,,Presence,,,Hire_VA_PH,Paused,,,,,Paused,Responsive search ad,https://www.virtualcoworker.app/au,va,hire,Looking for a VA?,VA for Hire Philippines,Virtual Assistant Agency,AU VA Hiring Path,Filipino VA for Business,You Interview Finalists,Dedicated Not Freelance,VA Services for SMBs,Hire Remote VA Seat,Employer Hiring Only,Virtual Staffing Partner,Not a Job Board VA,Scale Admin Bandwidth,Request Hiring Shortlist,{KeyWord:Hire Filipino VA},Match hire-VA searches to vetted Philippines talent for Australian employers.,We shortlist. You interview. Dedicated seat — not marketplace task work.,Employer hire path for dedicated VA seats — not marketplace task work.,Tell us the role. We recruit and vet. You decide who joins.,,,,,,,,Core RSA hire_b; Final URL=market home
573-539-1940,Ad,VC_AU_S_CORE,Search,Paused,,Daily,Maximize Clicks,Google Search,,,Presence,,,Hire_VA_PH,Paused,,,,,Paused,Responsive search ad,https://www.virtualcoworker.app/au,shortlist,va,How to Hire a VA Fast,VA Shortlist for Employers,Screened Filipino Finalists,AU Hire Path Speed,Recruit Vet Then Interview,Skip Job Board Searching,Get VA Candidates Ready,Staffing Pipeline Hire,Role Brief to Shortlist,Employer Shortlist First,Vetted Remote VA Seats,Not DIY VA Hiring,Dedicated Hire Support,Clear Next Hire Step,{KeyWord:How to Hire a VA},Need a VA for your Australian business? We recruit and screen — you interview.,"Shortlist-first hiring: tell us the role, review vetted Philippines finalists.",Speed comes from a staffing pipeline — timelines confirmed in follow-up.,For businesses only. An accepted form is not a hire or placement.,,,,,,,,Core RSA hire_c; Final URL=market home
573-539-1940,Ad group,VC_AU_S_CORE,Search,Paused,,Daily,Maximize Clicks,Google Search,,,Presence,,,Offshore_VA_PH,Paused,,,,,,,,,,,,,,,,,,,,,,,,,,,,,,,,,,,,CORE AG — Offshore_VA_PH; Final URL=market home
573-539-1940,Keyword,VC_AU_S_CORE,Search,Paused,,Daily,Maximize Clicks,Google Search,,,Presence,,,Offshore_VA_PH,Paused,,filipino virtual assistant,Exact,Paused,,,,,,,,,,,,,,,,,,,,,,,,,,,,,,,,v6 Exact — ST evidence + employer long-tail
573-539-1940,Keyword,VC_AU_S_CORE,Search,Paused,,Daily,Maximize Clicks,Google Search,,,Presence,,,Offshore_VA_PH,Paused,,filipino virtual assistants,Exact,Paused,,,,,,,,,,,,,,,,,,,,,,,,,,,,,,,,v6 Exact — ST evidence + employer long-tail
573-539-1940,Keyword,VC_AU_S_CORE,Search,Paused,,Daily,Maximize Clicks,Google Search,,,Presence,,,Offshore_VA_PH,Paused,,filipino va,Exact,Paused,,,,,,,,,,,,,,,,,,,,,,,,,,,,,,,,v6 Exact — ST evidence + employer long-tail
573-539-1940,Keyword,VC_AU_S_CORE,Search,Paused,,Daily,Maximize Clicks,Google Search,,,Presence,,,Offshore_VA_PH,Paused,,filipino vas,Exact,Paused,,,,,,,,,,,,,,,,,,,,,,,,,,,,,,,,v6 Exact — ST evidence + employer long-tail
573-539-1940,Keyword,VC_AU_S_CORE,Search,Paused,,Daily,Maximize Clicks,Google Search,,,Presence,,,Offshore_VA_PH,Paused,,virtual assistant philippines,Exact,Paused,,,,,,,,,,,,,,,,,,,,,,,,,,,,,,,,v6 Exact — ST evidence + employer long-tail
573-539-1940,Keyword,VC_AU_S_CORE,Search,Paused,,Daily,Maximize Clicks,Google Search,,,Presence,,,Offshore_VA_PH,Paused,,philippines virtual assistant,Exact,Paused,,,,,,,,,,,,,,,,,,,,,,,,,,,,,,,,v6 Exact — ST evidence + employer long-tail
573-539-1940,Keyword,VC_AU_S_CORE,Search,Paused,,Daily,Maximize Clicks,Google Search,,,Presence,,,Offshore_VA_PH,Paused,,virtual assistants philippines,Exact,Paused,,,,,,,,,,,,,,,,,,,,,,,,,,,,,,,,v6 Exact — ST evidence + employer long-tail
573-539-1940,Keyword,VC_AU_S_CORE,Search,Paused,,Daily,Maximize Clicks,Google Search,,,Presence,,,Offshore_VA_PH,Paused,,philippine virtual assistant,Exact,Paused,,,,,,,,,,,,,,,,,,,,,,,,,,,,,,,,v6 Exact — ST evidence + employer long-tail
573-539-1940,Keyword,VC_AU_S_CORE,Search,Paused,,Daily,Maximize Clicks,Google Search,,,Presence,,,Offshore_VA_PH,Paused,,virtual assistant in philippines,Exact,Paused,,,,,,,,,,,,,,,,,,,,,,,,,,,,,,,,v6 Exact — ST evidence + employer long-tail
573-539-1940,Keyword,VC_AU_S_CORE,Search,Paused,,Daily,Maximize Clicks,Google Search,,,Presence,,,Offshore_VA_PH,Paused,,virtual assistants in philippines,Exact,Paused,,,,,,,,,,,,,,,,,,,,,,,,,,,,,,,,v6 Exact — ST evidence + employer long-tail
573-539-1940,Keyword,VC_AU_S_CORE,Search,Paused,,Daily,Maximize Clicks,Google Search,,,Presence,,,Offshore_VA_PH,Paused,,virtual assistants in the philippines,Exact,Paused,,,,,,,,,,,,,,,,,,,,,,,,,,,,,,,,v6 Exact — ST evidence + employer long-tail
573-539-1940,Keyword,VC_AU_S_CORE,Search,Paused,,Daily,Maximize Clicks,Google Search,,,Presence,,,Offshore_VA_PH,Paused,,virtual assistant from the philippines,Exact,Paused,,,,,,,,,,,,,,,,,,,,,,,,,,,,,,,,v6 Exact — ST evidence + employer long-tail
573-539-1940,Keyword,VC_AU_S_CORE,Search,Paused,,Daily,Maximize Clicks,Google Search,,,Presence,,,Offshore_VA_PH,Paused,,va philippines,Exact,Paused,,,,,,,,,,,,,,,,,,,,,,,,,,,,,,,,v6 Exact — ST evidence + employer long-tail
573-539-1940,Keyword,VC_AU_S_CORE,Search,Paused,,Daily,Maximize Clicks,Google Search,,,Presence,,,Offshore_VA_PH,Paused,,philippines va,Exact,Paused,,,,,,,,,,,,,,,,,,,,,,,,,,,,,,,,v6 Exact — ST evidence + employer long-tail
573-539-1940,Keyword,VC_AU_S_CORE,Search,Paused,,Daily,Maximize Clicks,Google Search,,,Presence,,,Offshore_VA_PH,Paused,,va in philippines,Exact,Paused,,,,,,,,,,,,,,,,,,,,,,,,,,,,,,,,v6 Exact — ST evidence + employer long-tail
573-539-1940,Keyword,VC_AU_S_CORE,Search,Paused,,Daily,Maximize Clicks,Google Search,,,Presence,,,Offshore_VA_PH,Paused,,va from philippines,Exact,Paused,,,,,,,,,,,,,,,,,,,,,,,,,,,,,,,,v6 Exact — ST evidence + employer long-tail
573-539-1940,Keyword,VC_AU_S_CORE,Search,Paused,,Daily,Maximize Clicks,Google Search,,,Presence,,,Offshore_VA_PH,Paused,,va agency philippines,Exact,Paused,,,,,,,,,,,,,,,,,,,,,,,,,,,,,,,,v6 Exact — ST evidence + employer long-tail
573-539-1940,Keyword,VC_AU_S_CORE,Search,Paused,,Daily,Maximize Clicks,Google Search,,,Presence,,,Offshore_VA_PH,Paused,,virtual assistant agency philippines,Exact,Paused,,,,,,,,,,,,,,,,,,,,,,,,,,,,,,,,v6 Exact — ST evidence + employer long-tail
573-539-1940,Keyword,VC_AU_S_CORE,Search,Paused,,Daily,Maximize Clicks,Google Search,,,Presence,,,Offshore_VA_PH,Paused,,virtual assistant company philippines,Exact,Paused,,,,,,,,,,,,,,,,,,,,,,,,,,,,,,,,v6 Exact — ST evidence + employer long-tail
573-539-1940,Keyword,VC_AU_S_CORE,Search,Paused,,Daily,Maximize Clicks,Google Search,,,Presence,,,Offshore_VA_PH,Paused,,virtual assistant companies philippines,Exact,Paused,,,,,,,,,,,,,,,,,,,,,,,,,,,,,,,,v6 Exact — ST evidence + employer long-tail
573-539-1940,Keyword,VC_AU_S_CORE,Search,Paused,,Daily,Maximize Clicks,Google Search,,,Presence,,,Offshore_VA_PH,Paused,,virtual assistant services philippines,Exact,Paused,,,,,,,,,,,,,,,,,,,,,,,,,,,,,,,,v6 Exact — ST evidence + employer long-tail
573-539-1940,Keyword,VC_AU_S_CORE,Search,Paused,,Daily,Maximize Clicks,Google Search,,,Presence,,,Offshore_VA_PH,Paused,,outsource virtual assistant philippines,Exact,Paused,,,,,,,,,,,,,,,,,,,,,,,,,,,,,,,,v6 Exact — ST evidence + employer long-tail
573-539-1940,Keyword,VC_AU_S_CORE,Search,Paused,,Daily,Maximize Clicks,Google Search,,,Presence,,,Offshore_VA_PH,Paused,,outsourcing virtual assistant,Exact,Paused,,,,,,,,,,,,,,,,,,,,,,,,,,,,,,,,v6 Exact — ST evidence + employer long-tail
573-539-1940,Keyword,VC_AU_S_CORE,Search,Paused,,Daily,Maximize Clicks,Google Search,,,Presence,,,Offshore_VA_PH,Paused,,offshore virtual assistant,Exact,Paused,,,,,,,,,,,,,,,,,,,,,,,,,,,,,,,,v6 Exact — ST evidence + employer long-tail
573-539-1940,Keyword,VC_AU_S_CORE,Search,Paused,,Daily,Maximize Clicks,Google Search,,,Presence,,,Offshore_VA_PH,Paused,,offshore virtual assistant philippines,Exact,Paused,,,,,,,,,,,,,,,,,,,,,,,,,,,,,,,,v6 Exact — ST evidence + employer long-tail
573-539-1940,Keyword,VC_AU_S_CORE,Search,Paused,,Daily,Maximize Clicks,Google Search,,,Presence,,,Offshore_VA_PH,Paused,,offshore virtual assistants,Exact,Paused,,,,,,,,,,,,,,,,,,,,,,,,,,,,,,,,v6 Exact — ST evidence + employer long-tail
573-539-1940,Keyword,VC_AU_S_CORE,Search,Paused,,Daily,Maximize Clicks,Google Search,,,Presence,,,Offshore_VA_PH,Paused,,offshore va,Exact,Paused,,,,,,,,,,,,,,,,,,,,,,,,,,,,,,,,v6 Exact — ST evidence + employer long-tail
573-539-1940,Keyword,VC_AU_S_CORE,Search,Paused,,Daily,Maximize Clicks,Google Search,,,Presence,,,Offshore_VA_PH,Paused,,overseas virtual assistant,Exact,Paused,,,,,,,,,,,,,,,,,,,,,,,,,,,,,,,,v6 Exact — ST evidence + employer long-tail
573-539-1940,Keyword,VC_AU_S_CORE,Search,Paused,,Daily,Maximize Clicks,Google Search,,,Presence,,,Offshore_VA_PH,Paused,,virtual assistant overseas,Exact,Paused,,,,,,,,,,,,,,,,,,,,,,,,,,,,,,,,v6 Exact — ST evidence + employer long-tail
573-539-1940,Keyword,VC_AU_S_CORE,Search,Paused,,Daily,Maximize Clicks,Google Search,,,Presence,,,Offshore_VA_PH,Paused,,philippines va company,Exact,Paused,,,,,,,,,,,,,,,,,,,,,,,,,,,,,,,,v6 Exact — ST evidence + employer long-tail
573-539-1940,Keyword,VC_AU_S_CORE,Search,Paused,,Daily,Maximize Clicks,Google Search,,,Presence,,,Offshore_VA_PH,Paused,,philippines assistant,Exact,Paused,,,,,,,,,,,,,,,,,,,,,,,,,,,,,,,,v6 Exact — ST evidence + employer long-tail
573-539-1940,Keyword,VC_AU_S_CORE,Search,Paused,,Daily,Maximize Clicks,Google Search,,,Presence,,,Offshore_VA_PH,Paused,,virtual staff philippines,Exact,Paused,,,,,,,,,,,,,,,,,,,,,,,,,,,,,,,,v6 Exact — ST evidence + employer long-tail
573-539-1940,Keyword,VC_AU_S_CORE,Search,Paused,,Daily,Maximize Clicks,Google Search,,,Presence,,,Offshore_VA_PH,Paused,,virtual staff ph,Exact,Paused,,,,,,,,,,,,,,,,,,,,,,,,,,,,,,,,v6 Exact — ST evidence + employer long-tail
573-539-1940,Keyword,VC_AU_S_CORE,Search,Paused,,Daily,Maximize Clicks,Google Search,,,Presence,,,Offshore_VA_PH,Paused,,remote staff philippines,Exact,Paused,,,,,,,,,,,,,,,,,,,,,,,,,,,,,,,,v6 Exact — ST evidence + employer long-tail
573-539-1940,Keyword,VC_AU_S_CORE,Search,Paused,,Daily,Maximize Clicks,Google Search,,,Presence,,,Offshore_VA_PH,Paused,,philippines virtual staffing,Exact,Paused,,,,,,,,,,,,,,,,,,,,,,,,,,,,,,,,v6 Exact — ST evidence + employer long-tail
573-539-1940,Keyword,VC_AU_S_CORE,Search,Paused,,Daily,Maximize Clicks,Google Search,,,Presence,,,Offshore_VA_PH,Paused,,filipino virtual assistant company,Exact,Paused,,,,,,,,,,,,,,,,,,,,,,,,,,,,,,,,v6 Exact — ST evidence + employer long-tail
573-539-1940,Keyword,VC_AU_S_CORE,Search,Paused,,Daily,Maximize Clicks,Google Search,,,Presence,,,Offshore_VA_PH,Paused,,dedicated virtual assistant philippines,Exact,Paused,,,,,,,,,,,,,,,,,,,,,,,,,,,,,,,,v6 Exact — ST evidence + employer long-tail
573-539-1940,Keyword,VC_AU_S_CORE,Search,Paused,,Daily,Maximize Clicks,Google Search,,,Presence,,,Offshore_VA_PH,Paused,,offshore virtual assistant,Phrase,Paused,,,,,,,,,,,,,,,,,,,,,,,,,,,,,,,,v6 Phrase — discovery from converting ST clusters
573-539-1940,Keyword,VC_AU_S_CORE,Search,Paused,,Daily,Maximize Clicks,Google Search,,,Presence,,,Offshore_VA_PH,Paused,,offshore va,Phrase,Paused,,,,,,,,,,,,,,,,,,,,,,,,,,,,,,,,v6 Phrase — discovery from converting ST clusters
573-539-1940,Keyword,VC_AU_S_CORE,Search,Paused,,Daily,Maximize Clicks,Google Search,,,Presence,,,Offshore_VA_PH,Paused,,philippines virtual assistant,Phrase,Paused,,,,,,,,,,,,,,,,,,,,,,,,,,,,,,,,v6 Phrase — discovery from converting ST clusters
573-539-1940,Keyword,VC_AU_S_CORE,Search,Paused,,Daily,Maximize Clicks,Google Search,,,Presence,,,Offshore_VA_PH,Paused,,filipino virtual assistant,Phrase,Paused,,,,,,,,,,,,,,,,,,,,,,,,,,,,,,,,v6 Phrase — discovery from converting ST clusters
573-539-1940,Keyword,VC_AU_S_CORE,Search,Paused,,Daily,Maximize Clicks,Google Search,,,Presence,,,Offshore_VA_PH,Paused,,virtual assistant philippines,Phrase,Paused,,,,,,,,,,,,,,,,,,,,,,,,,,,,,,,,v6 Phrase — discovery from converting ST clusters
573-539-1940,Keyword,VC_AU_S_CORE,Search,Paused,,Daily,Maximize Clicks,Google Search,,,Presence,,,Offshore_VA_PH,Paused,,va philippines,Phrase,Paused,,,,,,,,,,,,,,,,,,,,,,,,,,,,,,,,v6 Phrase — discovery from converting ST clusters
573-539-1940,Keyword,VC_AU_S_CORE,Search,Paused,,Daily,Maximize Clicks,Google Search,,,Presence,,,Offshore_VA_PH,Paused,,virtual assistant services philippines,Phrase,Paused,,,,,,,,,,,,,,,,,,,,,,,,,,,,,,,,v6 Phrase — discovery from converting ST clusters
573-539-1940,Keyword,VC_AU_S_CORE,Search,Paused,,Daily,Maximize Clicks,Google Search,,,Presence,,,Offshore_VA_PH,Paused,,va agency philippines,Phrase,Paused,,,,,,,,,,,,,,,,,,,,,,,,,,,,,,,,v6 Phrase — discovery from converting ST clusters
573-539-1940,Keyword,VC_AU_S_CORE,Search,Paused,,Daily,Maximize Clicks,Google Search,,,Presence,,,Offshore_VA_PH,Paused,,philippines virtual staffing,Phrase,Paused,,,,,,,,,,,,,,,,,,,,,,,,,,,,,,,,v6 Phrase — discovery from converting ST clusters
573-539-1940,Keyword,VC_AU_S_CORE,Search,Paused,,Daily,Maximize Clicks,Google Search,,,Presence,,,Offshore_VA_PH,Paused,,filipino virtual assistant company,Phrase,Paused,,,,,,,,,,,,,,,,,,,,,,,,,,,,,,,,v6 Phrase — discovery from converting ST clusters
573-539-1940,Keyword,VC_AU_S_CORE,Search,Paused,,Daily,Maximize Clicks,Google Search,,,Presence,,,Offshore_VA_PH,Paused,,dedicated virtual assistant philippines,Phrase,Paused,,,,,,,,,,,,,,,,,,,,,,,,,,,,,,,,v6 Phrase — discovery from converting ST clusters
573-539-1940,Keyword,VC_AU_S_CORE,Search,Paused,,Daily,Maximize Clicks,Google Search,,,Presence,,,Offshore_VA_PH,Paused,,outsource virtual assistant philippines,Phrase,Paused,,,,,,,,,,,,,,,,,,,,,,,,,,,,,,,,v6 Phrase — discovery from converting ST clusters
573-539-1940,Ad,VC_AU_S_CORE,Search,Paused,,Daily,Maximize Clicks,Google Search,,,Presence,,,Offshore_VA_PH,Paused,,,,,Paused,Responsive search ad,https://www.virtualcoworker.app/au,offshore,ph,Offshore VA Philippines,Philippines Remote Staff,Outsource VA to PH,AU Offshore Staffing,Dedicated Offshore Seat,Not Freelance Offshore,Vetted PH Remote Team,Hire Offshore Capacity,Philippines Staff Partner,Core Offshore Hire Path,Remote Ops From PH,Employer Offshore Path,Interview PH Shortlist,Staff Not Marketplace,{KeyWord:Offshore Virtual Assistant},Philippines offshore staffing for Australian employers needing dedicated seats.,Outsource the role to a vetted Philippines teammate — you keep hire authority.,Employer hire path for dedicated offshore seats — not freelance gigs.,Tell us the role. We shortlist. You decide who joins your business.,,,,,,,,Core RSA offshore; Final URL=market home
573-539-1940,Ad,VC_AU_S_CORE,Search,Paused,,Daily,Maximize Clicks,Google Search,,,Presence,,,Offshore_VA_PH,Paused,,,,,Paused,Responsive search ad,https://www.virtualcoworker.app/au,ph,va,Filipino Virtual Assistant,VA Philippines Staffing,Philippines VA Company,AU PH Remote Hire,Offshore VA Partner,Virtual Staff Philippines,Dedicated PH VA Seat,Outsource Admin to PH,Not Gig Offshore VA,Vetted Filipino Talent,Remote Staff From PH,Employer PH Hire Path,Interview Before Place,Staffing Not Freelance,{KeyWord:Philippines Virtual Assistant},Philippines VA and remote staff for Australian business ops capacity.,"Filipino talent shortlist — you interview; we recruit, vet, and support.",Offshore staffing partner model. Not Upwork. Not a job board.,Businesses only. An accepted form ≠ a hire or placement.,,,,,,,,Core RSA offshore_b; Final URL=market home
573-539-1940,Ad,VC_AU_S_CORE,Search,Paused,,Daily,Maximize Clicks,Google Search,,,Presence,,,Offshore_VA_PH,Paused,,,,,Paused,Responsive search ad,https://www.virtualcoworker.app/au,dedicated,ph,Dedicated PH VA Seat,Same VA Every Workday,Philippines Seat Not Gig,AU Offshore Proof Path,Accountable Remote Staff,Interview Then Place PH,Vetted Offshore Teammate,Not Rotating Freelancers,Offshore With Continuity,PH Staff You Can Keep,Remote Ops Ownership,Staffing Seat Evidence,Outsource Role Dedicated,Employer Controls Hire,{KeyWord:Dedicated Virtual Assistant},Philippines offshore seats for Australian employers who want one dedicated teammate.,Proof is continuity: a vetted seat you interview — not marketplace rotation.,We recruit and support. You keep hire authority before placement.,Employer hire path for one dedicated teammate — not marketplace rotation.,,,,,,,,Core RSA offshore_c; Final URL=market home
573-539-1940,Callout,VC_AU_S_CORE,Search,Paused,,Daily,Maximize Clicks,Google Search,,,Presence,,,,,,,,,,,,,,,,,,,,,,,,,,,,,,,,,,,,Vetted Filipino Talent,,,,Employer-focused callout
573-539-1940,Callout,VC_AU_S_CORE,Search,Paused,,Daily,Maximize Clicks,Google Search,,,Presence,,,,,,,,,,,,,,,,,,,,,,,,,,,,,,,,,,,,Employer Hiring Only,,,,Employer-focused callout
573-539-1940,Callout,VC_AU_S_CORE,Search,Paused,,Daily,Maximize Clicks,Google Search,,,Presence,,,,,,,,,,,,,,,,,,,,,,,,,,,,,,,,,,,,Recruit Vet & Manage,,,,Employer-focused callout
573-539-1940,Callout,VC_AU_S_CORE,Search,Paused,,Daily,Maximize Clicks,Google Search,,,Presence,,,,,,,,,,,,,,,,,,,,,,,,,,,,,,,,,,,,Dedicated Remote Staff,,,,Employer-focused callout
573-539-1940,Callout,VC_AU_S_CORE,Search,Paused,,Daily,Maximize Clicks,Google Search,,,Presence,,,,,,,,,,,,,,,,,,,,,,,,,,,,,,,,,,,,Interview Your Shortlist,,,,Employer-focused callout
573-539-1940,Callout,VC_AU_S_CORE,Search,Paused,,Daily,Maximize Clicks,Google Search,,,Presence,,,,,,,,,,,,,,,,,,,,,,,,,,,,,,,,,,,,Not a Gig Marketplace,,,,Employer-focused callout
573-539-1940,Structured snippet,VC_AU_S_CORE,Search,Paused,,Daily,Maximize Clicks,Google Search,,,Presence,,,,,,,,,,,,,,,,,,,,,,,,,,,,,,,,,,,,,Types,Virtual Assistants;Bookkeepers;Accountants;Social Media Managers;Customer Support;Recruiters,,Employer role types — no WP sprawl
573-539-1940,Sitelink,VC_AU_S_CORE,Search,Paused,,Daily,Maximize Clicks,Google Search,,,Presence,,,,,,,,,,,https://www.virtualcoworker.app/au#gate,,,,,,,,,,,,,,,,,,,,,,Tell Us Who You Need,Employer hiring path,Form for businesses,,,,,Microsite sitelink only — no WP
573-539-1940,Sitelink,VC_AU_S_CORE,Search,Paused,,Daily,Maximize Clicks,Google Search,,,Presence,,,,,,,,,,,https://www.virtualcoworker.app/au,,,,,,,,,,,,,,,,,,,,,,How Hiring Works,"Recruit, vet, shortlist",You interview talent,,,,,Microsite sitelink only — no WP
573-539-1940,Sitelink,VC_AU_S_CORE,Search,Paused,,Daily,Maximize Clicks,Google Search,,,Presence,,,,,,,,,,,https://www.virtualcoworker.app/au/administrative-support,,,,,,,,,,,,,,,,,,,,,,Admin Support Hire,EA / admin category LP,Role-specific landing,,,,,Microsite sitelink only — no WP
573-539-1940,Sitelink,VC_AU_S_CORE,Search,Paused,,Daily,Maximize Clicks,Google Search,,,Presence,,,,,,,,,,,https://www.virtualcoworker.app/au,,,,,,,,,,,,,,,,,,,,,,AU Employer Home,Generic Core landing,Not WordPress homepage,,,,,Microsite sitelink only — no WP
573-539-1940,Campaign,VC_AU_S_ROLES,Search,Paused,50,Daily,Maximize Clicks,Google Search,en,Australia,Presence,{lpurl},utm_source=google&utm_medium=cpc&utm_campaign={campaignid}&utm_content={adgroupid}&utm_term={keyword}&utm_matchtype={matchtype}&utm_device={device}&lp_version=stage1-v7,,,6,,,,,,,,,,,,,,,,,,,,,,,,,,,,,,,,,,,Stage1 v6 ROLES (~40%); AGs Digital·Social·Admin·Controlled; category Final URLs; Max Clicks; Paused; Brand deferred
573-539-1940,Ad group,VC_AU_S_ROLES,Search,Paused,,Daily,Maximize Clicks,Google Search,,,Presence,,,Digital_Marketing_Hire_PH,Paused,,,,,,,,,,,,,,,,,,,,,,,,,,,,,,,,,,,,ROLES primary — Digital_Marketing_Hire_PH; category=digital-marketing
573-539-1940,Keyword,VC_AU_S_ROLES,Search,Paused,,Daily,Maximize Clicks,Google Search,,,Presence,,,Digital_Marketing_Hire_PH,Paused,,virtual marketing assistant,Exact,Paused,,,,,,,,,,,,,,,,,,,,,,,,,,,,,,,,v6 Exact — ST evidence + employer long-tail
573-539-1940,Keyword,VC_AU_S_ROLES,Search,Paused,,Daily,Maximize Clicks,Google Search,,,Presence,,,Digital_Marketing_Hire_PH,Paused,,marketing virtual assistant,Exact,Paused,,,,,,,,,,,,,,,,,,,,,,,,,,,,,,,,v6 Exact — ST evidence + employer long-tail
573-539-1940,Keyword,VC_AU_S_ROLES,Search,Paused,,Daily,Maximize Clicks,Google Search,,,Presence,,,Digital_Marketing_Hire_PH,Paused,,marketing virtual assistants,Exact,Paused,,,,,,,,,,,,,,,,,,,,,,,,,,,,,,,,v6 Exact — ST evidence + employer long-tail
573-539-1940,Keyword,VC_AU_S_ROLES,Search,Paused,,Daily,Maximize Clicks,Google Search,,,Presence,,,Digital_Marketing_Hire_PH,Paused,,marketing va,Exact,Paused,,,,,,,,,,,,,,,,,,,,,,,,,,,,,,,,v6 Exact — ST evidence + employer long-tail
573-539-1940,Keyword,VC_AU_S_ROLES,Search,Paused,,Daily,Maximize Clicks,Google Search,,,Presence,,,Digital_Marketing_Hire_PH,Paused,,digital marketing virtual assistant,Exact,Paused,,,,,,,,,,,,,,,,,,,,,,,,,,,,,,,,v6 Exact — ST evidence + employer long-tail
573-539-1940,Keyword,VC_AU_S_ROLES,Search,Paused,,Daily,Maximize Clicks,Google Search,,,Presence,,,Digital_Marketing_Hire_PH,Paused,,virtual assistant digital marketing,Exact,Paused,,,,,,,,,,,,,,,,,,,,,,,,,,,,,,,,v6 Exact — ST evidence + employer long-tail
573-539-1940,Keyword,VC_AU_S_ROLES,Search,Paused,,Daily,Maximize Clicks,Google Search,,,Presence,,,Digital_Marketing_Hire_PH,Paused,,hire digital marketing manager,Exact,Paused,,,,,,,,,,,,,,,,,,,,,,,,,,,,,,,,v6 Exact — ST evidence + employer long-tail
573-539-1940,Keyword,VC_AU_S_ROLES,Search,Paused,,Daily,Maximize Clicks,Google Search,,,Presence,,,Digital_Marketing_Hire_PH,Paused,,hire digital marketer philippines,Exact,Paused,,,,,,,,,,,,,,,,,,,,,,,,,,,,,,,,v6 Exact — ST evidence + employer long-tail
573-539-1940,Keyword,VC_AU_S_ROLES,Search,Paused,,Daily,Maximize Clicks,Google Search,,,Presence,,,Digital_Marketing_Hire_PH,Paused,,hire filipino digital marketing manager,Exact,Paused,,,,,,,,,,,,,,,,,,,,,,,,,,,,,,,,VC_Keywords_Paused_Live · George paused live USA Exact junk/general/job-seeker-y terms; synced from Editor DB ape_4967151855 (Get recent changes). Phrase stays paused (Exact-only bidding). (2026-08-07); was Exact
573-539-1940,Keyword,VC_AU_S_ROLES,Search,Paused,,Daily,Maximize Clicks,Google Search,,,Presence,,,Digital_Marketing_Hire_PH,Paused,,hire a filipino digital marketing va,Exact,Paused,,,,,,,,,,,,,,,,,,,,,,,,,,,,,,,,v6 Exact — ST evidence + employer long-tail
573-539-1940,Keyword,VC_AU_S_ROLES,Search,Paused,,Daily,Maximize Clicks,Google Search,,,Presence,,,Digital_Marketing_Hire_PH,Paused,,hire filipino digital marketing va,Exact,Paused,,,,,,,,,,,,,,,,,,,,,,,,,,,,,,,,v6 Exact — ST evidence + employer long-tail
573-539-1940,Keyword,VC_AU_S_ROLES,Search,Paused,,Daily,Maximize Clicks,Google Search,,,Presence,,,Digital_Marketing_Hire_PH,Paused,,hire digital marketing va philippines,Exact,Paused,,,,,,,,,,,,,,,,,,,,,,,,,,,,,,,,v6 Exact — ST evidence + employer long-tail
573-539-1940,Keyword,VC_AU_S_ROLES,Search,Paused,,Daily,Maximize Clicks,Google Search,,,Presence,,,Digital_Marketing_Hire_PH,Paused,,hire remote digital marketer,Exact,Paused,,,,,,,,,,,,,,,,,,,,,,,,,,,,,,,,v6 Exact — ST evidence + employer long-tail
573-539-1940,Keyword,VC_AU_S_ROLES,Search,Paused,,Daily,Maximize Clicks,Google Search,,,Presence,,,Digital_Marketing_Hire_PH,Paused,,hire remote digital marketing manager,Exact,Paused,,,,,,,,,,,,,,,,,,,,,,,,,,,,,,,,v6 Exact — ST evidence + employer long-tail
573-539-1940,Keyword,VC_AU_S_ROLES,Search,Paused,,Daily,Maximize Clicks,Google Search,,,Presence,,,Digital_Marketing_Hire_PH,Paused,,hire a filipino digital marketer,Exact,Paused,,,,,,,,,,,,,,,,,,,,,,,,,,,,,,,,v6 Exact — ST evidence + employer long-tail
573-539-1940,Keyword,VC_AU_S_ROLES,Search,Paused,,Daily,Maximize Clicks,Google Search,,,Presence,,,Digital_Marketing_Hire_PH,Paused,,filipino digital marketing manager,Exact,Paused,,,,,,,,,,,,,,,,,,,,,,,,,,,,,,,,VC_Keywords_Paused_Live · George paused live USA Exact junk/general/job-seeker-y terms; synced from Editor DB ape_4967151855 (Get recent changes). Phrase stays paused (Exact-only bidding). (2026-08-07); was Exact
573-539-1940,Keyword,VC_AU_S_ROLES,Search,Paused,,Daily,Maximize Clicks,Google Search,,,Presence,,,Digital_Marketing_Hire_PH,Paused,,filipino digital marketing va,Exact,Paused,,,,,,,,,,,,,,,,,,,,,,,,,,,,,,,,VC_Keywords_Paused_Live · George paused live USA Exact junk/general/job-seeker-y terms; synced from Editor DB ape_4967151855 (Get recent changes). Phrase stays paused (Exact-only bidding). (2026-08-07); was Exact
573-539-1940,Keyword,VC_AU_S_ROLES,Search,Paused,,Daily,Maximize Clicks,Google Search,,,Presence,,,Digital_Marketing_Hire_PH,Paused,,filipino digital marketing specialist,Exact,Paused,,,,,,,,,,,,,,,,,,,,,,,,,,,,,,,,VC_Keywords_Paused_Live · George paused live USA Exact junk/general/job-seeker-y terms; synced from Editor DB ape_4967151855 (Get recent changes). Phrase stays paused (Exact-only bidding). (2026-08-07); was Exact
573-539-1940,Keyword,VC_AU_S_ROLES,Search,Paused,,Daily,Maximize Clicks,Google Search,,,Presence,,,Digital_Marketing_Hire_PH,Paused,,filipino digital marketing virtual assistant,Exact,Paused,,,,,,,,,,,,,,,,,,,,,,,,,,,,,,,,VC_Keywords_Paused_Live · George paused live USA Exact junk/general/job-seeker-y terms; synced from Editor DB ape_4967151855 (Get recent changes). Phrase stays paused (Exact-only bidding). (2026-08-07); was Exact
573-539-1940,Keyword,VC_AU_S_ROLES,Search,Paused,,Daily,Maximize Clicks,Google Search,,,Presence,,,Digital_Marketing_Hire_PH,Paused,,digital marketing va philippines,Exact,Paused,,,,,,,,,,,,,,,,,,,,,,,,,,,,,,,,v6 Exact — ST evidence + employer long-tail
573-539-1940,Keyword,VC_AU_S_ROLES,Search,Paused,,Daily,Maximize Clicks,Google Search,,,Presence,,,Digital_Marketing_Hire_PH,Paused,,remote digital marketing manager philippines,Exact,Paused,,,,,,,,,,,,,,,,,,,,,,,,,,,,,,,,v6 Exact — ST evidence + employer long-tail
573-539-1940,Keyword,VC_AU_S_ROLES,Search,Paused,,Daily,Maximize Clicks,Google Search,,,Presence,,,Digital_Marketing_Hire_PH,Paused,,virtual digital marketing manager philippines,Exact,Paused,,,,,,,,,,,,,,,,,,,,,,,,,,,,,,,,VC_Keywords_Paused_Live · George paused live USA Exact junk/general/job-seeker-y terms; synced from Editor DB ape_4967151855 (Get recent changes). Phrase stays paused (Exact-only bidding). (2026-08-07); was Exact
573-539-1940,Keyword,VC_AU_S_ROLES,Search,Paused,,Daily,Maximize Clicks,Google Search,,,Presence,,,Digital_Marketing_Hire_PH,Paused,,philippines digital marketing manager,Exact,Paused,,,,,,,,,,,,,,,,,,,,,,,,,,,,,,,,v6 Exact — ST evidence + employer long-tail
573-539-1940,Keyword,VC_AU_S_ROLES,Search,Paused,,Daily,Maximize Clicks,Google Search,,,Presence,,,Digital_Marketing_Hire_PH,Paused,,digital marketing manager philippines,Exact,Paused,,,,,,,,,,,,,,,,,,,,,,,,,,,,,,,,v6 Exact — ST evidence + employer long-tail
573-539-1940,Keyword,VC_AU_S_ROLES,Search,Paused,,Daily,Maximize Clicks,Google Search,,,Presence,,,Digital_Marketing_Hire_PH,Paused,,digital marketing staff philippines,Exact,Paused,,,,,,,,,,,,,,,,,,,,,,,,,,,,,,,,VC_Keywords_Paused_Live · George paused live USA Exact junk/general/job-seeker-y terms; synced from Editor DB ape_4967151855 (Get recent changes). Phrase stays paused (Exact-only bidding). (2026-08-07); was Exact
573-539-1940,Keyword,VC_AU_S_ROLES,Search,Paused,,Daily,Maximize Clicks,Google Search,,,Presence,,,Digital_Marketing_Hire_PH,Paused,,hire seo virtual assistant philippines,Exact,Paused,,,,,,,,,,,,,,,,,,,,,,,,,,,,,,,,VC_Keywords_Paused_Live · George paused live USA Exact junk/general/job-seeker-y terms; synced from Editor DB ape_4967151855 (Get recent changes). Phrase stays paused (Exact-only bidding). (2026-08-07); was Exact
573-539-1940,Keyword,VC_AU_S_ROLES,Search,Paused,,Daily,Maximize Clicks,Google Search,,,Presence,,,Digital_Marketing_Hire_PH,Paused,,seo virtual assistant philippines,Exact,Paused,,,,,,,,,,,,,,,,,,,,,,,,,,,,,,,,v6 Exact — ST evidence + employer long-tail
573-539-1940,Keyword,VC_AU_S_ROLES,Search,Paused,,Daily,Maximize Clicks,Google Search,,,Presence,,,Digital_Marketing_Hire_PH,Paused,,hire content marketing va philippines,Exact,Paused,,,,,,,,,,,,,,,,,,,,,,,,,,,,,,,,VC_Keywords_Paused_Live · George paused live USA Exact junk/general/job-seeker-y terms; synced from Editor DB ape_4967151855 (Get recent changes). Phrase stays paused (Exact-only bidding). (2026-08-07); was Exact
573-539-1940,Keyword,VC_AU_S_ROLES,Search,Paused,,Daily,Maximize Clicks,Google Search,,,Presence,,,Digital_Marketing_Hire_PH,Paused,,filipino ppc virtual assistant,Exact,Paused,,,,,,,,,,,,,,,,,,,,,,,,,,,,,,,,VC_Keywords_Paused_Live · George paused live USA Exact junk/general/job-seeker-y terms; synced from Editor DB ape_4967151855 (Get recent changes). Phrase stays paused (Exact-only bidding). (2026-08-07); was Exact
573-539-1940,Keyword,VC_AU_S_ROLES,Search,Paused,,Daily,Maximize Clicks,Google Search,,,Presence,,,Digital_Marketing_Hire_PH,Paused,,hire email marketing va philippines,Exact,Paused,,,,,,,,,,,,,,,,,,,,,,,,,,,,,,,,VC_Keywords_Paused_Live · George paused live USA Exact junk/general/job-seeker-y terms; synced from Editor DB ape_4967151855 (Get recent changes). Phrase stays paused (Exact-only bidding). (2026-08-07); was Exact
573-539-1940,Keyword,VC_AU_S_ROLES,Search,Paused,,Daily,Maximize Clicks,Google Search,,,Presence,,,Digital_Marketing_Hire_PH,Paused,,dedicated digital marketing va philippines,Exact,Paused,,,,,,,,,,,,,,,,,,,,,,,,,,,,,,,,VC_Keywords_Paused_Live · George paused live USA Exact junk/general/job-seeker-y terms; synced from Editor DB ape_4967151855 (Get recent changes). Phrase stays paused (Exact-only bidding). (2026-08-07); was Exact
573-539-1940,Keyword,VC_AU_S_ROLES,Search,Paused,,Daily,Maximize Clicks,Google Search,,,Presence,,,Digital_Marketing_Hire_PH,Paused,,hire philippines digital marketing specialist,Exact,Paused,,,,,,,,,,,,,,,,,,,,,,,,,,,,,,,,v6 Exact — ST evidence + employer long-tail
573-539-1940,Keyword,VC_AU_S_ROLES,Search,Paused,,Daily,Maximize Clicks,Google Search,,,Presence,,,Digital_Marketing_Hire_PH,Paused,,filipino marketing virtual assistant,Exact,Paused,,,,,,,,,,,,,,,,,,,,,,,,,,,,,,,,VC_Keywords_Paused_Live · George paused live USA Exact junk/general/job-seeker-y terms; synced from Editor DB ape_4967151855 (Get recent changes). Phrase stays paused (Exact-only bidding). (2026-08-07); was Exact
573-539-1940,Keyword,VC_AU_S_ROLES,Search,Paused,,Daily,Maximize Clicks,Google Search,,,Presence,,,Digital_Marketing_Hire_PH,Paused,,hire offshore digital marketing va,Exact,Paused,,,,,,,,,,,,,,,,,,,,,,,,,,,,,,,,VC_Keywords_Paused_Live · George paused live USA Exact junk/general/job-seeker-y terms; synced from Editor DB ape_4967151855 (Get recent changes). Phrase stays paused (Exact-only bidding). (2026-08-07); was Exact
573-539-1940,Keyword,VC_AU_S_ROLES,Search,Paused,,Daily,Maximize Clicks,Google Search,,,Presence,,,Digital_Marketing_Hire_PH,Paused,,remote marketing assistant,Exact,Paused,,,,,,,,,,,,,,,,,,,,,,,,,,,,,,,,v6 Exact — ST evidence + employer long-tail
573-539-1940,Keyword,VC_AU_S_ROLES,Search,Paused,,Daily,Maximize Clicks,Google Search,,,Presence,,,Digital_Marketing_Hire_PH,Paused,,google ads specialist philippines,Exact,Paused,,,,,,,,,,,,,,,,,,,,,,,,,,,,,,,,v6 Exact — ST evidence + employer long-tail
573-539-1940,Keyword,VC_AU_S_ROLES,Search,Paused,,Daily,Maximize Clicks,Google Search,,,Presence,,,Digital_Marketing_Hire_PH,Paused,,hire seo expert philippines,Exact,Paused,,,,,,,,,,,,,,,,,,,,,,,,,,,,,,,,v6 Exact — ST evidence + employer long-tail
573-539-1940,Keyword,VC_AU_S_ROLES,Search,Paused,,Daily,Maximize Clicks,Google Search,,,Presence,,,Digital_Marketing_Hire_PH,Paused,,social media marketing va,Exact,Paused,,,,,,,,,,,,,,,,,,,,,,,,,,,,,,,,v6 Exact — ST evidence + employer long-tail
573-539-1940,Keyword,VC_AU_S_ROLES,Search,Paused,,Daily,Maximize Clicks,Google Search,,,Presence,,,Digital_Marketing_Hire_PH,Paused,,hire filipino digital marketing,Phrase,Paused,,,,,,,,,,,,,,,,,,,,,,,,,,,,,,,,v6 Phrase — discovery from converting ST clusters
573-539-1940,Keyword,VC_AU_S_ROLES,Search,Paused,,Daily,Maximize Clicks,Google Search,,,Presence,,,Digital_Marketing_Hire_PH,Paused,,hire digital marketing va,Phrase,Paused,,,,,,,,,,,,,,,,,,,,,,,,,,,,,,,,v6 Phrase — discovery from converting ST clusters
573-539-1940,Keyword,VC_AU_S_ROLES,Search,Paused,,Daily,Maximize Clicks,Google Search,,,Presence,,,Digital_Marketing_Hire_PH,Paused,,virtual marketing assistant,Phrase,Paused,,,,,,,,,,,,,,,,,,,,,,,,,,,,,,,,v6 Phrase — discovery from converting ST clusters
573-539-1940,Keyword,VC_AU_S_ROLES,Search,Paused,,Daily,Maximize Clicks,Google Search,,,Presence,,,Digital_Marketing_Hire_PH,Paused,,marketing virtual assistant,Phrase,Paused,,,,,,,,,,,,,,,,,,,,,,,,,,,,,,,,v6 Phrase — discovery from converting ST clusters
573-539-1940,Keyword,VC_AU_S_ROLES,Search,Paused,,Daily,Maximize Clicks,Google Search,,,Presence,,,Digital_Marketing_Hire_PH,Paused,,digital marketing virtual assistant,Phrase,Paused,,,,,,,,,,,,,,,,,,,,,,,,,,,,,,,,v6 Phrase — discovery from converting ST clusters
573-539-1940,Keyword,VC_AU_S_ROLES,Search,Paused,,Daily,Maximize Clicks,Google Search,,,Presence,,,Digital_Marketing_Hire_PH,Paused,,hire remote digital marketer philippines,Phrase,Paused,,,,,,,,,,,,,,,,,,,,,,,,,,,,,,,,v6 Phrase — discovery from converting ST clusters
573-539-1940,Keyword,VC_AU_S_ROLES,Search,Paused,,Daily,Maximize Clicks,Google Search,,,Presence,,,Digital_Marketing_Hire_PH,Paused,,filipino seo virtual assistant,Phrase,Paused,,,,,,,,,,,,,,,,,,,,,,,,,,,,,,,,v6 Phrase — discovery from converting ST clusters
573-539-1940,Keyword,VC_AU_S_ROLES,Search,Paused,,Daily,Maximize Clicks,Google Search,,,Presence,,,Digital_Marketing_Hire_PH,Paused,,hire philippines marketing va,Phrase,Paused,,,,,,,,,,,,,,,,,,,,,,,,,,,,,,,,v6 Phrase — discovery from converting ST clusters
573-539-1940,Keyword,VC_AU_S_ROLES,Search,Paused,,Daily,Maximize Clicks,Google Search,,,Presence,,,Digital_Marketing_Hire_PH,Paused,,dedicated digital marketing hire,Phrase,Paused,,,,,,,,,,,,,,,,,,,,,,,,,,,,,,,,v6 Phrase — discovery from converting ST clusters
573-539-1940,Keyword,VC_AU_S_ROLES,Search,Paused,,Daily,Maximize Clicks,Google Search,,,Presence,,,Digital_Marketing_Hire_PH,Paused,,seo virtual assistant philippines,Phrase,Paused,,,,,,,,,,,,,,,,,,,,,,,,,,,,,,,,v6 Phrase — discovery from converting ST clusters
573-539-1940,Keyword,VC_AU_S_ROLES,Search,Paused,,Daily,Maximize Clicks,Google Search,,,Presence,,,Digital_Marketing_Hire_PH,Paused,,hire digital marketing manager philippines,Phrase,Paused,,,,,,,,,,,,,,,,,,,,,,,,,,,,,,,,v6 Phrase — discovery from converting ST clusters
573-539-1940,Ad,VC_AU_S_ROLES,Search,Paused,,Daily,Maximize Clicks,Google Search,,,Presence,,,Digital_Marketing_Hire_PH,Paused,,,,,Paused,Responsive search ad,https://www.virtualcoworker.app/au/digital-marketing,marketing,hire,Hire Digital Marketing VA,Filipino Marketing Manager,Philippines Marketing Hire,AU Marketing Staffing,Vetted Marketing Shortlist,You Interview Finalists,Dedicated Not Freelance,SEO & Content VA Hire,Remote Campaign Manager,Employer Hiring Path,Marketing Ops Assistant,Staffing Partner Model,Built for Australian SMEs,Ongoing Marketing Capacity,Tell Us Who You Need,Hire a dedicated Filipino digital marketing VA through a staffing partner.,We recruit and vet; you interview the shortlist before placement support.,For Australian employers who need ongoing remote marketing capacity.,Role-focused marketing hires — not gig-marketplace task work.,,,,,,,,RSA angle A_staffing; full 15/4; tier=primary; role=Digital Marketing; no invented pricing
573-539-1940,Ad,VC_AU_S_ROLES,Search,Paused,,Daily,Maximize Clicks,Google Search,,,Presence,,,Digital_Marketing_Hire_PH,Paused,,,,,Paused,Responsive search ad,https://www.virtualcoworker.app/au/digital-marketing,digital,va,{KeyWord:Hire Marketing VA},PPC & SEO Support Hire,Content Ops From PH,Email Marketing VA PH,Filipino Growth Marketer,Campaign Reporting VA,Scale Marketing Bandwidth,Australian Teams Hiring Now,Philippines Marketing Talent,Dedicated Channel Support,Interview-Ready Shortlist,Remote Marketing Specialist,Partner-Managed Placement,No Marketplace Guesswork,Request Hiring Shortlist,Fill digital marketing roles with vetted Philippines specialists.,"Support campaigns, content ops, and reporting for your Australian business.","Staffing partner workflow: shortlist, interview, then dedicated hire support.",We specialise in remote marketing hires for employers.,,,,,,,,RSA angle B_role; full 15/4; tier=primary; role=Digital Marketing; no invented pricing
573-539-1940,Ad,VC_AU_S_ROLES,Search,Paused,,Daily,Maximize Clicks,Google Search,,,Presence,,,Digital_Marketing_Hire_PH,Paused,,,,,Paused,Responsive search ad,https://www.virtualcoworker.app/au/digital-marketing,shortlist,mkt,Shortlist Marketing Talent,Vetted Marketers Ready,Recruit Then You Interview,Marketing Hire Shortlist,PH Marketer Screening,Skip Marketplace Search,Role Brief to Shortlist,Get Marketing Finalists,Digital Hire Pathway,Screened SEO Candidates,Content Hire Pipeline,Employer Shortlist First,Marketing Seat Ready,Staffing Pipeline Speed,Ask for Marketing Shortlist,Need a marketing hire? We recruit and screen Philippines talent into a shortlist.,You interview finalists — we handle sourcing and vetting for digital roles.,Speed comes from a staffing pipeline — placement timing set in follow-up.,Tell us the marketing seat. We return interview-ready candidates.,,,,,,,,RSA angle C_speed; full 15/4; tier=primary; role=Digital Marketing; no invented pricing
573-539-1940,Ad group,VC_AU_S_ROLES,Search,Paused,,Daily,Maximize Clicks,Google Search,,,Presence,,,Digital_Marketing_Outsource_PH,Paused,,,,,,,,,,,,,,,,,,,,,,,,,,,,,,,,,,,,ROLES primary — Digital_Marketing_Outsource_PH; category=digital-marketing
573-539-1940,Keyword,VC_AU_S_ROLES,Search,Paused,,Daily,Maximize Clicks,Google Search,,,Presence,,,Digital_Marketing_Outsource_PH,Paused,,outsource digital marketing philippines,Exact,Paused,,,,,,,,,,,,,,,,,,,,,,,,,,,,,,,,v6 Exact — ST evidence + employer long-tail
573-539-1940,Keyword,VC_AU_S_ROLES,Search,Paused,,Daily,Maximize Clicks,Google Search,,,Presence,,,Digital_Marketing_Outsource_PH,Paused,,digital marketing outsourcing philippines,Exact,Paused,,,,,,,,,,,,,,,,,,,,,,,,,,,,,,,,v6 Exact — ST evidence + employer long-tail
573-539-1940,Keyword,VC_AU_S_ROLES,Search,Paused,,Daily,Maximize Clicks,Google Search,,,Presence,,,Digital_Marketing_Outsource_PH,Paused,,digital marketing philippines,Exact,Paused,,,,,,,,,,,,,,,,,,,,,,,,,,,,,,,,v6 Exact — ST evidence + employer long-tail
573-539-1940,Keyword,VC_AU_S_ROLES,Search,Paused,,Daily,Maximize Clicks,Google Search,,,Presence,,,Digital_Marketing_Outsource_PH,Paused,,digital marketer outsourcing philippines,Exact,Paused,,,,,,,,,,,,,,,,,,,,,,,,,,,,,,,,v6 Exact — ST evidence + employer long-tail
573-539-1940,Keyword,VC_AU_S_ROLES,Search,Paused,,Daily,Maximize Clicks,Google Search,,,Presence,,,Digital_Marketing_Outsource_PH,Paused,,outsource digital marketing to philippines,Exact,Paused,,,,,,,,,,,,,,,,,,,,,,,,,,,,,,,,VC_Keywords_Paused_Live · George paused live USA Exact junk/general/job-seeker-y terms; synced from Editor DB ape_4967151855 (Get recent changes). Phrase stays paused (Exact-only bidding). (2026-08-07); was Exact
573-539-1940,Keyword,VC_AU_S_ROLES,Search,Paused,,Daily,Maximize Clicks,Google Search,,,Presence,,,Digital_Marketing_Outsource_PH,Paused,,offshore digital marketing philippines,Exact,Paused,,,,,,,,,,,,,,,,,,,,,,,,,,,,,,,,v6 Exact — ST evidence + employer long-tail
573-539-1940,Keyword,VC_AU_S_ROLES,Search,Paused,,Daily,Maximize Clicks,Google Search,,,Presence,,,Digital_Marketing_Outsource_PH,Paused,,offshore digital marketing manager,Exact,Paused,,,,,,,,,,,,,,,,,,,,,,,,,,,,,,,,v6 Exact — ST evidence + employer long-tail
573-539-1940,Keyword,VC_AU_S_ROLES,Search,Paused,,Daily,Maximize Clicks,Google Search,,,Presence,,,Digital_Marketing_Outsource_PH,Paused,,offshore marketing staff philippines,Exact,Paused,,,,,,,,,,,,,,,,,,,,,,,,,,,,,,,,VC_Keywords_Paused_Live · George paused live USA Exact junk/general/job-seeker-y terms; synced from Editor DB ape_4967151855 (Get recent changes). Phrase stays paused (Exact-only bidding). (2026-08-07); was Exact
573-539-1940,Keyword,VC_AU_S_ROLES,Search,Paused,,Daily,Maximize Clicks,Google Search,,,Presence,,,Digital_Marketing_Outsource_PH,Paused,,philippines digital marketing outsourcing,Exact,Paused,,,,,,,,,,,,,,,,,,,,,,,,,,,,,,,,v6 Exact — ST evidence + employer long-tail
573-539-1940,Keyword,VC_AU_S_ROLES,Search,Paused,,Daily,Maximize Clicks,Google Search,,,Presence,,,Digital_Marketing_Outsource_PH,Paused,,outsource seo to philippines,Exact,Paused,,,,,,,,,,,,,,,,,,,,,,,,,,,,,,,,v6 Exact — ST evidence + employer long-tail
573-539-1940,Keyword,VC_AU_S_ROLES,Search,Paused,,Daily,Maximize Clicks,Google Search,,,Presence,,,Digital_Marketing_Outsource_PH,Paused,,outsource seo philippines,Exact,Paused,,,,,,,,,,,,,,,,,,,,,,,,,,,,,,,,v6 Exact — ST evidence + employer long-tail
573-539-1940,Keyword,VC_AU_S_ROLES,Search,Paused,,Daily,Maximize Clicks,Google Search,,,Presence,,,Digital_Marketing_Outsource_PH,Paused,,seo philippines,Exact,Paused,,,,,,,,,,,,,,,,,,,,,,,,,,,,,,,,v6 Exact — ST evidence + employer long-tail
573-539-1940,Keyword,VC_AU_S_ROLES,Search,Paused,,Daily,Maximize Clicks,Google Search,,,Presence,,,Digital_Marketing_Outsource_PH,Paused,,philippines seo specialist,Exact,Paused,,,,,,,,,,,,,,,,,,,,,,,,,,,,,,,,v6 Exact — ST evidence + employer long-tail
573-539-1940,Keyword,VC_AU_S_ROLES,Search,Paused,,Daily,Maximize Clicks,Google Search,,,Presence,,,Digital_Marketing_Outsource_PH,Paused,,outsource content marketing philippines,Exact,Paused,,,,,,,,,,,,,,,,,,,,,,,,,,,,,,,,VC_Keywords_Paused_Live · George paused live USA Exact junk/general/job-seeker-y terms; synced from Editor DB ape_4967151855 (Get recent changes). Phrase stays paused (Exact-only bidding). (2026-08-07); was Exact
573-539-1940,Keyword,VC_AU_S_ROLES,Search,Paused,,Daily,Maximize Clicks,Google Search,,,Presence,,,Digital_Marketing_Outsource_PH,Paused,,digital marketing agency alternative philippines,Exact,Paused,,,,,,,,,,,,,,,,,,,,,,,,,,,,,,,,VC_Keywords_Paused_Live · George paused live USA Exact junk/general/job-seeker-y terms; synced from Editor DB ape_4967151855 (Get recent changes). Phrase stays paused (Exact-only bidding). (2026-08-07); was Exact
573-539-1940,Keyword,VC_AU_S_ROLES,Search,Paused,,Daily,Maximize Clicks,Google Search,,,Presence,,,Digital_Marketing_Outsource_PH,Paused,,dedicated marketing staff philippines,Exact,Paused,,,,,,,,,,,,,,,,,,,,,,,,,,,,,,,,VC_Keywords_Paused_Live · George paused live USA Exact junk/general/job-seeker-y terms; synced from Editor DB ape_4967151855 (Get recent changes). Phrase stays paused (Exact-only bidding). (2026-08-07); was Exact
573-539-1940,Keyword,VC_AU_S_ROLES,Search,Paused,,Daily,Maximize Clicks,Google Search,,,Presence,,,Digital_Marketing_Outsource_PH,Paused,,remote marketing team philippines,Exact,Paused,,,,,,,,,,,,,,,,,,,,,,,,,,,,,,,,VC_Keywords_Paused_Live · George paused live USA Exact junk/general/job-seeker-y terms; synced from Editor DB ape_4967151855 (Get recent changes). Phrase stays paused (Exact-only bidding). (2026-08-07); was Exact
573-539-1940,Keyword,VC_AU_S_ROLES,Search,Paused,,Daily,Maximize Clicks,Google Search,,,Presence,,,Digital_Marketing_Outsource_PH,Paused,,outsource ppc management philippines,Exact,Paused,,,,,,,,,,,,,,,,,,,,,,,,,,,,,,,,VC_Keywords_Paused_Live · George paused live USA Exact junk/general/job-seeker-y terms; synced from Editor DB ape_4967151855 (Get recent changes). Phrase stays paused (Exact-only bidding). (2026-08-07); was Exact
573-539-1940,Keyword,VC_AU_S_ROLES,Search,Paused,,Daily,Maximize Clicks,Google Search,,,Presence,,,Digital_Marketing_Outsource_PH,Paused,,philippines remote marketing hire,Exact,Paused,,,,,,,,,,,,,,,,,,,,,,,,,,,,,,,,VC_Keywords_Paused_Live · George paused live USA Exact junk/general/job-seeker-y terms; synced from Editor DB ape_4967151855 (Get recent changes). Phrase stays paused (Exact-only bidding). (2026-08-07); was Exact
573-539-1940,Keyword,VC_AU_S_ROLES,Search,Paused,,Daily,Maximize Clicks,Google Search,,,Presence,,,Digital_Marketing_Outsource_PH,Paused,,outsource marketing operations philippines,Exact,Paused,,,,,,,,,,,,,,,,,,,,,,,,,,,,,,,,VC_Keywords_Paused_Live · George paused live USA Exact junk/general/job-seeker-y terms; synced from Editor DB ape_4967151855 (Get recent changes). Phrase stays paused (Exact-only bidding). (2026-08-07); was Exact
573-539-1940,Keyword,VC_AU_S_ROLES,Search,Paused,,Daily,Maximize Clicks,Google Search,,,Presence,,,Digital_Marketing_Outsource_PH,Paused,,filipino marketing team for hire,Exact,Paused,,,,,,,,,,,,,,,,,,,,,,,,,,,,,,,,VC_Keywords_Paused_Live · George paused live USA Exact junk/general/job-seeker-y terms; synced from Editor DB ape_4967151855 (Get recent changes). Phrase stays paused (Exact-only bidding). (2026-08-07); was Exact
573-539-1940,Keyword,VC_AU_S_ROLES,Search,Paused,,Daily,Maximize Clicks,Google Search,,,Presence,,,Digital_Marketing_Outsource_PH,Paused,,offshore digital marketing specialist,Exact,Paused,,,,,,,,,,,,,,,,,,,,,,,,,,,,,,,,v6 Exact — ST evidence + employer long-tail
573-539-1940,Keyword,VC_AU_S_ROLES,Search,Paused,,Daily,Maximize Clicks,Google Search,,,Presence,,,Digital_Marketing_Outsource_PH,Paused,,outsource campaign management philippines,Exact,Paused,,,,,,,,,,,,,,,,,,,,,,,,,,,,,,,,VC_Keywords_Paused_Live · George paused live USA Exact junk/general/job-seeker-y terms; synced from Editor DB ape_4967151855 (Get recent changes). Phrase stays paused (Exact-only bidding). (2026-08-07); was Exact
573-539-1940,Keyword,VC_AU_S_ROLES,Search,Paused,,Daily,Maximize Clicks,Google Search,,,Presence,,,Digital_Marketing_Outsource_PH,Paused,,marketing ops outsourcing philippines,Exact,Paused,,,,,,,,,,,,,,,,,,,,,,,,,,,,,,,,VC_Keywords_Paused_Live · George paused live USA Exact junk/general/job-seeker-y terms; synced from Editor DB ape_4967151855 (Get recent changes). Phrase stays paused (Exact-only bidding). (2026-08-07); was Exact
573-539-1940,Keyword,VC_AU_S_ROLES,Search,Paused,,Daily,Maximize Clicks,Google Search,,,Presence,,,Digital_Marketing_Outsource_PH,Paused,,philippines digital marketing support staff,Exact,Paused,,,,,,,,,,,,,,,,,,,,,,,,,,,,,,,,VC_Keywords_Paused_Live · George paused live USA Exact junk/general/job-seeker-y terms; synced from Editor DB ape_4967151855 (Get recent changes). Phrase stays paused (Exact-only bidding). (2026-08-07); was Exact
573-539-1940,Keyword,VC_AU_S_ROLES,Search,Paused,,Daily,Maximize Clicks,Google Search,,,Presence,,,Digital_Marketing_Outsource_PH,Paused,,hire outsourced digital marketer,Exact,Paused,,,,,,,,,,,,,,,,,,,,,,,,,,,,,,,,v6 Exact — ST evidence + employer long-tail
573-539-1940,Keyword,VC_AU_S_ROLES,Search,Paused,,Daily,Maximize Clicks,Google Search,,,Presence,,,Digital_Marketing_Outsource_PH,Paused,,philippines digital marketing agency,Exact,Paused,,,,,,,,,,,,,,,,,,,,,,,,,,,,,,,,v6 Exact — ST evidence + employer long-tail
573-539-1940,Keyword,VC_AU_S_ROLES,Search,Paused,,Daily,Maximize Clicks,Google Search,,,Presence,,,Digital_Marketing_Outsource_PH,Paused,,seo company philippines,Exact,Paused,,,,,,,,,,,,,,,,,,,,,,,,,,,,,,,,v6 Exact — ST evidence + employer long-tail
573-539-1940,Keyword,VC_AU_S_ROLES,Search,Paused,,Daily,Maximize Clicks,Google Search,,,Presence,,,Digital_Marketing_Outsource_PH,Paused,,outsource digital marketing philippines,Phrase,Paused,,,,,,,,,,,,,,,,,,,,,,,,,,,,,,,,v6 Phrase — discovery from converting ST clusters
573-539-1940,Keyword,VC_AU_S_ROLES,Search,Paused,,Daily,Maximize Clicks,Google Search,,,Presence,,,Digital_Marketing_Outsource_PH,Paused,,digital marketing outsourcing philippines,Phrase,Paused,,,,,,,,,,,,,,,,,,,,,,,,,,,,,,,,v6 Phrase — discovery from converting ST clusters
573-539-1940,Keyword,VC_AU_S_ROLES,Search,Paused,,Daily,Maximize Clicks,Google Search,,,Presence,,,Digital_Marketing_Outsource_PH,Paused,,offshore digital marketing,Phrase,Paused,,,,,,,,,,,,,,,,,,,,,,,,,,,,,,,,v6 Phrase — discovery from converting ST clusters
573-539-1940,Keyword,VC_AU_S_ROLES,Search,Paused,,Daily,Maximize Clicks,Google Search,,,Presence,,,Digital_Marketing_Outsource_PH,Paused,,outsource marketing to philippines,Phrase,Paused,,,,,,,,,,,,,,,,,,,,,,,,,,,,,,,,v6 Phrase — discovery from converting ST clusters
573-539-1940,Keyword,VC_AU_S_ROLES,Search,Paused,,Daily,Maximize Clicks,Google Search,,,Presence,,,Digital_Marketing_Outsource_PH,Paused,,philippines marketing staff,Phrase,Paused,,,,,,,,,,,,,,,,,,,,,,,,,,,,,,,,v6 Phrase — discovery from converting ST clusters
573-539-1940,Keyword,VC_AU_S_ROLES,Search,Paused,,Daily,Maximize Clicks,Google Search,,,Presence,,,Digital_Marketing_Outsource_PH,Paused,,offshore marketing team,Phrase,Paused,,,,,,,,,,,,,,,,,,,,,,,,,,,,,,,,v6 Phrase — discovery from converting ST clusters
573-539-1940,Keyword,VC_AU_S_ROLES,Search,Paused,,Daily,Maximize Clicks,Google Search,,,Presence,,,Digital_Marketing_Outsource_PH,Paused,,outsource campaign management,Phrase,Paused,,,,,,,,,,,,,,,,,,,,,,,,,,,,,,,,v6 Phrase — discovery from converting ST clusters
573-539-1940,Keyword,VC_AU_S_ROLES,Search,Paused,,Daily,Maximize Clicks,Google Search,,,Presence,,,Digital_Marketing_Outsource_PH,Paused,,outsource seo philippines,Phrase,Paused,,,,,,,,,,,,,,,,,,,,,,,,,,,,,,,,v6 Phrase — discovery from converting ST clusters
573-539-1940,Keyword,VC_AU_S_ROLES,Search,Paused,,Daily,Maximize Clicks,Google Search,,,Presence,,,Digital_Marketing_Outsource_PH,Paused,,philippines digital marketing staff,Phrase,Paused,,,,,,,,,,,,,,,,,,,,,,,,,,,,,,,,v6 Phrase — discovery from converting ST clusters
573-539-1940,Ad,VC_AU_S_ROLES,Search,Paused,,Daily,Maximize Clicks,Google Search,,,Presence,,,Digital_Marketing_Outsource_PH,Paused,,,,,Paused,Responsive search ad,https://www.virtualcoworker.app/au/digital-marketing,outsource,mkt,Outsource Marketing to PH,Offshore Marketing Staff,Philippines Marketing Team,AU Outsourcing Partner,Dedicated Marketing Seat,Not a Freelance Bench,Vetted Offshore Marketers,Campaign Ops Outsourcing,Remote Marketing Capacity,Employer-Only Path,Marketing Staff Placement,Clear Outsourcing Process,For Australian SMEs,Ongoing Not Project-Only,Start Hiring Request,Outsource digital marketing support to dedicated Philippines staff.,A staffing partner places ongoing capacity — you keep interview control.,Designed for Australian employers scaling marketing without local payroll drag.,"Offshore marketing ops with recruit, vet, and manage support.",,,,,,,,RSA angle A_partner; full 15/4; tier=primary; role=Digital Marketing; no invented pricing
573-539-1940,Ad,VC_AU_S_ROLES,Search,Paused,,Daily,Maximize Clicks,Google Search,,,Presence,,,Digital_Marketing_Outsource_PH,Paused,,,,,Paused,Responsive search ad,https://www.virtualcoworker.app/au/digital-marketing,offshore,ph,PH Digital Marketing Ops,Outsource SEO Support,Outsource PPC Ops PH,Content Engine Staffing,Marketing Team Philippines,Scale Without Headcount,Dedicated Channel Owners,Fit for Australian Brands,Remote Marketing Bench,Vetted Specialist Seats,Outsource Reporting Ops,Philippines Growth Support,Partner-Led Outsourcing,Interview Before Placement,Outsource This Role PH,"Add Philippines marketing capacity for SEO, content, and paid support.",Dedicated seats beat rotating freelancers for campaign continuity.,Ask about an outsourcing path tailored to your organisation.,Built for Australian businesses that want accountable remote marketers.,,,,,,,,RSA angle B_capacity; full 15/4; tier=primary; role=Digital Marketing; no invented pricing
573-539-1940,Ad,VC_AU_S_ROLES,Search,Paused,,Daily,Maximize Clicks,Google Search,,,Presence,,,Digital_Marketing_Outsource_PH,Paused,,,,,Paused,Responsive search ad,https://www.virtualcoworker.app/au/digital-marketing,dedicated,mkt,Dedicated PH Marketer,Same Marketer Daily,Accountable Marketing Seat,Philippines Marketing Hire,Not Rotating Freelancers,Offshore With Ownership,Marketing Ops Continuity,PH Specialist You Keep,Interview Then Commit,Vetted Then Dedicated,Remote Marketing Owner,Staffing Not Gig Apps,Marketing Seat Proof,Campaign Owner From PH,Request Dedicated Seat,Outsource marketing with a dedicated Philippines seat — not freelancer rotation.,Continuity is the proof: one vetted marketer you interview before placement.,Built for Australian employers who want accountable offshore marketing capacity.,Partner-led seat. You keep hire authority — savings are not promised in ads.,,,,,,,,RSA angle C_proof; full 15/4; tier=primary; role=Digital Marketing; no invented pricing
573-539-1940,Ad group,VC_AU_S_ROLES,Search,Paused,,Daily,Maximize Clicks,Google Search,,,Presence,,,Social_Media_Hire_PH,Paused,,,,,,,,,,,,,,,,,,,,,,,,,,,,,,,,,,,,ROLES primary — Social_Media_Hire_PH; category=social-media
573-539-1940,Keyword,VC_AU_S_ROLES,Search,Paused,,Daily,Maximize Clicks,Google Search,,,Presence,,,Social_Media_Hire_PH,Paused,,social media manager philippines,Exact,Paused,,,,,,,,,,,,,,,,,,,,,,,,,,,,,,,,v6 Exact — ST evidence + employer long-tail
573-539-1940,Keyword,VC_AU_S_ROLES,Search,Paused,,Daily,Maximize Clicks,Google Search,,,Presence,,,Social_Media_Hire_PH,Paused,,filipino social media manager,Exact,Paused,,,,,,,,,,,,,,,,,,,,,,,,,,,,,,,,v6 Exact — ST evidence + employer long-tail
573-539-1940,Keyword,VC_AU_S_ROLES,Search,Paused,,Daily,Maximize Clicks,Google Search,,,Presence,,,Social_Media_Hire_PH,Paused,,hire philippines social media manager,Exact,Paused,,,,,,,,,,,,,,,,,,,,,,,,,,,,,,,,v6 Exact — ST evidence + employer long-tail
573-539-1940,Keyword,VC_AU_S_ROLES,Search,Paused,,Daily,Maximize Clicks,Google Search,,,Presence,,,Social_Media_Hire_PH,Paused,,hire social media manager philippines,Exact,Paused,,,,,,,,,,,,,,,,,,,,,,,,,,,,,,,,v6 Exact — ST evidence + employer long-tail
573-539-1940,Keyword,VC_AU_S_ROLES,Search,Paused,,Daily,Maximize Clicks,Google Search,,,Presence,,,Social_Media_Hire_PH,Paused,,hire a social media manager,Exact,Paused,,,,,,,,,,,,,,,,,,,,,,,,,,,,,,,,VC_Keywords_Paused_Live · George paused live USA Exact junk/general/job-seeker-y terms; synced from Editor DB ape_4967151855 (Get recent changes). Phrase stays paused (Exact-only bidding). (2026-08-07); was Exact
573-539-1940,Keyword,VC_AU_S_ROLES,Search,Paused,,Daily,Maximize Clicks,Google Search,,,Presence,,,Social_Media_Hire_PH,Paused,,social media manager for hire,Exact,Paused,,,,,,,,,,,,,,,,,,,,,,,,,,,,,,,,v6 Exact — ST evidence + employer long-tail
573-539-1940,Keyword,VC_AU_S_ROLES,Search,Paused,,Daily,Maximize Clicks,Google Search,,,Presence,,,Social_Media_Hire_PH,Paused,,hire social media manager for small business,Exact,Paused,,,,,,,,,,,,,,,,,,,,,,,,,,,,,,,,v6 Exact — ST evidence + employer long-tail
573-539-1940,Keyword,VC_AU_S_ROLES,Search,Paused,,Daily,Maximize Clicks,Google Search,,,Presence,,,Social_Media_Hire_PH,Paused,,social media virtual assistant,Exact,Paused,,,,,,,,,,,,,,,,,,,,,,,,,,,,,,,,v6 Exact — ST evidence + employer long-tail
573-539-1940,Keyword,VC_AU_S_ROLES,Search,Paused,,Daily,Maximize Clicks,Google Search,,,Presence,,,Social_Media_Hire_PH,Paused,,virtual social media assistant,Exact,Paused,,,,,,,,,,,,,,,,,,,,,,,,,,,,,,,,v6 Exact — ST evidence + employer long-tail
573-539-1940,Keyword,VC_AU_S_ROLES,Search,Paused,,Daily,Maximize Clicks,Google Search,,,Presence,,,Social_Media_Hire_PH,Paused,,virtual assistant social media,Exact,Paused,,,,,,,,,,,,,,,,,,,,,,,,,,,,,,,,v6 Exact — ST evidence + employer long-tail
573-539-1940,Keyword,VC_AU_S_ROLES,Search,Paused,,Daily,Maximize Clicks,Google Search,,,Presence,,,Social_Media_Hire_PH,Paused,,virtual assistant social media manager,Exact,Paused,,,,,,,,,,,,,,,,,,,,,,,,,,,,,,,,v6 Exact — ST evidence + employer long-tail
573-539-1940,Keyword,VC_AU_S_ROLES,Search,Paused,,Daily,Maximize Clicks,Google Search,,,Presence,,,Social_Media_Hire_PH,Paused,,social media va,Exact,Paused,,,,,,,,,,,,,,,,,,,,,,,,,,,,,,,,v6 Exact — ST evidence + employer long-tail
573-539-1940,Keyword,VC_AU_S_ROLES,Search,Paused,,Daily,Maximize Clicks,Google Search,,,Presence,,,Social_Media_Hire_PH,Paused,,va for social media,Exact,Paused,,,,,,,,,,,,,,,,,,,,,,,,,,,,,,,,v6 Exact — ST evidence + employer long-tail
573-539-1940,Keyword,VC_AU_S_ROLES,Search,Paused,,Daily,Maximize Clicks,Google Search,,,Presence,,,Social_Media_Hire_PH,Paused,,social media assistant,Exact,Paused,,,,,,,,,,,,,,,,,,,,,,,,,,,,,,,,v6 Exact — ST evidence + employer long-tail
573-539-1940,Keyword,VC_AU_S_ROLES,Search,Paused,,Daily,Maximize Clicks,Google Search,,,Presence,,,Social_Media_Hire_PH,Paused,,social media manager virtual assistant,Exact,Paused,,,,,,,,,,,,,,,,,,,,,,,,,,,,,,,,v6 Exact — ST evidence + employer long-tail
573-539-1940,Keyword,VC_AU_S_ROLES,Search,Paused,,Daily,Maximize Clicks,Google Search,,,Presence,,,Social_Media_Hire_PH,Paused,,virtual social media manager,Exact,Paused,,,,,,,,,,,,,,,,,,,,,,,,,,,,,,,,v6 Exact — ST evidence + employer long-tail
573-539-1940,Keyword,VC_AU_S_ROLES,Search,Paused,,Daily,Maximize Clicks,Google Search,,,Presence,,,Social_Media_Hire_PH,Paused,,hire social media virtual assistant,Exact,Paused,,,,,,,,,,,,,,,,,,,,,,,,,,,,,,,,v6 Exact — ST evidence + employer long-tail
573-539-1940,Keyword,VC_AU_S_ROLES,Search,Paused,,Daily,Maximize Clicks,Google Search,,,Presence,,,Social_Media_Hire_PH,Paused,,hire filipino social media manager,Exact,Paused,,,,,,,,,,,,,,,,,,,,,,,,,,,,,,,,v6 Exact — ST evidence + employer long-tail
573-539-1940,Keyword,VC_AU_S_ROLES,Search,Paused,,Daily,Maximize Clicks,Google Search,,,Presence,,,Social_Media_Hire_PH,Paused,,hire social media va,Exact,Paused,,,,,,,,,,,,,,,,,,,,,,,,,,,,,,,,v6 Exact — ST evidence + employer long-tail
573-539-1940,Keyword,VC_AU_S_ROLES,Search,Paused,,Daily,Maximize Clicks,Google Search,,,Presence,,,Social_Media_Hire_PH,Paused,,hire filipino social media va,Exact,Paused,,,,,,,,,,,,,,,,,,,,,,,,,,,,,,,,VC_Keywords_Paused_Live · George paused live USA Exact junk/general/job-seeker-y terms; synced from Editor DB ape_4967151855 (Get recent changes). Phrase stays paused (Exact-only bidding). (2026-08-07); was Exact
573-539-1940,Keyword,VC_AU_S_ROLES,Search,Paused,,Daily,Maximize Clicks,Google Search,,,Presence,,,Social_Media_Hire_PH,Paused,,hire remote social media manager,Exact,Paused,,,,,,,,,,,,,,,,,,,,,,,,,,,,,,,,v6 Exact — ST evidence + employer long-tail
573-539-1940,Keyword,VC_AU_S_ROLES,Search,Paused,,Daily,Maximize Clicks,Google Search,,,Presence,,,Social_Media_Hire_PH,Paused,,social media va philippines,Exact,Paused,,,,,,,,,,,,,,,,,,,,,,,,,,,,,,,,v6 Exact — ST evidence + employer long-tail
573-539-1940,Keyword,VC_AU_S_ROLES,Search,Paused,,Daily,Maximize Clicks,Google Search,,,Presence,,,Social_Media_Hire_PH,Paused,,social media virtual assistant philippines,Exact,Paused,,,,,,,,,,,,,,,,,,,,,,,,,,,,,,,,v6 Exact — ST evidence + employer long-tail
573-539-1940,Keyword,VC_AU_S_ROLES,Search,Paused,,Daily,Maximize Clicks,Google Search,,,Presence,,,Social_Media_Hire_PH,Paused,,filipino social media specialist,Exact,Paused,,,,,,,,,,,,,,,,,,,,,,,,,,,,,,,,VC_Keywords_Paused_Live · George paused live USA Exact junk/general/job-seeker-y terms; synced from Editor DB ape_4967151855 (Get recent changes). Phrase stays paused (Exact-only bidding). (2026-08-07); was Exact
573-539-1940,Keyword,VC_AU_S_ROLES,Search,Paused,,Daily,Maximize Clicks,Google Search,,,Presence,,,Social_Media_Hire_PH,Paused,,filipino social media va,Exact,Paused,,,,,,,,,,,,,,,,,,,,,,,,,,,,,,,,v6 Exact — ST evidence + employer long-tail
573-539-1940,Keyword,VC_AU_S_ROLES,Search,Paused,,Daily,Maximize Clicks,Google Search,,,Presence,,,Social_Media_Hire_PH,Paused,,philippines social media manager,Exact,Paused,,,,,,,,,,,,,,,,,,,,,,,,,,,,,,,,v6 Exact — ST evidence + employer long-tail
573-539-1940,Keyword,VC_AU_S_ROLES,Search,Paused,,Daily,Maximize Clicks,Google Search,,,Presence,,,Social_Media_Hire_PH,Paused,,social media management virtual assistant,Exact,Paused,,,,,,,,,,,,,,,,,,,,,,,,,,,,,,,,v6 Exact — ST evidence + employer long-tail
573-539-1940,Keyword,VC_AU_S_ROLES,Search,Paused,,Daily,Maximize Clicks,Google Search,,,Presence,,,Social_Media_Hire_PH,Paused,,social media marketing virtual assistant,Exact,Paused,,,,,,,,,,,,,,,,,,,,,,,,,,,,,,,,v6 Exact — ST evidence + employer long-tail
573-539-1940,Keyword,VC_AU_S_ROLES,Search,Paused,,Daily,Maximize Clicks,Google Search,,,Presence,,,Social_Media_Hire_PH,Paused,,social media staff philippines,Exact,Paused,,,,,,,,,,,,,,,,,,,,,,,,,,,,,,,,VC_Keywords_Paused_Live · George paused live USA Exact junk/general/job-seeker-y terms; synced from Editor DB ape_4967151855 (Get recent changes). Phrase stays paused (Exact-only bidding). (2026-08-07); was Exact
573-539-1940,Keyword,VC_AU_S_ROLES,Search,Paused,,Daily,Maximize Clicks,Google Search,,,Presence,,,Social_Media_Hire_PH,Paused,,hire instagram virtual assistant philippines,Exact,Paused,,,,,,,,,,,,,,,,,,,,,,,,,,,,,,,,VC_Keywords_Paused_Live · George paused live USA Exact junk/general/job-seeker-y terms; synced from Editor DB ape_4967151855 (Get recent changes). Phrase stays paused (Exact-only bidding). (2026-08-07); was Exact
573-539-1940,Keyword,VC_AU_S_ROLES,Search,Paused,,Daily,Maximize Clicks,Google Search,,,Presence,,,Social_Media_Hire_PH,Paused,,hire facebook ads va philippines,Exact,Paused,,,,,,,,,,,,,,,,,,,,,,,,,,,,,,,,VC_Keywords_Paused_Live · George paused live USA Exact junk/general/job-seeker-y terms; synced from Editor DB ape_4967151855 (Get recent changes). Phrase stays paused (Exact-only bidding). (2026-08-07); was Exact
573-539-1940,Keyword,VC_AU_S_ROLES,Search,Paused,,Daily,Maximize Clicks,Google Search,,,Presence,,,Social_Media_Hire_PH,Paused,,filipino community manager hire,Exact,Paused,,,,,,,,,,,,,,,,,,,,,,,,,,,,,,,,VC_Keywords_Paused_Live · George paused live USA Exact junk/general/job-seeker-y terms; synced from Editor DB ape_4967151855 (Get recent changes). Phrase stays paused (Exact-only bidding). (2026-08-07); was Exact
573-539-1940,Keyword,VC_AU_S_ROLES,Search,Paused,,Daily,Maximize Clicks,Google Search,,,Presence,,,Social_Media_Hire_PH,Paused,,hire content scheduler philippines,Exact,Paused,,,,,,,,,,,,,,,,,,,,,,,,,,,,,,,,VC_Keywords_Paused_Live · George paused live USA Exact junk/general/job-seeker-y terms; synced from Editor DB ape_4967151855 (Get recent changes). Phrase stays paused (Exact-only bidding). (2026-08-07); was Exact
573-539-1940,Keyword,VC_AU_S_ROLES,Search,Paused,,Daily,Maximize Clicks,Google Search,,,Presence,,,Social_Media_Hire_PH,Paused,,dedicated social media va philippines,Exact,Paused,,,,,,,,,,,,,,,,,,,,,,,,,,,,,,,,VC_Keywords_Paused_Live · George paused live USA Exact junk/general/job-seeker-y terms; synced from Editor DB ape_4967151855 (Get recent changes). Phrase stays paused (Exact-only bidding). (2026-08-07); was Exact
573-539-1940,Keyword,VC_AU_S_ROLES,Search,Paused,,Daily,Maximize Clicks,Google Search,,,Presence,,,Social_Media_Hire_PH,Paused,,hire philippines social media specialist,Exact,Paused,,,,,,,,,,,,,,,,,,,,,,,,,,,,,,,,v6 Exact — ST evidence + employer long-tail
573-539-1940,Keyword,VC_AU_S_ROLES,Search,Paused,,Daily,Maximize Clicks,Google Search,,,Presence,,,Social_Media_Hire_PH,Paused,,social media assistant philippines,Exact,Paused,,,,,,,,,,,,,,,,,,,,,,,,,,,,,,,,v6 Exact — ST evidence + employer long-tail
573-539-1940,Keyword,VC_AU_S_ROLES,Search,Paused,,Daily,Maximize Clicks,Google Search,,,Presence,,,Social_Media_Hire_PH,Paused,,remote social media assistant philippines,Exact,Paused,,,,,,,,,,,,,,,,,,,,,,,,,,,,,,,,v6 Exact — ST evidence + employer long-tail
573-539-1940,Keyword,VC_AU_S_ROLES,Search,Paused,,Daily,Maximize Clicks,Google Search,,,Presence,,,Social_Media_Hire_PH,Paused,,instagram manager philippines,Exact,Paused,,,,,,,,,,,,,,,,,,,,,,,,,,,,,,,,v6 Exact — ST evidence + employer long-tail
573-539-1940,Keyword,VC_AU_S_ROLES,Search,Paused,,Daily,Maximize Clicks,Google Search,,,Presence,,,Social_Media_Hire_PH,Paused,,hire social media virtual assistant,Phrase,Paused,,,,,,,,,,,,,,,,,,,,,,,,,,,,,,,,v6 Phrase — discovery from converting ST clusters
573-539-1940,Keyword,VC_AU_S_ROLES,Search,Paused,,Daily,Maximize Clicks,Google Search,,,Presence,,,Social_Media_Hire_PH,Paused,,hire filipino social media,Phrase,Paused,,,,,,,,,,,,,,,,,,,,,,,,,,,,,,,,v6 Phrase — discovery from converting ST clusters
573-539-1940,Keyword,VC_AU_S_ROLES,Search,Paused,,Daily,Maximize Clicks,Google Search,,,Presence,,,Social_Media_Hire_PH,Paused,,social media manager philippines,Phrase,Paused,,,,,,,,,,,,,,,,,,,,,,,,,,,,,,,,v6 Phrase — discovery from converting ST clusters
573-539-1940,Keyword,VC_AU_S_ROLES,Search,Paused,,Daily,Maximize Clicks,Google Search,,,Presence,,,Social_Media_Hire_PH,Paused,,filipino social media manager,Phrase,Paused,,,,,,,,,,,,,,,,,,,,,,,,,,,,,,,,v6 Phrase — discovery from converting ST clusters
573-539-1940,Keyword,VC_AU_S_ROLES,Search,Paused,,Daily,Maximize Clicks,Google Search,,,Presence,,,Social_Media_Hire_PH,Paused,,social media va philippines,Phrase,Paused,,,,,,,,,,,,,,,,,,,,,,,,,,,,,,,,v6 Phrase — discovery from converting ST clusters
573-539-1940,Keyword,VC_AU_S_ROLES,Search,Paused,,Daily,Maximize Clicks,Google Search,,,Presence,,,Social_Media_Hire_PH,Paused,,hire remote social media manager,Phrase,Paused,,,,,,,,,,,,,,,,,,,,,,,,,,,,,,,,v6 Phrase — discovery from converting ST clusters
573-539-1940,Keyword,VC_AU_S_ROLES,Search,Paused,,Daily,Maximize Clicks,Google Search,,,Presence,,,Social_Media_Hire_PH,Paused,,social media virtual assistant,Phrase,Paused,,,,,,,,,,,,,,,,,,,,,,,,,,,,,,,,v6 Phrase — discovery from converting ST clusters
573-539-1940,Keyword,VC_AU_S_ROLES,Search,Paused,,Daily,Maximize Clicks,Google Search,,,Presence,,,Social_Media_Hire_PH,Paused,,hire social media specialist philippines,Phrase,Paused,,,,,,,,,,,,,,,,,,,,,,,,,,,,,,,,v6 Phrase — discovery from converting ST clusters
573-539-1940,Keyword,VC_AU_S_ROLES,Search,Paused,,Daily,Maximize Clicks,Google Search,,,Presence,,,Social_Media_Hire_PH,Paused,,va for social media,Phrase,Paused,,,,,,,,,,,,,,,,,,,,,,,,,,,,,,,,v6 Phrase — discovery from converting ST clusters
573-539-1940,Keyword,VC_AU_S_ROLES,Search,Paused,,Daily,Maximize Clicks,Google Search,,,Presence,,,Social_Media_Hire_PH,Paused,,hire philippines social media manager,Phrase,Paused,,,,,,,,,,,,,,,,,,,,,,,,,,,,,,,,v6 Phrase — discovery from converting ST clusters
573-539-1940,Keyword,VC_AU_S_ROLES,Search,Paused,,Daily,Maximize Clicks,Google Search,,,Presence,,,Social_Media_Hire_PH,Paused,,virtual social media assistant,Phrase,Paused,,,,,,,,,,,,,,,,,,,,,,,,,,,,,,,,v6 Phrase — discovery from converting ST clusters
573-539-1940,Ad,VC_AU_S_ROLES,Search,Paused,,Daily,Maximize Clicks,Google Search,,,Presence,,,Social_Media_Hire_PH,Paused,,,,,Paused,Responsive search ad,https://www.virtualcoworker.app/au/social-media,social,hire,Hire Social Media VA,Filipino SMM for Hire,Social Manager Philippines,AU Social Staffing,Vetted SMM Shortlist,Interview Before You Hire,Dedicated Social Seat,Community Manager Hire,Content Scheduler VA,Employer Hiring Path,Remote SMM Specialist,Not Gig Marketplace,Made for Australian SMEs,Ongoing Social Capacity,Tell Us Who You Need,Hire a dedicated Filipino social media manager through a staffing partner.,"Shortlist is interview-ready; we handle recruiting, vetting, and support.",For Australian employers who need reliable day-to-day social capacity.,Ongoing SMM hires — not one-off freelance posting gigs.,,,,,,,,RSA angle A_staffing; full 15/4; tier=primary; role=Social Media; no invented pricing
573-539-1940,Ad,VC_AU_S_ROLES,Search,Paused,,Daily,Maximize Clicks,Google Search,,,Presence,,,Social_Media_Hire_PH,Paused,,,,,Paused,Responsive search ad,https://www.virtualcoworker.app/au/social-media,social,va,{KeyWord:Hire Social VA},Instagram & FB VA Hire,LinkedIn Content Support,Filipino Community Manager,Brand Social Ops Hire,Posting & Engagement VA,Scale Social Bandwidth,Australian Brands Hiring,Philippines SMM Talent,Dedicated Channel VA,Social Calendar Owner,Partner-Managed Hire,Remote Social Specialist,Clear Employer Process,Request Hiring Shortlist,Fill social media roles with vetted Philippines specialists.,"Coverage for scheduling, community replies, and content workflows.",Staffing support for Australian business social channels that need consistency.,We specialise in remote social media hires for employers.,,,,,,,,RSA angle B_role; full 15/4; tier=primary; role=Social Media; no invented pricing
573-539-1940,Ad,VC_AU_S_ROLES,Search,Paused,,Daily,Maximize Clicks,Google Search,,,Presence,,,Social_Media_Hire_PH,Paused,,,,,Paused,Responsive search ad,https://www.virtualcoworker.app/au/social-media,shortlist,smm,Shortlist Social Managers,Vetted SMM Finalists,SMM Hire Shortlist Fast,Recruit Social Then Interview,PH Community Manager Screen,Skip Gig SMM Search,Social Role to Shortlist,Get SMM Candidates Ready,Employer Social Hire Path,Screened Content Schedulers,Brand Voice Hire Pipeline,Social Seat Shortlist,Staffing Pipeline for SMM,Interview-Ready SMM List,Ask for SMM Shortlist,Need a social media hire? We recruit and screen Philippines SMM talent first.,Shortlist-first path: you interview; we source and vet community managers.,Speed means a ready staffing pipeline — not a response-time promise.,Tell us the social seat. Review vetted finalists before you hire.,,,,,,,,RSA angle C_speed; full 15/4; tier=primary; role=Social Media; no invented pricing
573-539-1940,Ad group,VC_AU_S_ROLES,Search,Paused,,Daily,Maximize Clicks,Google Search,,,Presence,,,Social_Media_Outsource_PH,Paused,,,,,,,,,,,,,,,,,,,,,,,,,,,,,,,,,,,,ROLES primary — Social_Media_Outsource_PH; category=social-media
573-539-1940,Keyword,VC_AU_S_ROLES,Search,Paused,,Daily,Maximize Clicks,Google Search,,,Presence,,,Social_Media_Outsource_PH,Paused,,outsource social media philippines,Exact,Paused,,,,,,,,,,,,,,,,,,,,,,,,,,,,,,,,v6 Exact — ST evidence + employer long-tail
573-539-1940,Keyword,VC_AU_S_ROLES,Search,Paused,,Daily,Maximize Clicks,Google Search,,,Presence,,,Social_Media_Outsource_PH,Paused,,outsource social media management,Exact,Paused,,,,,,,,,,,,,,,,,,,,,,,,,,,,,,,,v6 Exact — ST evidence + employer long-tail
573-539-1940,Keyword,VC_AU_S_ROLES,Search,Paused,,Daily,Maximize Clicks,Google Search,,,Presence,,,Social_Media_Outsource_PH,Paused,,social media outsourcing,Exact,Paused,,,,,,,,,,,,,,,,,,,,,,,,,,,,,,,,v6 Exact — ST evidence + employer long-tail
573-539-1940,Keyword,VC_AU_S_ROLES,Search,Paused,,Daily,Maximize Clicks,Google Search,,,Presence,,,Social_Media_Outsource_PH,Paused,,outsource social media marketing philippines,Exact,Paused,,,,,,,,,,,,,,,,,,,,,,,,,,,,,,,,v6 Exact — ST evidence + employer long-tail
573-539-1940,Keyword,VC_AU_S_ROLES,Search,Paused,,Daily,Maximize Clicks,Google Search,,,Presence,,,Social_Media_Outsource_PH,Paused,,offshore social media manager,Exact,Paused,,,,,,,,,,,,,,,,,,,,,,,,,,,,,,,,v6 Exact — ST evidence + employer long-tail
573-539-1940,Keyword,VC_AU_S_ROLES,Search,Paused,,Daily,Maximize Clicks,Google Search,,,Presence,,,Social_Media_Outsource_PH,Paused,,offshore social media philippines,Exact,Paused,,,,,,,,,,,,,,,,,,,,,,,,,,,,,,,,VC_Keywords_Paused_Live · George paused live USA Exact junk/general/job-seeker-y terms; synced from Editor DB ape_4967151855 (Get recent changes). Phrase stays paused (Exact-only bidding). (2026-08-07); was Exact
573-539-1940,Keyword,VC_AU_S_ROLES,Search,Paused,,Daily,Maximize Clicks,Google Search,,,Presence,,,Social_Media_Outsource_PH,Paused,,social media management philippines,Exact,Paused,,,,,,,,,,,,,,,,,,,,,,,,,,,,,,,,v6 Exact — ST evidence + employer long-tail
573-539-1940,Keyword,VC_AU_S_ROLES,Search,Paused,,Daily,Maximize Clicks,Google Search,,,Presence,,,Social_Media_Outsource_PH,Paused,,social media outsourcing philippines,Exact,Paused,,,,,,,,,,,,,,,,,,,,,,,,,,,,,,,,v6 Exact — ST evidence + employer long-tail
573-539-1940,Keyword,VC_AU_S_ROLES,Search,Paused,,Daily,Maximize Clicks,Google Search,,,Presence,,,Social_Media_Outsource_PH,Paused,,philippines social media outsourcing,Exact,Paused,,,,,,,,,,,,,,,,,,,,,,,,,,,,,,,,v6 Exact — ST evidence + employer long-tail
573-539-1940,Keyword,VC_AU_S_ROLES,Search,Paused,,Daily,Maximize Clicks,Google Search,,,Presence,,,Social_Media_Outsource_PH,Paused,,philippines social media marketing,Exact,Paused,,,,,,,,,,,,,,,,,,,,,,,,,,,,,,,,v6 Exact — ST evidence + employer long-tail
573-539-1940,Keyword,VC_AU_S_ROLES,Search,Paused,,Daily,Maximize Clicks,Google Search,,,Presence,,,Social_Media_Outsource_PH,Paused,,social media services philippines,Exact,Paused,,,,,,,,,,,,,,,,,,,,,,,,,,,,,,,,v6 Exact — ST evidence + employer long-tail
573-539-1940,Keyword,VC_AU_S_ROLES,Search,Paused,,Daily,Maximize Clicks,Google Search,,,Presence,,,Social_Media_Outsource_PH,Paused,,dedicated social media staff philippines,Exact,Paused,,,,,,,,,,,,,,,,,,,,,,,,,,,,,,,,VC_Keywords_Paused_Live · George paused live USA Exact junk/general/job-seeker-y terms; synced from Editor DB ape_4967151855 (Get recent changes). Phrase stays paused (Exact-only bidding). (2026-08-07); was Exact
573-539-1940,Keyword,VC_AU_S_ROLES,Search,Paused,,Daily,Maximize Clicks,Google Search,,,Presence,,,Social_Media_Outsource_PH,Paused,,remote social media team philippines,Exact,Paused,,,,,,,,,,,,,,,,,,,,,,,,,,,,,,,,VC_Keywords_Paused_Live · George paused live USA Exact junk/general/job-seeker-y terms; synced from Editor DB ape_4967151855 (Get recent changes). Phrase stays paused (Exact-only bidding). (2026-08-07); was Exact
573-539-1940,Keyword,VC_AU_S_ROLES,Search,Paused,,Daily,Maximize Clicks,Google Search,,,Presence,,,Social_Media_Outsource_PH,Paused,,outsource community management philippines,Exact,Paused,,,,,,,,,,,,,,,,,,,,,,,,,,,,,,,,VC_Keywords_Paused_Live · George paused live USA Exact junk/general/job-seeker-y terms; synced from Editor DB ape_4967151855 (Get recent changes). Phrase stays paused (Exact-only bidding). (2026-08-07); was Exact
573-539-1940,Keyword,VC_AU_S_ROLES,Search,Paused,,Daily,Maximize Clicks,Google Search,,,Presence,,,Social_Media_Outsource_PH,Paused,,outsource content posting philippines,Exact,Paused,,,,,,,,,,,,,,,,,,,,,,,,,,,,,,,,VC_Keywords_Paused_Live · George paused live USA Exact junk/general/job-seeker-y terms; synced from Editor DB ape_4967151855 (Get recent changes). Phrase stays paused (Exact-only bidding). (2026-08-07); was Exact
573-539-1940,Keyword,VC_AU_S_ROLES,Search,Paused,,Daily,Maximize Clicks,Google Search,,,Presence,,,Social_Media_Outsource_PH,Paused,,filipino social media team for hire,Exact,Paused,,,,,,,,,,,,,,,,,,,,,,,,,,,,,,,,VC_Keywords_Paused_Live · George paused live USA Exact junk/general/job-seeker-y terms; synced from Editor DB ape_4967151855 (Get recent changes). Phrase stays paused (Exact-only bidding). (2026-08-07); was Exact
573-539-1940,Keyword,VC_AU_S_ROLES,Search,Paused,,Daily,Maximize Clicks,Google Search,,,Presence,,,Social_Media_Outsource_PH,Paused,,offshore smm specialist,Exact,Paused,,,,,,,,,,,,,,,,,,,,,,,,,,,,,,,,VC_Keywords_Paused_Live · George paused live USA Exact junk/general/job-seeker-y terms; synced from Editor DB ape_4967151855 (Get recent changes). Phrase stays paused (Exact-only bidding). (2026-08-07); was Exact
573-539-1940,Keyword,VC_AU_S_ROLES,Search,Paused,,Daily,Maximize Clicks,Google Search,,,Presence,,,Social_Media_Outsource_PH,Paused,,social media ops outsourcing philippines,Exact,Paused,,,,,,,,,,,,,,,,,,,,,,,,,,,,,,,,VC_Keywords_Paused_Live · George paused live USA Exact junk/general/job-seeker-y terms; synced from Editor DB ape_4967151855 (Get recent changes). Phrase stays paused (Exact-only bidding). (2026-08-07); was Exact
573-539-1940,Keyword,VC_AU_S_ROLES,Search,Paused,,Daily,Maximize Clicks,Google Search,,,Presence,,,Social_Media_Outsource_PH,Paused,,philippines remote smm hire,Exact,Paused,,,,,,,,,,,,,,,,,,,,,,,,,,,,,,,,VC_Keywords_Paused_Live · George paused live USA Exact junk/general/job-seeker-y terms; synced from Editor DB ape_4967151855 (Get recent changes). Phrase stays paused (Exact-only bidding). (2026-08-07); was Exact
573-539-1940,Keyword,VC_AU_S_ROLES,Search,Paused,,Daily,Maximize Clicks,Google Search,,,Presence,,,Social_Media_Outsource_PH,Paused,,outsource brand social media philippines,Exact,Paused,,,,,,,,,,,,,,,,,,,,,,,,,,,,,,,,VC_Keywords_Paused_Live · George paused live USA Exact junk/general/job-seeker-y terms; synced from Editor DB ape_4967151855 (Get recent changes). Phrase stays paused (Exact-only bidding). (2026-08-07); was Exact
573-539-1940,Keyword,VC_AU_S_ROLES,Search,Paused,,Daily,Maximize Clicks,Google Search,,,Presence,,,Social_Media_Outsource_PH,Paused,,hire outsourced social media manager,Exact,Paused,,,,,,,,,,,,,,,,,,,,,,,,,,,,,,,,VC_Keywords_Paused_Live · George paused live USA Exact junk/general/job-seeker-y terms; synced from Editor DB ape_4967151855 (Get recent changes). Phrase stays paused (Exact-only bidding). (2026-08-07); was Exact
573-539-1940,Keyword,VC_AU_S_ROLES,Search,Paused,,Daily,Maximize Clicks,Google Search,,,Presence,,,Social_Media_Outsource_PH,Paused,,social media support staff philippines,Exact,Paused,,,,,,,,,,,,,,,,,,,,,,,,,,,,,,,,VC_Keywords_Paused_Live · George paused live USA Exact junk/general/job-seeker-y terms; synced from Editor DB ape_4967151855 (Get recent changes). Phrase stays paused (Exact-only bidding). (2026-08-07); was Exact
573-539-1940,Keyword,VC_AU_S_ROLES,Search,Paused,,Daily,Maximize Clicks,Google Search,,,Presence,,,Social_Media_Outsource_PH,Paused,,offshore content and social va,Exact,Paused,,,,,,,,,,,,,,,,,,,,,,,,,,,,,,,,VC_Keywords_Paused_Live · George paused live USA Exact junk/general/job-seeker-y terms; synced from Editor DB ape_4967151855 (Get recent changes). Phrase stays paused (Exact-only bidding). (2026-08-07); was Exact
573-539-1940,Keyword,VC_AU_S_ROLES,Search,Paused,,Daily,Maximize Clicks,Google Search,,,Presence,,,Social_Media_Outsource_PH,Paused,,philippines social media management staff,Exact,Paused,,,,,,,,,,,,,,,,,,,,,,,,,,,,,,,,VC_Keywords_Paused_Live · George paused live USA Exact junk/general/job-seeker-y terms; synced from Editor DB ape_4967151855 (Get recent changes). Phrase stays paused (Exact-only bidding). (2026-08-07); was Exact
573-539-1940,Keyword,VC_AU_S_ROLES,Search,Paused,,Daily,Maximize Clicks,Google Search,,,Presence,,,Social_Media_Outsource_PH,Paused,,outsource linkedin management philippines,Exact,Paused,,,,,,,,,,,,,,,,,,,,,,,,,,,,,,,,VC_Keywords_Paused_Live · George paused live USA Exact junk/general/job-seeker-y terms; synced from Editor DB ape_4967151855 (Get recent changes). Phrase stays paused (Exact-only bidding). (2026-08-07); was Exact
573-539-1940,Keyword,VC_AU_S_ROLES,Search,Paused,,Daily,Maximize Clicks,Google Search,,,Presence,,,Social_Media_Outsource_PH,Paused,,outsource social media philippines,Phrase,Paused,,,,,,,,,,,,,,,,,,,,,,,,,,,,,,,,v6 Phrase — discovery from converting ST clusters
573-539-1940,Keyword,VC_AU_S_ROLES,Search,Paused,,Daily,Maximize Clicks,Google Search,,,Presence,,,Social_Media_Outsource_PH,Paused,,outsource social media management,Phrase,Paused,,,,,,,,,,,,,,,,,,,,,,,,,,,,,,,,v6 Phrase — discovery from converting ST clusters
573-539-1940,Keyword,VC_AU_S_ROLES,Search,Paused,,Daily,Maximize Clicks,Google Search,,,Presence,,,Social_Media_Outsource_PH,Paused,,offshore social media manager,Phrase,Paused,,,,,,,,,,,,,,,,,,,,,,,,,,,,,,,,v6 Phrase — discovery from converting ST clusters
573-539-1940,Keyword,VC_AU_S_ROLES,Search,Paused,,Daily,Maximize Clicks,Google Search,,,Presence,,,Social_Media_Outsource_PH,Paused,,social media outsourcing philippines,Phrase,Paused,,,,,,,,,,,,,,,,,,,,,,,,,,,,,,,,v6 Phrase — discovery from converting ST clusters
573-539-1940,Keyword,VC_AU_S_ROLES,Search,Paused,,Daily,Maximize Clicks,Google Search,,,Presence,,,Social_Media_Outsource_PH,Paused,,philippines social media staff,Phrase,Paused,,,,,,,,,,,,,,,,,,,,,,,,,,,,,,,,v6 Phrase — discovery from converting ST clusters
573-539-1940,Keyword,VC_AU_S_ROLES,Search,Paused,,Daily,Maximize Clicks,Google Search,,,Presence,,,Social_Media_Outsource_PH,Paused,,offshore smm team,Phrase,Paused,,,,,,,,,,,,,,,,,,,,,,,,,,,,,,,,v6 Phrase — discovery from converting ST clusters
573-539-1940,Keyword,VC_AU_S_ROLES,Search,Paused,,Daily,Maximize Clicks,Google Search,,,Presence,,,Social_Media_Outsource_PH,Paused,,outsource community management,Phrase,Paused,,,,,,,,,,,,,,,,,,,,,,,,,,,,,,,,v6 Phrase — discovery from converting ST clusters
573-539-1940,Keyword,VC_AU_S_ROLES,Search,Paused,,Daily,Maximize Clicks,Google Search,,,Presence,,,Social_Media_Outsource_PH,Paused,,social media management philippines,Phrase,Paused,,,,,,,,,,,,,,,,,,,,,,,,,,,,,,,,v6 Phrase — discovery from converting ST clusters
573-539-1940,Keyword,VC_AU_S_ROLES,Search,Paused,,Daily,Maximize Clicks,Google Search,,,Presence,,,Social_Media_Outsource_PH,Paused,,philippines social media marketing,Phrase,Paused,,,,,,,,,,,,,,,,,,,,,,,,,,,,,,,,v6 Phrase — discovery from converting ST clusters
573-539-1940,Ad,VC_AU_S_ROLES,Search,Paused,,Daily,Maximize Clicks,Google Search,,,Presence,,,Social_Media_Outsource_PH,Paused,,,,,Paused,Responsive search ad,https://www.virtualcoworker.app/au/social-media,outsource,smm,Outsource Social Media,Offshore SMM Philippines,Social Ops Outsourcing,AU Social Partner,Dedicated SMM Seat,Not Freelance Rotation,Vetted Social Staff,Community Ops Offshore,Remote Social Capacity,Employer-Only Intake,SMM Staff Placement,Predictable Social Coverage,For Australian SMEs,Ongoing Channel Support,Start Hiring Request,Outsource social media management to dedicated Philippines staff.,"Keep brand voice control while we recruit, vet, and support the seat.",Built for Australian employers who want accountable offshore SMM coverage.,Partner-led outsourcing — interview finalists before placement.,,,,,,,,RSA angle A_partner; full 15/4; tier=primary; role=Social Media; no invented pricing
573-539-1940,Ad,VC_AU_S_ROLES,Search,Paused,,Daily,Maximize Clicks,Google Search,,,Presence,,,Social_Media_Outsource_PH,Paused,,,,,Paused,Responsive search ad,https://www.virtualcoworker.app/au/social-media,offshore,ph,PH Social Media Team,Outsource Content Posting,Outsource Community Ops,Brand Social Staffing,Philippines SMM Bench,Scale Social Without Hire,Dedicated Content Seats,Fit for Australian Brands,Remote Engagement Support,Vetted Channel Managers,Outsource Social Calendar,Offshore Brand Voice Ops,Partner-Led SMM Ops,Interview Then Place,Outsource This Role PH,"Add Philippines social capacity for posting, engagement, and content ops.",Dedicated seats keep calendars moving without freelancer churn.,Ask about an outsourcing path for your organisation's channels.,For Australian businesses that need dependable remote social ops.,,,,,,,,RSA angle B_capacity; full 15/4; tier=primary; role=Social Media; no invented pricing
573-539-1940,Ad,VC_AU_S_ROLES,Search,Paused,,Daily,Maximize Clicks,Google Search,,,Presence,,,Social_Media_Outsource_PH,Paused,,,,,Paused,Responsive search ad,https://www.virtualcoworker.app/au/social-media,dedicated,smm,Dedicated PH Social Seat,Same SMM Every Day,Accountable Social Manager,Philippines SMM Continuity,Not Freelance Posters,Offshore Brand Voice Seat,Social Ops You Can Keep,Interview SMM Then Place,Vetted Channel Owner PH,Remote Social Ownership,Staffing Not Gig Boards,Proof in Dedicated SMM,Community Seat From PH,Calendar Owner Dedicated,Request Dedicated SMM,Outsource social with a dedicated Philippines seat — not rotating freelancers.,Proof is continuity: one vetted SMM you interview before placement support.,Built for Australian employers needing accountable offshore social capacity.,Partner-led seat model. Engagement and follower goals set after we talk.,,,,,,,,RSA angle C_proof; full 15/4; tier=primary; role=Social Media; no invented pricing
573-539-1940,Ad group,VC_AU_S_ROLES,Search,Paused,,Daily,Maximize Clicks,Google Search,,,Presence,,,Administration_EA_PH,Paused,,,,,,,,,,,,,,,,,,,,,,,,,,,,,,,,,,,,ROLES admin — Administration_EA_PH; category=administrative-support
573-539-1940,Keyword,VC_AU_S_ROLES,Search,Paused,,Daily,Maximize Clicks,Google Search,,,Presence,,,Administration_EA_PH,Paused,,philippines executive assistant,Exact,Paused,,,,,,,,,,,,,,,,,,,,,,,,,,,,,,,,v6 Exact — ST evidence + employer long-tail
573-539-1940,Keyword,VC_AU_S_ROLES,Search,Paused,,Daily,Maximize Clicks,Google Search,,,Presence,,,Administration_EA_PH,Paused,,executive assistant philippines,Exact,Paused,,,,,,,,,,,,,,,,,,,,,,,,,,,,,,,,v6 Exact — ST evidence + employer long-tail
573-539-1940,Keyword,VC_AU_S_ROLES,Search,Paused,,Daily,Maximize Clicks,Google Search,,,Presence,,,Administration_EA_PH,Paused,,virtual executive assistant philippines,Exact,Paused,,,,,,,,,,,,,,,,,,,,,,,,,,,,,,,,v6 Exact — ST evidence + employer long-tail
573-539-1940,Keyword,VC_AU_S_ROLES,Search,Paused,,Daily,Maximize Clicks,Google Search,,,Presence,,,Administration_EA_PH,Paused,,admin assistant philippines,Exact,Paused,,,,,,,,,,,,,,,,,,,,,,,,,,,,,,,,v6 Exact — ST evidence + employer long-tail
573-539-1940,Keyword,VC_AU_S_ROLES,Search,Paused,,Daily,Maximize Clicks,Google Search,,,Presence,,,Administration_EA_PH,Paused,,personal assistant philippines,Exact,Paused,,,,,,,,,,,,,,,,,,,,,,,,,,,,,,,,v6 Exact — ST evidence + employer long-tail
573-539-1940,Keyword,VC_AU_S_ROLES,Search,Paused,,Daily,Maximize Clicks,Google Search,,,Presence,,,Administration_EA_PH,Paused,,virtual office assistant,Exact,Paused,,,,,,,,,,,,,,,,,,,,,,,,,,,,,,,,v6 Exact — ST evidence + employer long-tail
573-539-1940,Keyword,VC_AU_S_ROLES,Search,Paused,,Daily,Maximize Clicks,Google Search,,,Presence,,,Administration_EA_PH,Paused,,virtual admin assistant,Exact,Paused,,,,,,,,,,,,,,,,,,,,,,,,,,,,,,,,v6 Exact — ST evidence + employer long-tail
573-539-1940,Keyword,VC_AU_S_ROLES,Search,Paused,,Daily,Maximize Clicks,Google Search,,,Presence,,,Administration_EA_PH,Paused,,remote general administrative assistant philippines,Exact,Paused,,,,,,,,,,,,,,,,,,,,,,,,,,,,,,,,VC_Keywords_Paused_Live · George paused live USA Exact junk/general/job-seeker-y terms; synced from Editor DB ape_4967151855 (Get recent changes). Phrase stays paused (Exact-only bidding). (2026-08-07); was Exact
573-539-1940,Keyword,VC_AU_S_ROLES,Search,Paused,,Daily,Maximize Clicks,Google Search,,,Presence,,,Administration_EA_PH,Paused,,hire filipino administrative assistant,Exact,Paused,,,,,,,,,,,,,,,,,,,,,,,,,,,,,,,,VC_Keywords_Paused_Live · George paused live USA Exact junk/general/job-seeker-y terms; synced from Editor DB ape_4967151855 (Get recent changes). Phrase stays paused (Exact-only bidding). (2026-08-07); was Exact
573-539-1940,Keyword,VC_AU_S_ROLES,Search,Paused,,Daily,Maximize Clicks,Google Search,,,Presence,,,Administration_EA_PH,Paused,,administrative assistant philippines,Exact,Paused,,,,,,,,,,,,,,,,,,,,,,,,,,,,,,,,v6 Exact — ST evidence + employer long-tail
573-539-1940,Keyword,VC_AU_S_ROLES,Search,Paused,,Daily,Maximize Clicks,Google Search,,,Presence,,,Administration_EA_PH,Paused,,hire virtual administrative assistant,Exact,Paused,,,,,,,,,,,,,,,,,,,,,,,,,,,,,,,,v6 Exact — ST evidence + employer long-tail
573-539-1940,Keyword,VC_AU_S_ROLES,Search,Paused,,Daily,Maximize Clicks,Google Search,,,Presence,,,Administration_EA_PH,Paused,,filipino executive assistant,Exact,Paused,,,,,,,,,,,,,,,,,,,,,,,,,,,,,,,,v6 Exact — ST evidence + employer long-tail
573-539-1940,Keyword,VC_AU_S_ROLES,Search,Paused,,Daily,Maximize Clicks,Google Search,,,Presence,,,Administration_EA_PH,Paused,,hire executive assistant philippines,Exact,Paused,,,,,,,,,,,,,,,,,,,,,,,,,,,,,,,,v6 Exact — ST evidence + employer long-tail
573-539-1940,Keyword,VC_AU_S_ROLES,Search,Paused,,Daily,Maximize Clicks,Google Search,,,Presence,,,Administration_EA_PH,Paused,,hire virtual executive assistant,Exact,Paused,,,,,,,,,,,,,,,,,,,,,,,,,,,,,,,,v6 Exact — ST evidence + employer long-tail
573-539-1940,Keyword,VC_AU_S_ROLES,Search,Paused,,Daily,Maximize Clicks,Google Search,,,Presence,,,Administration_EA_PH,Paused,,offshore executive assistant,Exact,Paused,,,,,,,,,,,,,,,,,,,,,,,,,,,,,,,,v6 Exact — ST evidence + employer long-tail
573-539-1940,Keyword,VC_AU_S_ROLES,Search,Paused,,Daily,Maximize Clicks,Google Search,,,Presence,,,Administration_EA_PH,Paused,,office administrator philippines,Exact,Paused,,,,,,,,,,,,,,,,,,,,,,,,,,,,,,,,v6 Exact — ST evidence + employer long-tail
573-539-1940,Keyword,VC_AU_S_ROLES,Search,Paused,,Daily,Maximize Clicks,Google Search,,,Presence,,,Administration_EA_PH,Paused,,hire admin assistant philippines,Exact,Paused,,,,,,,,,,,,,,,,,,,,,,,,,,,,,,,,v6 Exact — ST evidence + employer long-tail
573-539-1940,Keyword,VC_AU_S_ROLES,Search,Paused,,Daily,Maximize Clicks,Google Search,,,Presence,,,Administration_EA_PH,Paused,,filipino admin assistant,Exact,Paused,,,,,,,,,,,,,,,,,,,,,,,,,,,,,,,,v6 Exact — ST evidence + employer long-tail
573-539-1940,Keyword,VC_AU_S_ROLES,Search,Paused,,Daily,Maximize Clicks,Google Search,,,Presence,,,Administration_EA_PH,Paused,,virtual admin assistant philippines,Exact,Paused,,,,,,,,,,,,,,,,,,,,,,,,,,,,,,,,v6 Exact — ST evidence + employer long-tail
573-539-1940,Keyword,VC_AU_S_ROLES,Search,Paused,,Daily,Maximize Clicks,Google Search,,,Presence,,,Administration_EA_PH,Paused,,hire remote executive assistant,Exact,Paused,,,,,,,,,,,,,,,,,,,,,,,,,,,,,,,,v6 Exact — ST evidence + employer long-tail
573-539-1940,Keyword,VC_AU_S_ROLES,Search,Paused,,Daily,Maximize Clicks,Google Search,,,Presence,,,Administration_EA_PH,Paused,,executive virtual assistant philippines,Exact,Paused,,,,,,,,,,,,,,,,,,,,,,,,,,,,,,,,v6 Exact — ST evidence + employer long-tail
573-539-1940,Keyword,VC_AU_S_ROLES,Search,Paused,,Daily,Maximize Clicks,Google Search,,,Presence,,,Administration_EA_PH,Paused,,filipino virtual executive assistant,Exact,Paused,,,,,,,,,,,,,,,,,,,,,,,,,,,,,,,,VC_Keywords_Paused_Live · George paused live USA Exact junk/general/job-seeker-y terms; synced from Editor DB ape_4967151855 (Get recent changes). Phrase stays paused (Exact-only bidding). (2026-08-07); was Exact
573-539-1940,Keyword,VC_AU_S_ROLES,Search,Paused,,Daily,Maximize Clicks,Google Search,,,Presence,,,Administration_EA_PH,Paused,,hire an offshore executive assistant,Exact,Paused,,,,,,,,,,,,,,,,,,,,,,,,,,,,,,,,v6 Exact — ST evidence + employer long-tail
573-539-1940,Keyword,VC_AU_S_ROLES,Search,Paused,,Daily,Maximize Clicks,Google Search,,,Presence,,,Administration_EA_PH,Paused,,remote executive assistant philippines,Exact,Paused,,,,,,,,,,,,,,,,,,,,,,,,,,,,,,,,v6 Exact — ST evidence + employer long-tail
573-539-1940,Keyword,VC_AU_S_ROLES,Search,Paused,,Daily,Maximize Clicks,Google Search,,,Presence,,,Administration_EA_PH,Paused,,hire philippines admin support,Exact,Paused,,,,,,,,,,,,,,,,,,,,,,,,,,,,,,,,VC_Keywords_Paused_Live · George paused live USA Exact junk/general/job-seeker-y terms; synced from Editor DB ape_4967151855 (Get recent changes). Phrase stays paused (Exact-only bidding). (2026-08-07); was Exact
573-539-1940,Keyword,VC_AU_S_ROLES,Search,Paused,,Daily,Maximize Clicks,Google Search,,,Presence,,,Administration_EA_PH,Paused,,dedicated executive assistant philippines,Exact,Paused,,,,,,,,,,,,,,,,,,,,,,,,,,,,,,,,VC_Keywords_Paused_Live · George paused live USA Exact junk/general/job-seeker-y terms; synced from Editor DB ape_4967151855 (Get recent changes). Phrase stays paused (Exact-only bidding). (2026-08-07); was Exact
573-539-1940,Keyword,VC_AU_S_ROLES,Search,Paused,,Daily,Maximize Clicks,Google Search,,,Presence,,,Administration_EA_PH,Paused,,outsource executive assistant philippines,Exact,Paused,,,,,,,,,,,,,,,,,,,,,,,,,,,,,,,,v6 Exact — ST evidence + employer long-tail
573-539-1940,Keyword,VC_AU_S_ROLES,Search,Paused,,Daily,Maximize Clicks,Google Search,,,Presence,,,Administration_EA_PH,Paused,,virtual administrative support philippines,Exact,Paused,,,,,,,,,,,,,,,,,,,,,,,,,,,,,,,,VC_Keywords_Paused_Live · George paused live USA Exact junk/general/job-seeker-y terms; synced from Editor DB ape_4967151855 (Get recent changes). Phrase stays paused (Exact-only bidding). (2026-08-07); was Exact
573-539-1940,Keyword,VC_AU_S_ROLES,Search,Paused,,Daily,Maximize Clicks,Google Search,,,Presence,,,Administration_EA_PH,Paused,,hire filipino ea,Exact,Paused,,,,,,,,,,,,,,,,,,,,,,,,,,,,,,,,VC_Keywords_Paused_Live · George paused live USA Exact junk/general/job-seeker-y terms; synced from Editor DB ape_4967151855 (Get recent changes). Phrase stays paused (Exact-only bidding). (2026-08-07); was Exact
573-539-1940,Keyword,VC_AU_S_ROLES,Search,Paused,,Daily,Maximize Clicks,Google Search,,,Presence,,,Administration_EA_PH,Paused,,philippines remote admin hire,Exact,Paused,,,,,,,,,,,,,,,,,,,,,,,,,,,,,,,,VC_Keywords_Paused_Live · George paused live USA Exact junk/general/job-seeker-y terms; synced from Editor DB ape_4967151855 (Get recent changes). Phrase stays paused (Exact-only bidding). (2026-08-07); was Exact
573-539-1940,Keyword,VC_AU_S_ROLES,Search,Paused,,Daily,Maximize Clicks,Google Search,,,Presence,,,Administration_EA_PH,Paused,,filipino assistant,Exact,Paused,,,,,,,,,,,,,,,,,,,,,,,,,,,,,,,,v6 Exact — ST evidence + employer long-tail
573-539-1940,Keyword,VC_AU_S_ROLES,Search,Paused,,Daily,Maximize Clicks,Google Search,,,Presence,,,Administration_EA_PH,Paused,,hire executive assistant philippines,Phrase,Paused,,,,,,,,,,,,,,,,,,,,,,,,,,,,,,,,v6 Phrase — discovery from converting ST clusters
573-539-1940,Keyword,VC_AU_S_ROLES,Search,Paused,,Daily,Maximize Clicks,Google Search,,,Presence,,,Administration_EA_PH,Paused,,filipino executive assistant,Phrase,Paused,,,,,,,,,,,,,,,,,,,,,,,,,,,,,,,,v6 Phrase — discovery from converting ST clusters
573-539-1940,Keyword,VC_AU_S_ROLES,Search,Paused,,Daily,Maximize Clicks,Google Search,,,Presence,,,Administration_EA_PH,Paused,,hire virtual executive assistant,Phrase,Paused,,,,,,,,,,,,,,,,,,,,,,,,,,,,,,,,v6 Phrase — discovery from converting ST clusters
573-539-1940,Keyword,VC_AU_S_ROLES,Search,Paused,,Daily,Maximize Clicks,Google Search,,,Presence,,,Administration_EA_PH,Paused,,offshore executive assistant,Phrase,Paused,,,,,,,,,,,,,,,,,,,,,,,,,,,,,,,,v6 Phrase — discovery from converting ST clusters
573-539-1940,Keyword,VC_AU_S_ROLES,Search,Paused,,Daily,Maximize Clicks,Google Search,,,Presence,,,Administration_EA_PH,Paused,,virtual administrative assistant philippines,Phrase,Paused,,,,,,,,,,,,,,,,,,,,,,,,,,,,,,,,v6 Phrase — discovery from converting ST clusters
573-539-1940,Keyword,VC_AU_S_ROLES,Search,Paused,,Daily,Maximize Clicks,Google Search,,,Presence,,,Administration_EA_PH,Paused,,hire filipino admin assistant,Phrase,Paused,,,,,,,,,,,,,,,,,,,,,,,,,,,,,,,,v6 Phrase — discovery from converting ST clusters
573-539-1940,Keyword,VC_AU_S_ROLES,Search,Paused,,Daily,Maximize Clicks,Google Search,,,Presence,,,Administration_EA_PH,Paused,,philippines executive assistant hire,Phrase,Paused,,,,,,,,,,,,,,,,,,,,,,,,,,,,,,,,v6 Phrase — discovery from converting ST clusters
573-539-1940,Keyword,VC_AU_S_ROLES,Search,Paused,,Daily,Maximize Clicks,Google Search,,,Presence,,,Administration_EA_PH,Paused,,remote executive assistant philippines,Phrase,Paused,,,,,,,,,,,,,,,,,,,,,,,,,,,,,,,,v6 Phrase — discovery from converting ST clusters
573-539-1940,Keyword,VC_AU_S_ROLES,Search,Paused,,Daily,Maximize Clicks,Google Search,,,Presence,,,Administration_EA_PH,Paused,,admin assistant philippines,Phrase,Paused,,,,,,,,,,,,,,,,,,,,,,,,,,,,,,,,v6 Phrase — discovery from converting ST clusters
573-539-1940,Keyword,VC_AU_S_ROLES,Search,Paused,,Daily,Maximize Clicks,Google Search,,,Presence,,,Administration_EA_PH,Paused,,virtual admin assistant,Phrase,Paused,,,,,,,,,,,,,,,,,,,,,,,,,,,,,,,,v6 Phrase — discovery from converting ST clusters
573-539-1940,Ad,VC_AU_S_ROLES,Search,Paused,,Daily,Maximize Clicks,Google Search,,,Presence,,,Administration_EA_PH,Paused,,,,,Paused,Responsive search ad,https://www.virtualcoworker.app/au/administrative-support,ea,hire,Hire Executive Assistant,Filipino EA for Business,Virtual EA Philippines,AU EA Staffing,Vetted EA Shortlist,Interview Your EA,Dedicated EA Seat,Offshore EA Partner,Admin Assistant Hire,Employer Hiring Path,Remote EA Specialist,Not Freelance EA Gigs,Made for Australian SMEs,Executive Ops Capacity,Tell Us Who You Need,Hire a dedicated Filipino executive assistant through a staffing partner.,"Shortlist is interview-ready; we handle recruiting, vetting, and support.",For Australian employers who need a reliable remote EA seat.,Ongoing executive support — not marketplace personal-assistant gigs.,,,,,,,,RSA angle A_staffing; full 15/4; tier=admin; role=Administration; no invented pricing
573-539-1940,Ad,VC_AU_S_ROLES,Search,Paused,,Daily,Maximize Clicks,Google Search,,,Presence,,,Administration_EA_PH,Paused,,,,,Paused,Responsive search ad,https://www.virtualcoworker.app/au/administrative-support,ea,ph,{KeyWord:Hire Virtual EA},Philippines EA Hire,Remote Executive Support,Filipino Admin Assistant,Calendar & Travel Ops,Stakeholder Coord VA,Scale Executive Bandwidth,Australian Leaders Hiring,Dedicated EA Capacity,Partner-Managed EA Hire,Interview-Ready EAs,Clear Employer Process,Office Admin Philippines,Virtual Admin Specialist,Request Hiring Shortlist,Fill executive assistant roles with vetted Philippines specialists.,"Support for calendar control, coordination, and executive follow-through.",Staffing support shaped for leaders in your Australian business.,We specialise in remote EA hires for employers.,,,,,,,,RSA angle B_role; full 15/4; tier=admin; role=Administration; no invented pricing
573-539-1940,Ad,VC_AU_S_ROLES,Search,Paused,,Daily,Maximize Clicks,Google Search,,,Presence,,,Administration_EA_PH,Paused,,,,,Paused,Responsive search ad,https://www.virtualcoworker.app/au/administrative-support,shortlist,ea,Shortlist Executive Assistants,Vetted EA Finalists,EA Hire Shortlist Fast,Recruit EA Then Interview,PH EA Screening Path,Skip Freelance EA Hunt,EA Role Brief to List,Get EA Candidates Ready,Employer EA Hire Path,Screened Calendar Support,Executive Ops Pipeline,EA Seat Shortlist,Staffing Pipeline for EA,Interview-Ready EA List,Ask for EA Shortlist,Need an executive assistant? We recruit and screen Philippines EA talent first.,Shortlist-first: you interview; we source and vet remote EA finalists.,Speed means a staffing pipeline — availability confirmed in follow-up.,Tell us the EA seat. Review vetted candidates before you hire.,,,,,,,,RSA angle C_speed; full 15/4; tier=admin; role=Administration; no invented pricing
573-539-1940,Ad group,VC_AU_S_ROLES,Search,Paused,,Daily,Maximize Clicks,Google Search,,,Presence,,,Admin_City_Test,Paused,,,,,,,,,,,,,,,,,,,,,,,,,,,,,,,,,,,,LIGHT city Phrase + location-insertion RSA (Admin tier)
573-539-1940,Keyword,VC_AU_S_ROLES,Search,Paused,,Daily,Maximize Clicks,Google Search,,,Presence,,,Admin_City_Test,Paused,,hire virtual assistant sydney,Phrase,Paused,,,,,,,,,,,,,,,,,,,,,,,,,,,,,,,,v6 Phrase — discovery from converting ST clusters
573-539-1940,Keyword,VC_AU_S_ROLES,Search,Paused,,Daily,Maximize Clicks,Google Search,,,Presence,,,Admin_City_Test,Paused,,hire virtual assistant melbourne,Phrase,Paused,,,,,,,,,,,,,,,,,,,,,,,,,,,,,,,,v6 Phrase — discovery from converting ST clusters
573-539-1940,Keyword,VC_AU_S_ROLES,Search,Paused,,Daily,Maximize Clicks,Google Search,,,Presence,,,Admin_City_Test,Paused,,hire virtual assistant brisbane,Phrase,Paused,,,,,,,,,,,,,,,,,,,,,,,,,,,,,,,,v6 Phrase — discovery from converting ST clusters
573-539-1940,Keyword,VC_AU_S_ROLES,Search,Paused,,Daily,Maximize Clicks,Google Search,,,Presence,,,Admin_City_Test,Paused,,hire filipino va australia,Phrase,Paused,,,,,,,,,,,,,,,,,,,,,,,,,,,,,,,,v6 Phrase — discovery from converting ST clusters
573-539-1940,Keyword,VC_AU_S_ROLES,Search,Paused,,Daily,Maximize Clicks,Google Search,,,Presence,,,Admin_City_Test,Paused,,hire virtual assistant perth,Phrase,Paused,,,,,,,,,,,,,,,,,,,,,,,,,,,,,,,,v6 Phrase — discovery from converting ST clusters
573-539-1940,Keyword,VC_AU_S_ROLES,Search,Paused,,Daily,Maximize Clicks,Google Search,,,Presence,,,Admin_City_Test,Paused,,hire virtual assistant adelaide,Phrase,Paused,,,,,,,,,,,,,,,,,,,,,,,,,,,,,,,,v6 Phrase — discovery from converting ST clusters
573-539-1940,Keyword,VC_AU_S_ROLES,Search,Paused,,Daily,Maximize Clicks,Google Search,,,Presence,,,Admin_City_Test,Paused,,hire filipino va canberra,Phrase,Paused,,,,,,,,,,,,,,,,,,,,,,,,,,,,,,,,v6 Phrase — discovery from converting ST clusters
573-539-1940,Ad,VC_AU_S_ROLES,Search,Paused,,Daily,Maximize Clicks,Google Search,,,Presence,,,Admin_City_Test,Paused,,,,,Paused,Responsive search ad,https://www.virtualcoworker.app/au/administrative-support,hire,local,{LOCATION(City):Hire Filipino VA},Hire Virtual Assistant,Filipino VA for AU Teams,AU City Employer Hire,Vetted VA Shortlist,Interview Before You Hire,Dedicated Remote VA,Philippines Admin Staff,Employers Hiring Only,Offshore VA Partner,Inbox & Calendar Support,Clear Employer Process,Remote Admin Capacity,Partner-Led VA Hiring,Hire PH Role Staff,Hire dedicated Philippines virtual assistants for your Australian business.,City-aware headline test — same staffing-partner path and employer landing page.,"You interview the shortlist. We recruit, vet, and support the hire.",Light geo creative test for Australian cities — not a city-farm keyword blast.,,,,,,,,Location insertion test RSA; full 15/4
573-539-1940,Ad group,VC_AU_S_ROLES,Search,Paused,,Daily,Maximize Clicks,Google Search,,,Presence,,,Accounting_Hire_PH,Paused,,,,,,,,,,,,,,,,,,,,,,,,,,,,,,,,,,,,ROLES controlled — Accounting_Hire_PH; category=accounting
573-539-1940,Keyword,VC_AU_S_ROLES,Search,Paused,,Daily,Maximize Clicks,Google Search,,,Presence,,,Accounting_Hire_PH,Paused,,philippines accountant,Exact,Paused,,,,,,,,,,,,,,,,,,,,,,,,,,,,,,,,v6 Exact — ST evidence + employer long-tail
573-539-1940,Keyword,VC_AU_S_ROLES,Search,Paused,,Daily,Maximize Clicks,Google Search,,,Presence,,,Accounting_Hire_PH,Paused,,filipino accountant,Exact,Paused,,,,,,,,,,,,,,,,,,,,,,,,,,,,,,,,v6 Exact — ST evidence + employer long-tail
573-539-1940,Keyword,VC_AU_S_ROLES,Search,Paused,,Daily,Maximize Clicks,Google Search,,,Presence,,,Accounting_Hire_PH,Paused,,accountant for hire philippines,Exact,Paused,,,,,,,,,,,,,,,,,,,,,,,,,,,,,,,,v6 Exact — ST evidence + employer long-tail
573-539-1940,Keyword,VC_AU_S_ROLES,Search,Paused,,Daily,Maximize Clicks,Google Search,,,Presence,,,Accounting_Hire_PH,Paused,,remote accountant philippines,Exact,Paused,,,,,,,,,,,,,,,,,,,,,,,,,,,,,,,,v6 Exact — ST evidence + employer long-tail
573-539-1940,Keyword,VC_AU_S_ROLES,Search,Paused,,Daily,Maximize Clicks,Google Search,,,Presence,,,Accounting_Hire_PH,Paused,,accounting virtual assistant,Exact,Paused,,,,,,,,,,,,,,,,,,,,,,,,,,,,,,,,v6 Exact — ST evidence + employer long-tail
573-539-1940,Keyword,VC_AU_S_ROLES,Search,Paused,,Daily,Maximize Clicks,Google Search,,,Presence,,,Accounting_Hire_PH,Paused,,virtual assistant accounting,Exact,Paused,,,,,,,,,,,,,,,,,,,,,,,,,,,,,,,,v6 Exact — ST evidence + employer long-tail
573-539-1940,Keyword,VC_AU_S_ROLES,Search,Paused,,Daily,Maximize Clicks,Google Search,,,Presence,,,Accounting_Hire_PH,Paused,,virtual assistant for accounting,Exact,Paused,,,,,,,,,,,,,,,,,,,,,,,,,,,,,,,,v6 Exact — ST evidence + employer long-tail
573-539-1940,Keyword,VC_AU_S_ROLES,Search,Paused,,Daily,Maximize Clicks,Google Search,,,Presence,,,Accounting_Hire_PH,Paused,,accounting va,Exact,Paused,,,,,,,,,,,,,,,,,,,,,,,,,,,,,,,,v6 Exact — ST evidence + employer long-tail
573-539-1940,Keyword,VC_AU_S_ROLES,Search,Paused,,Daily,Maximize Clicks,Google Search,,,Presence,,,Accounting_Hire_PH,Paused,,hire accountant philippines,Exact,Paused,,,,,,,,,,,,,,,,,,,,,,,,,,,,,,,,v6 Exact — ST evidence + employer long-tail
573-539-1940,Keyword,VC_AU_S_ROLES,Search,Paused,,Daily,Maximize Clicks,Google Search,,,Presence,,,Accounting_Hire_PH,Paused,,hire filipino accountant,Exact,Paused,,,,,,,,,,,,,,,,,,,,,,,,,,,,,,,,v6 Exact — ST evidence + employer long-tail
573-539-1940,Keyword,VC_AU_S_ROLES,Search,Paused,,Daily,Maximize Clicks,Google Search,,,Presence,,,Accounting_Hire_PH,Paused,,hire a filipino accountant,Exact,Paused,,,,,,,,,,,,,,,,,,,,,,,,,,,,,,,,VC_Keywords_Paused_Live · George paused live USA Exact junk/general/job-seeker-y terms; synced from Editor DB ape_4967151855 (Get recent changes). Phrase stays paused (Exact-only bidding). (2026-08-07); was Exact
573-539-1940,Keyword,VC_AU_S_ROLES,Search,Paused,,Daily,Maximize Clicks,Google Search,,,Presence,,,Accounting_Hire_PH,Paused,,hire philippines accountant,Exact,Paused,,,,,,,,,,,,,,,,,,,,,,,,,,,,,,,,v6 Exact — ST evidence + employer long-tail
573-539-1940,Keyword,VC_AU_S_ROLES,Search,Paused,,Daily,Maximize Clicks,Google Search,,,Presence,,,Accounting_Hire_PH,Paused,,hire virtual accountant philippines,Exact,Paused,,,,,,,,,,,,,,,,,,,,,,,,,,,,,,,,VC_Keywords_Paused_Live · George paused live USA Exact junk/general/job-seeker-y terms; synced from Editor DB ape_4967151855 (Get recent changes). Phrase stays paused (Exact-only bidding). (2026-08-07); was Exact
573-539-1940,Keyword,VC_AU_S_ROLES,Search,Paused,,Daily,Maximize Clicks,Google Search,,,Presence,,,Accounting_Hire_PH,Paused,,hire remote accountant philippines,Exact,Paused,,,,,,,,,,,,,,,,,,,,,,,,,,,,,,,,v6 Exact — ST evidence + employer long-tail
573-539-1940,Keyword,VC_AU_S_ROLES,Search,Paused,,Daily,Maximize Clicks,Google Search,,,Presence,,,Accounting_Hire_PH,Paused,,hire accounts payable philippines,Exact,Paused,,,,,,,,,,,,,,,,,,,,,,,,,,,,,,,,VC_Keywords_Paused_Live · George paused live USA Exact junk/general/job-seeker-y terms; synced from Editor DB ape_4967151855 (Get recent changes). Phrase stays paused (Exact-only bidding). (2026-08-07); was Exact
573-539-1940,Keyword,VC_AU_S_ROLES,Search,Paused,,Daily,Maximize Clicks,Google Search,,,Presence,,,Accounting_Hire_PH,Paused,,filipino accounting virtual assistant,Exact,Paused,,,,,,,,,,,,,,,,,,,,,,,,,,,,,,,,v6 Exact — ST evidence + employer long-tail
573-539-1940,Keyword,VC_AU_S_ROLES,Search,Paused,,Daily,Maximize Clicks,Google Search,,,Presence,,,Accounting_Hire_PH,Paused,,virtual accountant philippines,Exact,Paused,,,,,,,,,,,,,,,,,,,,,,,,,,,,,,,,v6 Exact — ST evidence + employer long-tail
573-539-1940,Keyword,VC_AU_S_ROLES,Search,Paused,,Daily,Maximize Clicks,Google Search,,,Presence,,,Accounting_Hire_PH,Paused,,accountant philippines,Exact,Paused,,,,,,,,,,,,,,,,,,,,,,,,,,,,,,,,v6 Exact — ST evidence + employer long-tail
573-539-1940,Keyword,VC_AU_S_ROLES,Search,Paused,,Daily,Maximize Clicks,Google Search,,,Presence,,,Accounting_Hire_PH,Paused,,virtual assistant accountant,Exact,Paused,,,,,,,,,,,,,,,,,,,,,,,,,,,,,,,,v6 Exact — ST evidence + employer long-tail
573-539-1940,Keyword,VC_AU_S_ROLES,Search,Paused,,Daily,Maximize Clicks,Google Search,,,Presence,,,Accounting_Hire_PH,Paused,,accounting staff philippines,Exact,Paused,,,,,,,,,,,,,,,,,,,,,,,,,,,,,,,,v6 Exact — ST evidence + employer long-tail
573-539-1940,Keyword,VC_AU_S_ROLES,Search,Paused,,Daily,Maximize Clicks,Google Search,,,Presence,,,Accounting_Hire_PH,Paused,,accounts payable philippines,Exact,Paused,,,,,,,,,,,,,,,,,,,,,,,,,,,,,,,,v6 Exact — ST evidence + employer long-tail
573-539-1940,Keyword,VC_AU_S_ROLES,Search,Paused,,Daily,Maximize Clicks,Google Search,,,Presence,,,Accounting_Hire_PH,Paused,,hire accounts receivable philippines,Exact,Paused,,,,,,,,,,,,,,,,,,,,,,,,,,,,,,,,VC_Keywords_Paused_Live · George paused live USA Exact junk/general/job-seeker-y terms; synced from Editor DB ape_4967151855 (Get recent changes). Phrase stays paused (Exact-only bidding). (2026-08-07); was Exact
573-539-1940,Keyword,VC_AU_S_ROLES,Search,Paused,,Daily,Maximize Clicks,Google Search,,,Presence,,,Accounting_Hire_PH,Paused,,filipino ap specialist hire,Exact,Paused,,,,,,,,,,,,,,,,,,,,,,,,,,,,,,,,VC_Keywords_Paused_Live · George paused live USA Exact junk/general/job-seeker-y terms; synced from Editor DB ape_4967151855 (Get recent changes). Phrase stays paused (Exact-only bidding). (2026-08-07); was Exact
573-539-1940,Keyword,VC_AU_S_ROLES,Search,Paused,,Daily,Maximize Clicks,Google Search,,,Presence,,,Accounting_Hire_PH,Paused,,hire philippines accounting assistant,Exact,Paused,,,,,,,,,,,,,,,,,,,,,,,,,,,,,,,,VC_Keywords_Paused_Live · George paused live USA Exact junk/general/job-seeker-y terms; synced from Editor DB ape_4967151855 (Get recent changes). Phrase stays paused (Exact-only bidding). (2026-08-07); was Exact
573-539-1940,Keyword,VC_AU_S_ROLES,Search,Paused,,Daily,Maximize Clicks,Google Search,,,Presence,,,Accounting_Hire_PH,Paused,,remote accounting assistant philippines,Exact,Paused,,,,,,,,,,,,,,,,,,,,,,,,,,,,,,,,v6 Exact — ST evidence + employer long-tail
573-539-1940,Keyword,VC_AU_S_ROLES,Search,Paused,,Daily,Maximize Clicks,Google Search,,,Presence,,,Accounting_Hire_PH,Paused,,hire filipino accounting va,Exact,Paused,,,,,,,,,,,,,,,,,,,,,,,,,,,,,,,,VC_Keywords_Paused_Live · George paused live USA Exact junk/general/job-seeker-y terms; synced from Editor DB ape_4967151855 (Get recent changes). Phrase stays paused (Exact-only bidding). (2026-08-07); was Exact
573-539-1940,Keyword,VC_AU_S_ROLES,Search,Paused,,Daily,Maximize Clicks,Google Search,,,Presence,,,Accounting_Hire_PH,Paused,,dedicated accountant philippines,Exact,Paused,,,,,,,,,,,,,,,,,,,,,,,,,,,,,,,,v6 Exact — ST evidence + employer long-tail
573-539-1940,Keyword,VC_AU_S_ROLES,Search,Paused,,Daily,Maximize Clicks,Google Search,,,Presence,,,Accounting_Hire_PH,Paused,,hire payroll accountant philippines,Exact,Paused,,,,,,,,,,,,,,,,,,,,,,,,,,,,,,,,VC_Keywords_Paused_Live · George paused live USA Exact junk/general/job-seeker-y terms; synced from Editor DB ape_4967151855 (Get recent changes). Phrase stays paused (Exact-only bidding). (2026-08-07); was Exact
573-539-1940,Keyword,VC_AU_S_ROLES,Search,Paused,,Daily,Maximize Clicks,Google Search,,,Presence,,,Accounting_Hire_PH,Paused,,filipino staff accountant hire,Exact,Paused,,,,,,,,,,,,,,,,,,,,,,,,,,,,,,,,VC_Keywords_Paused_Live · George paused live USA Exact junk/general/job-seeker-y terms; synced from Editor DB ape_4967151855 (Get recent changes). Phrase stays paused (Exact-only bidding). (2026-08-07); was Exact
573-539-1940,Keyword,VC_AU_S_ROLES,Search,Paused,,Daily,Maximize Clicks,Google Search,,,Presence,,,Accounting_Hire_PH,Paused,,online filipino accountant hire,Exact,Paused,,,,,,,,,,,,,,,,,,,,,,,,,,,,,,,,VC_Keywords_Paused_Live · George paused live USA Exact junk/general/job-seeker-y terms; synced from Editor DB ape_4967151855 (Get recent changes). Phrase stays paused (Exact-only bidding). (2026-08-07); was Exact
573-539-1940,Keyword,VC_AU_S_ROLES,Search,Paused,,Daily,Maximize Clicks,Google Search,,,Presence,,,Accounting_Hire_PH,Paused,,find filipino accountant for business,Exact,Paused,,,,,,,,,,,,,,,,,,,,,,,,,,,,,,,,VC_Keywords_Paused_Live · George paused live USA Exact junk/general/job-seeker-y terms; synced from Editor DB ape_4967151855 (Get recent changes). Phrase stays paused (Exact-only bidding). (2026-08-07); was Exact
573-539-1940,Keyword,VC_AU_S_ROLES,Search,Paused,,Daily,Maximize Clicks,Google Search,,,Presence,,,Accounting_Hire_PH,Paused,,online accountant philippines,Exact,Paused,,,,,,,,,,,,,,,,,,,,,,,,,,,,,,,,v6 Exact — ST evidence + employer long-tail
573-539-1940,Keyword,VC_AU_S_ROLES,Search,Paused,,Daily,Maximize Clicks,Google Search,,,Presence,,,Accounting_Hire_PH,Paused,,accountant filipino,Exact,Paused,,,,,,,,,,,,,,,,,,,,,,,,,,,,,,,,v6 Exact — ST evidence + employer long-tail
573-539-1940,Keyword,VC_AU_S_ROLES,Search,Paused,,Daily,Maximize Clicks,Google Search,,,Presence,,,Accounting_Hire_PH,Paused,,hire accountant philippines,Phrase,Paused,,,,,,,,,,,,,,,,,,,,,,,,,,,,,,,,v6 Phrase — discovery from converting ST clusters
573-539-1940,Keyword,VC_AU_S_ROLES,Search,Paused,,Daily,Maximize Clicks,Google Search,,,Presence,,,Accounting_Hire_PH,Paused,,hire filipino accountant,Phrase,Paused,,,,,,,,,,,,,,,,,,,,,,,,,,,,,,,,v6 Phrase — discovery from converting ST clusters
573-539-1940,Keyword,VC_AU_S_ROLES,Search,Paused,,Daily,Maximize Clicks,Google Search,,,Presence,,,Accounting_Hire_PH,Paused,,virtual accountant philippines,Phrase,Paused,,,,,,,,,,,,,,,,,,,,,,,,,,,,,,,,v6 Phrase — discovery from converting ST clusters
573-539-1940,Keyword,VC_AU_S_ROLES,Search,Paused,,Daily,Maximize Clicks,Google Search,,,Presence,,,Accounting_Hire_PH,Paused,,filipino accounting virtual assistant,Phrase,Paused,,,,,,,,,,,,,,,,,,,,,,,,,,,,,,,,v6 Phrase — discovery from converting ST clusters
573-539-1940,Keyword,VC_AU_S_ROLES,Search,Paused,,Daily,Maximize Clicks,Google Search,,,Presence,,,Accounting_Hire_PH,Paused,,hire accounts payable philippines,Phrase,Paused,,,,,,,,,,,,,,,,,,,,,,,,,,,,,,,,VC_Keywords_Paused_Live · George paused live USA Exact junk/general/job-seeker-y terms; synced from Editor DB ape_4967151855 (Get recent changes). Phrase stays paused (Exact-only bidding). (2026-08-07); was Phrase
573-539-1940,Keyword,VC_AU_S_ROLES,Search,Paused,,Daily,Maximize Clicks,Google Search,,,Presence,,,Accounting_Hire_PH,Paused,,philippines accounting assistant,Phrase,Paused,,,,,,,,,,,,,,,,,,,,,,,,,,,,,,,,v6 Phrase — discovery from converting ST clusters
573-539-1940,Keyword,VC_AU_S_ROLES,Search,Paused,,Daily,Maximize Clicks,Google Search,,,Presence,,,Accounting_Hire_PH,Paused,,hire remote accountant,Phrase,Paused,,,,,,,,,,,,,,,,,,,,,,,,,,,,,,,,v6 Phrase — discovery from converting ST clusters
573-539-1940,Keyword,VC_AU_S_ROLES,Search,Paused,,Daily,Maximize Clicks,Google Search,,,Presence,,,Accounting_Hire_PH,Paused,,filipino staff accountant,Phrase,Paused,,,,,,,,,,,,,,,,,,,,,,,,,,,,,,,,v6 Phrase — discovery from converting ST clusters
573-539-1940,Keyword,VC_AU_S_ROLES,Search,Paused,,Daily,Maximize Clicks,Google Search,,,Presence,,,Accounting_Hire_PH,Paused,,accounting virtual assistant,Phrase,Paused,,,,,,,,,,,,,,,,,,,,,,,,,,,,,,,,v6 Phrase — discovery from converting ST clusters
573-539-1940,Keyword,VC_AU_S_ROLES,Search,Paused,,Daily,Maximize Clicks,Google Search,,,Presence,,,Accounting_Hire_PH,Paused,,philippines accountant for business,Phrase,Paused,,,,,,,,,,,,,,,,,,,,,,,,,,,,,,,,v6 Phrase — discovery from converting ST clusters
573-539-1940,Ad,VC_AU_S_ROLES,Search,Paused,,Daily,Maximize Clicks,Google Search,,,Presence,,,Accounting_Hire_PH,Paused,,,,,Paused,Responsive search ad,https://www.virtualcoworker.app/au/accounting,accounting,hire,Hire Accountant Philippines,Filipino Accountant Hire,Virtual Accountant PH,AU Finance Staffing,Vetted Accounting Shortlist,Interview Your Finalists,Dedicated Accounting Seat,AP Specialist for Hire,Remote Staff Accountant,Employer Hiring Path,Accounting VA Philippines,Not Task Marketplace,Built for Australian SMEs,Ongoing Finance Capacity,Tell Us Who You Need,Hire dedicated Filipino accounting staff through a staffing partner.,"You interview shortlisted talent; we recruit, vet, and support placement.",For Australian employers adding remote AP/AR and accounting capacity.,Dedicated accounting hires — not freelance bookkeeping gigs.,,,,,,,,RSA angle A_staffing; full 15/4; tier=controlled; role=Accounting; no invented pricing
573-539-1940,Ad,VC_AU_S_ROLES,Search,Paused,,Daily,Maximize Clicks,Google Search,,,Presence,,,Accounting_Hire_PH,Paused,,,,,Paused,Responsive search ad,https://www.virtualcoworker.app/au/accounting,finance,va,{KeyWord:Hire Accountant},Accounts Payable Hire PH,AR Support Philippines,Filipino Accounting VA,Ledger Ops Assistant,Payroll Admin Support,Scale Finance Bandwidth,Australian Finance Teams,Philippines Accounting Talent,Dedicated AP Capacity,Remote Accounting Hire,Partner-Managed Placement,Interview-Ready Accountants,Clear Employer Process,Request Hiring Shortlist,Fill accounting roles with vetted Philippines specialists.,Day-to-day AP/AR workflows and accounting ops with dedicated seats.,Staffing support shaped for your Australian business finance stack.,We specialise in remote accounting hires for employers.,,,,,,,,RSA angle B_role; full 15/4; tier=controlled; role=Accounting; no invented pricing
573-539-1940,Ad,VC_AU_S_ROLES,Search,Paused,,Daily,Maximize Clicks,Google Search,,,Presence,,,Accounting_Hire_PH,Paused,,,,,Paused,Responsive search ad,https://www.virtualcoworker.app/au/accounting,shortlist,acct,Shortlist Accountants PH,Vetted Finance Finalists,Accounting Hire Shortlist,Recruit AP Then Interview,PH Accountant Screening,Skip Freelance Finance,Finance Role to Shortlist,Get Accounting Finalists,Employer Finance Hire Path,Screened Ledger Candidates,AP Hire Pipeline Ready,Accounting Seat Shortlist,Staffing Pipeline Finance,Interview-Ready Accountants,Ask for Finance Shortlist,Need an accounting hire? We recruit and screen Philippines finance talent first.,Shortlist-first: you interview AP/AR and accounting finalists we vet.,"Credentials and close timing are confirmed in follow-up, not ad promises.",Tell us the finance seat. Review vetted candidates before you hire.,,,,,,,,RSA angle C_speed; full 15/4; tier=controlled; role=Accounting; no invented pricing
573-539-1940,Ad group,VC_AU_S_ROLES,Search,Paused,,Daily,Maximize Clicks,Google Search,,,Presence,,,Accounting_Outsource_PH,Paused,,,,,,,,,,,,,,,,,,,,,,,,,,,,,,,,,,,,ROLES controlled — Accounting_Outsource_PH; category=accounting
573-539-1940,Keyword,VC_AU_S_ROLES,Search,Paused,,Daily,Maximize Clicks,Google Search,,,Presence,,,Accounting_Outsource_PH,Paused,,philippines accounting outsourcing,Exact,Paused,,,,,,,,,,,,,,,,,,,,,,,,,,,,,,,,v6 Exact — ST evidence + employer long-tail
573-539-1940,Keyword,VC_AU_S_ROLES,Search,Paused,,Daily,Maximize Clicks,Google Search,,,Presence,,,Accounting_Outsource_PH,Paused,,philippine accounting outsourcing,Exact,Paused,,,,,,,,,,,,,,,,,,,,,,,,,,,,,,,,v6 Exact — ST evidence + employer long-tail
573-539-1940,Keyword,VC_AU_S_ROLES,Search,Paused,,Daily,Maximize Clicks,Google Search,,,Presence,,,Accounting_Outsource_PH,Paused,,outsourced accounting services philippines,Exact,Paused,,,,,,,,,,,,,,,,,,,,,,,,,,,,,,,,v6 Exact — ST evidence + employer long-tail
573-539-1940,Keyword,VC_AU_S_ROLES,Search,Paused,,Daily,Maximize Clicks,Google Search,,,Presence,,,Accounting_Outsource_PH,Paused,,outsource accounting philippines,Exact,Paused,,,,,,,,,,,,,,,,,,,,,,,,,,,,,,,,v6 Exact — ST evidence + employer long-tail
573-539-1940,Keyword,VC_AU_S_ROLES,Search,Paused,,Daily,Maximize Clicks,Google Search,,,Presence,,,Accounting_Outsource_PH,Paused,,outsource accountant philippines,Exact,Paused,,,,,,,,,,,,,,,,,,,,,,,,,,,,,,,,v6 Exact — ST evidence + employer long-tail
573-539-1940,Keyword,VC_AU_S_ROLES,Search,Paused,,Daily,Maximize Clicks,Google Search,,,Presence,,,Accounting_Outsource_PH,Paused,,outsourced accounting philippines,Exact,Paused,,,,,,,,,,,,,,,,,,,,,,,,,,,,,,,,v6 Exact — ST evidence + employer long-tail
573-539-1940,Keyword,VC_AU_S_ROLES,Search,Paused,,Daily,Maximize Clicks,Google Search,,,Presence,,,Accounting_Outsource_PH,Paused,,accounting outsourcing philippines,Exact,Paused,,,,,,,,,,,,,,,,,,,,,,,,,,,,,,,,v6 Exact — ST evidence + employer long-tail
573-539-1940,Keyword,VC_AU_S_ROLES,Search,Paused,,Daily,Maximize Clicks,Google Search,,,Presence,,,Accounting_Outsource_PH,Paused,,offshore accountant philippines,Exact,Paused,,,,,,,,,,,,,,,,,,,,,,,,,,,,,,,,v6 Exact — ST evidence + employer long-tail
573-539-1940,Keyword,VC_AU_S_ROLES,Search,Paused,,Daily,Maximize Clicks,Google Search,,,Presence,,,Accounting_Outsource_PH,Paused,,offshore accounting philippines,Exact,Paused,,,,,,,,,,,,,,,,,,,,,,,,,,,,,,,,v6 Exact — ST evidence + employer long-tail
573-539-1940,Keyword,VC_AU_S_ROLES,Search,Paused,,Daily,Maximize Clicks,Google Search,,,Presence,,,Accounting_Outsource_PH,Paused,,bpo accounting philippines,Exact,Paused,,,,,,,,,,,,,,,,,,,,,,,,,,,,,,,,v6 Exact — ST evidence + employer long-tail
573-539-1940,Keyword,VC_AU_S_ROLES,Search,Paused,,Daily,Maximize Clicks,Google Search,,,Presence,,,Accounting_Outsource_PH,Paused,,accounting services philippines,Exact,Paused,,,,,,,,,,,,,,,,,,,,,,,,,,,,,,,,v6 Exact — ST evidence + employer long-tail
573-539-1940,Keyword,VC_AU_S_ROLES,Search,Paused,,Daily,Maximize Clicks,Google Search,,,Presence,,,Accounting_Outsource_PH,Paused,,philippines accounting services,Exact,Paused,,,,,,,,,,,,,,,,,,,,,,,,,,,,,,,,v6 Exact — ST evidence + employer long-tail
573-539-1940,Keyword,VC_AU_S_ROLES,Search,Paused,,Daily,Maximize Clicks,Google Search,,,Presence,,,Accounting_Outsource_PH,Paused,,outsource accounts payable philippines,Exact,Paused,,,,,,,,,,,,,,,,,,,,,,,,,,,,,,,,v6 Exact — ST evidence + employer long-tail
573-539-1940,Keyword,VC_AU_S_ROLES,Search,Paused,,Daily,Maximize Clicks,Google Search,,,Presence,,,Accounting_Outsource_PH,Paused,,outsource bookkeeping accounting philippines,Exact,Paused,,,,,,,,,,,,,,,,,,,,,,,,,,,,,,,,VC_Keywords_Paused_Live · George paused live USA Exact junk/general/job-seeker-y terms; synced from Editor DB ape_4967151855 (Get recent changes). Phrase stays paused (Exact-only bidding). (2026-08-07); was Exact
573-539-1940,Keyword,VC_AU_S_ROLES,Search,Paused,,Daily,Maximize Clicks,Google Search,,,Presence,,,Accounting_Outsource_PH,Paused,,remote accounting team philippines,Exact,Paused,,,,,,,,,,,,,,,,,,,,,,,,,,,,,,,,VC_Keywords_Paused_Live · George paused live USA Exact junk/general/job-seeker-y terms; synced from Editor DB ape_4967151855 (Get recent changes). Phrase stays paused (Exact-only bidding). (2026-08-07); was Exact
573-539-1940,Keyword,VC_AU_S_ROLES,Search,Paused,,Daily,Maximize Clicks,Google Search,,,Presence,,,Accounting_Outsource_PH,Paused,,dedicated accounting staff philippines,Exact,Paused,,,,,,,,,,,,,,,,,,,,,,,,,,,,,,,,v6 Exact — ST evidence + employer long-tail
573-539-1940,Keyword,VC_AU_S_ROLES,Search,Paused,,Daily,Maximize Clicks,Google Search,,,Presence,,,Accounting_Outsource_PH,Paused,,filipino accounting team for hire,Exact,Paused,,,,,,,,,,,,,,,,,,,,,,,,,,,,,,,,VC_Keywords_Paused_Live · George paused live USA Exact junk/general/job-seeker-y terms; synced from Editor DB ape_4967151855 (Get recent changes). Phrase stays paused (Exact-only bidding). (2026-08-07); was Exact
573-539-1940,Keyword,VC_AU_S_ROLES,Search,Paused,,Daily,Maximize Clicks,Google Search,,,Presence,,,Accounting_Outsource_PH,Paused,,outsource finance ops philippines,Exact,Paused,,,,,,,,,,,,,,,,,,,,,,,,,,,,,,,,VC_Keywords_Paused_Live · George paused live USA Exact junk/general/job-seeker-y terms; synced from Editor DB ape_4967151855 (Get recent changes). Phrase stays paused (Exact-only bidding). (2026-08-07); was Exact
573-539-1940,Keyword,VC_AU_S_ROLES,Search,Paused,,Daily,Maximize Clicks,Google Search,,,Presence,,,Accounting_Outsource_PH,Paused,,philippines remote accounting support,Exact,Paused,,,,,,,,,,,,,,,,,,,,,,,,,,,,,,,,VC_Keywords_Paused_Live · George paused live USA Exact junk/general/job-seeker-y terms; synced from Editor DB ape_4967151855 (Get recent changes). Phrase stays paused (Exact-only bidding). (2026-08-07); was Exact
573-539-1940,Keyword,VC_AU_S_ROLES,Search,Paused,,Daily,Maximize Clicks,Google Search,,,Presence,,,Accounting_Outsource_PH,Paused,,hire outsourced accountant,Exact,Paused,,,,,,,,,,,,,,,,,,,,,,,,,,,,,,,,v6 Exact — ST evidence + employer long-tail
573-539-1940,Keyword,VC_AU_S_ROLES,Search,Paused,,Daily,Maximize Clicks,Google Search,,,Presence,,,Accounting_Outsource_PH,Paused,,accounting support outsourcing philippines,Exact,Paused,,,,,,,,,,,,,,,,,,,,,,,,,,,,,,,,VC_Keywords_Paused_Live · George paused live USA Exact junk/general/job-seeker-y terms; synced from Editor DB ape_4967151855 (Get recent changes). Phrase stays paused (Exact-only bidding). (2026-08-07); was Exact
573-539-1940,Keyword,VC_AU_S_ROLES,Search,Paused,,Daily,Maximize Clicks,Google Search,,,Presence,,,Accounting_Outsource_PH,Paused,,offshore ap ar staff philippines,Exact,Paused,,,,,,,,,,,,,,,,,,,,,,,,,,,,,,,,VC_Keywords_Paused_Live · George paused live USA Exact junk/general/job-seeker-y terms; synced from Editor DB ape_4967151855 (Get recent changes). Phrase stays paused (Exact-only bidding). (2026-08-07); was Exact
573-539-1940,Keyword,VC_AU_S_ROLES,Search,Paused,,Daily,Maximize Clicks,Google Search,,,Presence,,,Accounting_Outsource_PH,Paused,,outsource general ledger philippines,Exact,Paused,,,,,,,,,,,,,,,,,,,,,,,,,,,,,,,,VC_Keywords_Paused_Live · George paused live USA Exact junk/general/job-seeker-y terms; synced from Editor DB ape_4967151855 (Get recent changes). Phrase stays paused (Exact-only bidding). (2026-08-07); was Exact
573-539-1940,Keyword,VC_AU_S_ROLES,Search,Paused,,Daily,Maximize Clicks,Google Search,,,Presence,,,Accounting_Outsource_PH,Paused,,philippines accounting services for smbs,Exact,Paused,,,,,,,,,,,,,,,,,,,,,,,,,,,,,,,,VC_Keywords_Paused_Live · George paused live USA Exact junk/general/job-seeker-y terms; synced from Editor DB ape_4967151855 (Get recent changes). Phrase stays paused (Exact-only bidding). (2026-08-07); was Exact
573-539-1940,Keyword,VC_AU_S_ROLES,Search,Paused,,Daily,Maximize Clicks,Google Search,,,Presence,,,Accounting_Outsource_PH,Paused,,outsource accounting to philippines,Exact,Paused,,,,,,,,,,,,,,,,,,,,,,,,,,,,,,,,v6 Exact — ST evidence + employer long-tail
573-539-1940,Keyword,VC_AU_S_ROLES,Search,Paused,,Daily,Maximize Clicks,Google Search,,,Presence,,,Accounting_Outsource_PH,Paused,,philippines outsourcing accounting,Exact,Paused,,,,,,,,,,,,,,,,,,,,,,,,,,,,,,,,v6 Exact — ST evidence + employer long-tail
573-539-1940,Keyword,VC_AU_S_ROLES,Search,Paused,,Daily,Maximize Clicks,Google Search,,,Presence,,,Accounting_Outsource_PH,Paused,,filipino finance ops outsourcing,Exact,Paused,,,,,,,,,,,,,,,,,,,,,,,,,,,,,,,,VC_Keywords_Paused_Live · George paused live USA Exact junk/general/job-seeker-y terms; synced from Editor DB ape_4967151855 (Get recent changes). Phrase stays paused (Exact-only bidding). (2026-08-07); was Exact
573-539-1940,Keyword,VC_AU_S_ROLES,Search,Paused,,Daily,Maximize Clicks,Google Search,,,Presence,,,Accounting_Outsource_PH,Paused,,outsource accounting philippines,Phrase,Paused,,,,,,,,,,,,,,,,,,,,,,,,,,,,,,,,v6 Phrase — discovery from converting ST clusters
573-539-1940,Keyword,VC_AU_S_ROLES,Search,Paused,,Daily,Maximize Clicks,Google Search,,,Presence,,,Accounting_Outsource_PH,Paused,,accounting outsourcing philippines,Phrase,Paused,,,,,,,,,,,,,,,,,,,,,,,,,,,,,,,,v6 Phrase — discovery from converting ST clusters
573-539-1940,Keyword,VC_AU_S_ROLES,Search,Paused,,Daily,Maximize Clicks,Google Search,,,Presence,,,Accounting_Outsource_PH,Paused,,philippines accounting outsourcing,Phrase,Paused,,,,,,,,,,,,,,,,,,,,,,,,,,,,,,,,v6 Phrase — discovery from converting ST clusters
573-539-1940,Keyword,VC_AU_S_ROLES,Search,Paused,,Daily,Maximize Clicks,Google Search,,,Presence,,,Accounting_Outsource_PH,Paused,,offshore accountant philippines,Phrase,Paused,,,,,,,,,,,,,,,,,,,,,,,,,,,,,,,,v6 Phrase — discovery from converting ST clusters
573-539-1940,Keyword,VC_AU_S_ROLES,Search,Paused,,Daily,Maximize Clicks,Google Search,,,Presence,,,Accounting_Outsource_PH,Paused,,outsource accounts payable,Phrase,Paused,,,,,,,,,,,,,,,,,,,,,,,,,,,,,,,,v6 Phrase — discovery from converting ST clusters
573-539-1940,Keyword,VC_AU_S_ROLES,Search,Paused,,Daily,Maximize Clicks,Google Search,,,Presence,,,Accounting_Outsource_PH,Paused,,philippines accounting staff,Phrase,Paused,,,,,,,,,,,,,,,,,,,,,,,,,,,,,,,,v6 Phrase — discovery from converting ST clusters
573-539-1940,Keyword,VC_AU_S_ROLES,Search,Paused,,Daily,Maximize Clicks,Google Search,,,Presence,,,Accounting_Outsource_PH,Paused,,offshore finance ops,Phrase,Paused,,,,,,,,,,,,,,,,,,,,,,,,,,,,,,,,v6 Phrase — discovery from converting ST clusters
573-539-1940,Keyword,VC_AU_S_ROLES,Search,Paused,,Daily,Maximize Clicks,Google Search,,,Presence,,,Accounting_Outsource_PH,Paused,,outsourced accounting team,Phrase,Paused,,,,,,,,,,,,,,,,,,,,,,,,,,,,,,,,v6 Phrase — discovery from converting ST clusters
573-539-1940,Keyword,VC_AU_S_ROLES,Search,Paused,,Daily,Maximize Clicks,Google Search,,,Presence,,,Accounting_Outsource_PH,Paused,,bpo accounting philippines,Phrase,Paused,,,,,,,,,,,,,,,,,,,,,,,,,,,,,,,,v6 Phrase — discovery from converting ST clusters
573-539-1940,Ad,VC_AU_S_ROLES,Search,Paused,,Daily,Maximize Clicks,Google Search,,,Presence,,,Accounting_Outsource_PH,Paused,,,,,Paused,Responsive search ad,https://www.virtualcoworker.app/au/accounting,outsource,acct,Outsource Accounting PH,Offshore Accounting Staff,Philippines Finance Ops,AU Accounting Partner,Dedicated Finance Seat,Not Gig Bookkeeping,Vetted Accounting Staff,AP/AR Outsourcing PH,Remote Finance Capacity,Employer-Only Path,Accounting Staff Placement,Predictable Close Support,For Australian SMEs,Ongoing Ledger Capacity,Start Hiring Request,Outsource accounting support to dedicated Philippines specialists.,Staffing partner model with interview control before placement.,Designed for Australian employers who need offshore finance ops capacity.,"Recruit, vet, and manage support around your accounting workflows.",,,,,,,,RSA angle A_partner; full 15/4; tier=controlled; role=Accounting; no invented pricing
573-539-1940,Ad,VC_AU_S_ROLES,Search,Paused,,Daily,Maximize Clicks,Google Search,,,Presence,,,Accounting_Outsource_PH,Paused,,,,,Paused,Responsive search ad,https://www.virtualcoworker.app/au/accounting,offshore,ph,PH Accounting Outsourcing,Outsource AP Workflows,Outsource AR Support,Finance Ops Philippines,Remote Accounting Bench,Scale Without Local Hire,Dedicated Ledger Seats,Fit for Australian Finance,Month-End Support Staff,Vetted Accounting Seats,Outsource GL Support,Offshore Finance Ops,Partner-Led Accounting,Interview Then Place,Outsource This Role PH,"Add Philippines accounting capacity for AP, AR, and ledger support.",Dedicated seats beat rotating contractors for close continuity.,Ask about outsourcing finance ops for your organisation.,For Australian businesses that want accountable remote accountants.,,,,,,,,RSA angle B_capacity; full 15/4; tier=controlled; role=Accounting; no invented pricing
573-539-1940,Ad,VC_AU_S_ROLES,Search,Paused,,Daily,Maximize Clicks,Google Search,,,Presence,,,Accounting_Outsource_PH,Paused,,,,,Paused,Responsive search ad,https://www.virtualcoworker.app/au/accounting,dedicated,acct,Dedicated PH Accountant,Same Finance Seat Daily,Accountable Ledger Support,Philippines Accounting Seat,Not Gig Bookkeeping Apps,Offshore Finance Continuity,AP Owner You Can Keep,Interview Then Place PH,Vetted Accounting Seat,Remote Finance Ownership,Staffing Not Task Markets,Proof in Dedicated Finance,Ledger Seat From PH,Close Support Dedicated,Request Dedicated Finance,Outsource accounting with a dedicated Philippines seat — not task gigs.,Proof is continuity: one vetted finance seat you interview first.,Built for Australian employers who need accountable offshore accounting capacity.,Partner-led model. Rates and terms discussed after we understand the seat.,,,,,,,,RSA angle C_proof; full 15/4; tier=controlled; role=Accounting; no invented pricing
573-539-1940,Ad group,VC_AU_S_ROLES,Search,Paused,,Daily,Maximize Clicks,Google Search,,,Presence,,,Bookkeeping_Hire_PH,Paused,,,,,,,,,,,,,,,,,,,,,,,,,,,,,,,,,,,,ROLES controlled — Bookkeeping_Hire_PH; category=bookkeeping
573-539-1940,Keyword,VC_AU_S_ROLES,Search,Paused,,Daily,Maximize Clicks,Google Search,,,Presence,,,Bookkeeping_Hire_PH,Paused,,philippines bookkeeper,Exact,Paused,,,,,,,,,,,,,,,,,,,,,,,,,,,,,,,,v6 Exact — ST evidence + employer long-tail
573-539-1940,Keyword,VC_AU_S_ROLES,Search,Paused,,Daily,Maximize Clicks,Google Search,,,Presence,,,Bookkeeping_Hire_PH,Paused,,bookkeeper philippines,Exact,Paused,,,,,,,,,,,,,,,,,,,,,,,,,,,,,,,,v6 Exact — ST evidence + employer long-tail
573-539-1940,Keyword,VC_AU_S_ROLES,Search,Paused,,Daily,Maximize Clicks,Google Search,,,Presence,,,Bookkeeping_Hire_PH,Paused,,bookkeeper in philippines,Exact,Paused,,,,,,,,,,,,,,,,,,,,,,,,,,,,,,,,v6 Exact — ST evidence + employer long-tail
573-539-1940,Keyword,VC_AU_S_ROLES,Search,Paused,,Daily,Maximize Clicks,Google Search,,,Presence,,,Bookkeeping_Hire_PH,Paused,,virtual bookkeeper philippines,Exact,Paused,,,,,,,,,,,,,,,,,,,,,,,,,,,,,,,,v6 Exact — ST evidence + employer long-tail
573-539-1940,Keyword,VC_AU_S_ROLES,Search,Paused,,Daily,Maximize Clicks,Google Search,,,Presence,,,Bookkeeping_Hire_PH,Paused,,va bookkeeper,Exact,Paused,,,,,,,,,,,,,,,,,,,,,,,,,,,,,,,,v6 Exact — ST evidence + employer long-tail
573-539-1940,Keyword,VC_AU_S_ROLES,Search,Paused,,Daily,Maximize Clicks,Google Search,,,Presence,,,Bookkeeping_Hire_PH,Paused,,virtual assistant bookkeeper,Exact,Paused,,,,,,,,,,,,,,,,,,,,,,,,,,,,,,,,v6 Exact — ST evidence + employer long-tail
573-539-1940,Keyword,VC_AU_S_ROLES,Search,Paused,,Daily,Maximize Clicks,Google Search,,,Presence,,,Bookkeeping_Hire_PH,Paused,,virtual assistant bookkeeping,Exact,Paused,,,,,,,,,,,,,,,,,,,,,,,,,,,,,,,,v6 Exact — ST evidence + employer long-tail
573-539-1940,Keyword,VC_AU_S_ROLES,Search,Paused,,Daily,Maximize Clicks,Google Search,,,Presence,,,Bookkeeping_Hire_PH,Paused,,bookkeeping virtual assistant,Exact,Paused,,,,,,,,,,,,,,,,,,,,,,,,,,,,,,,,v6 Exact — ST evidence + employer long-tail
573-539-1940,Keyword,VC_AU_S_ROLES,Search,Paused,,Daily,Maximize Clicks,Google Search,,,Presence,,,Bookkeeping_Hire_PH,Paused,,filipino virtual bookkeeper,Exact,Paused,,,,,,,,,,,,,,,,,,,,,,,,,,,,,,,,VC_Keywords_Paused_Live · George paused live USA Exact junk/general/job-seeker-y terms; synced from Editor DB ape_4967151855 (Get recent changes). Phrase stays paused (Exact-only bidding). (2026-08-07); was Exact
573-539-1940,Keyword,VC_AU_S_ROLES,Search,Paused,,Daily,Maximize Clicks,Google Search,,,Presence,,,Bookkeeping_Hire_PH,Paused,,quickbooks virtual assistant,Exact,Paused,,,,,,,,,,,,,,,,,,,,,,,,,,,,,,,,v6 Exact — ST evidence + employer long-tail
573-539-1940,Keyword,VC_AU_S_ROLES,Search,Paused,,Daily,Maximize Clicks,Google Search,,,Presence,,,Bookkeeping_Hire_PH,Paused,,virtual assistant quickbooks,Exact,Paused,,,,,,,,,,,,,,,,,,,,,,,,,,,,,,,,v6 Exact — ST evidence + employer long-tail
573-539-1940,Keyword,VC_AU_S_ROLES,Search,Paused,,Daily,Maximize Clicks,Google Search,,,Presence,,,Bookkeeping_Hire_PH,Paused,,virtual assistant for quickbooks,Exact,Paused,,,,,,,,,,,,,,,,,,,,,,,,,,,,,,,,v6 Exact — ST evidence + employer long-tail
573-539-1940,Keyword,VC_AU_S_ROLES,Search,Paused,,Daily,Maximize Clicks,Google Search,,,Presence,,,Bookkeeping_Hire_PH,Paused,,hire a bookkeeper,Exact,Paused,,,,,,,,,,,,,,,,,,,,,,,,,,,,,,,,v6 Exact — ST evidence + employer long-tail
573-539-1940,Keyword,VC_AU_S_ROLES,Search,Paused,,Daily,Maximize Clicks,Google Search,,,Presence,,,Bookkeeping_Hire_PH,Paused,,hire virtual bookkeeper philippines,Exact,Paused,,,,,,,,,,,,,,,,,,,,,,,,,,,,,,,,VC_Keywords_Paused_Live · George paused live USA Exact junk/general/job-seeker-y terms; synced from Editor DB ape_4967151855 (Get recent changes). Phrase stays paused (Exact-only bidding). (2026-08-07); was Exact
573-539-1940,Keyword,VC_AU_S_ROLES,Search,Paused,,Daily,Maximize Clicks,Google Search,,,Presence,,,Bookkeeping_Hire_PH,Paused,,hire bookkeeper philippines,Exact,Paused,,,,,,,,,,,,,,,,,,,,,,,,,,,,,,,,v6 Exact — ST evidence + employer long-tail
573-539-1940,Keyword,VC_AU_S_ROLES,Search,Paused,,Daily,Maximize Clicks,Google Search,,,Presence,,,Bookkeeping_Hire_PH,Paused,,hire a filipino bookkeeper,Exact,Paused,,,,,,,,,,,,,,,,,,,,,,,,,,,,,,,,VC_Keywords_Paused_Live · George paused live USA Exact junk/general/job-seeker-y terms; synced from Editor DB ape_4967151855 (Get recent changes). Phrase stays paused (Exact-only bidding). (2026-08-07); was Exact
573-539-1940,Keyword,VC_AU_S_ROLES,Search,Paused,,Daily,Maximize Clicks,Google Search,,,Presence,,,Bookkeeping_Hire_PH,Paused,,hire filipino bookkeeper,Exact,Paused,,,,,,,,,,,,,,,,,,,,,,,,,,,,,,,,v6 Exact — ST evidence + employer long-tail
573-539-1940,Keyword,VC_AU_S_ROLES,Search,Paused,,Daily,Maximize Clicks,Google Search,,,Presence,,,Bookkeeping_Hire_PH,Paused,,hire remote bookkeeper philippines,Exact,Paused,,,,,,,,,,,,,,,,,,,,,,,,,,,,,,,,v6 Exact — ST evidence + employer long-tail
573-539-1940,Keyword,VC_AU_S_ROLES,Search,Paused,,Daily,Maximize Clicks,Google Search,,,Presence,,,Bookkeeping_Hire_PH,Paused,,filipino bookkeeper,Exact,Paused,,,,,,,,,,,,,,,,,,,,,,,,,,,,,,,,v6 Exact — ST evidence + employer long-tail
573-539-1940,Keyword,VC_AU_S_ROLES,Search,Paused,,Daily,Maximize Clicks,Google Search,,,Presence,,,Bookkeeping_Hire_PH,Paused,,filipino bookkeepers,Exact,Paused,,,,,,,,,,,,,,,,,,,,,,,,,,,,,,,,v6 Exact — ST evidence + employer long-tail
573-539-1940,Keyword,VC_AU_S_ROLES,Search,Paused,,Daily,Maximize Clicks,Google Search,,,Presence,,,Bookkeeping_Hire_PH,Paused,,philippines bookkeepers,Exact,Paused,,,,,,,,,,,,,,,,,,,,,,,,,,,,,,,,v6 Exact — ST evidence + employer long-tail
573-539-1940,Keyword,VC_AU_S_ROLES,Search,Paused,,Daily,Maximize Clicks,Google Search,,,Presence,,,Bookkeeping_Hire_PH,Paused,,remote bookkeeping philippines,Exact,Paused,,,,,,,,,,,,,,,,,,,,,,,,,,,,,,,,v6 Exact — ST evidence + employer long-tail
573-539-1940,Keyword,VC_AU_S_ROLES,Search,Paused,,Daily,Maximize Clicks,Google Search,,,Presence,,,Bookkeeping_Hire_PH,Paused,,virtual bookkeeping philippines,Exact,Paused,,,,,,,,,,,,,,,,,,,,,,,,,,,,,,,,v6 Exact — ST evidence + employer long-tail
573-539-1940,Keyword,VC_AU_S_ROLES,Search,Paused,,Daily,Maximize Clicks,Google Search,,,Presence,,,Bookkeeping_Hire_PH,Paused,,hire quickbooks bookkeeper philippines,Exact,Paused,,,,,,,,,,,,,,,,,,,,,,,,,,,,,,,,VC_Keywords_Paused_Live · George paused live USA Exact junk/general/job-seeker-y terms; synced from Editor DB ape_4967151855 (Get recent changes). Phrase stays paused (Exact-only bidding). (2026-08-07); was Exact
573-539-1940,Keyword,VC_AU_S_ROLES,Search,Paused,,Daily,Maximize Clicks,Google Search,,,Presence,,,Bookkeeping_Hire_PH,Paused,,hire xero bookkeeper philippines,Exact,Paused,,,,,,,,,,,,,,,,,,,,,,,,,,,,,,,,VC_Keywords_Paused_Live · George paused live USA Exact junk/general/job-seeker-y terms; synced from Editor DB ape_4967151855 (Get recent changes). Phrase stays paused (Exact-only bidding). (2026-08-07); was Exact
573-539-1940,Keyword,VC_AU_S_ROLES,Search,Paused,,Daily,Maximize Clicks,Google Search,,,Presence,,,Bookkeeping_Hire_PH,Paused,,filipino quickbooks virtual assistant,Exact,Paused,,,,,,,,,,,,,,,,,,,,,,,,,,,,,,,,VC_Keywords_Paused_Live · George paused live USA Exact junk/general/job-seeker-y terms; synced from Editor DB ape_4967151855 (Get recent changes). Phrase stays paused (Exact-only bidding). (2026-08-07); was Exact
573-539-1940,Keyword,VC_AU_S_ROLES,Search,Paused,,Daily,Maximize Clicks,Google Search,,,Presence,,,Bookkeeping_Hire_PH,Paused,,dedicated bookkeeper philippines,Exact,Paused,,,,,,,,,,,,,,,,,,,,,,,,,,,,,,,,VC_Keywords_Paused_Live · George paused live USA Exact junk/general/job-seeker-y terms; synced from Editor DB ape_4967151855 (Get recent changes). Phrase stays paused (Exact-only bidding). (2026-08-07); was Exact
573-539-1940,Keyword,VC_AU_S_ROLES,Search,Paused,,Daily,Maximize Clicks,Google Search,,,Presence,,,Bookkeeping_Hire_PH,Paused,,hire philippines bookkeeping va,Exact,Paused,,,,,,,,,,,,,,,,,,,,,,,,,,,,,,,,VC_Keywords_Paused_Live · George paused live USA Exact junk/general/job-seeker-y terms; synced from Editor DB ape_4967151855 (Get recent changes). Phrase stays paused (Exact-only bidding). (2026-08-07); was Exact
573-539-1940,Keyword,VC_AU_S_ROLES,Search,Paused,,Daily,Maximize Clicks,Google Search,,,Presence,,,Bookkeeping_Hire_PH,Paused,,online filipino bookkeeper hire,Exact,Paused,,,,,,,,,,,,,,,,,,,,,,,,,,,,,,,,VC_Keywords_Paused_Live · George paused live USA Exact junk/general/job-seeker-y terms; synced from Editor DB ape_4967151855 (Get recent changes). Phrase stays paused (Exact-only bidding). (2026-08-07); was Exact
573-539-1940,Keyword,VC_AU_S_ROLES,Search,Paused,,Daily,Maximize Clicks,Google Search,,,Presence,,,Bookkeeping_Hire_PH,Paused,,hire weekly bookkeeper philippines,Exact,Paused,,,,,,,,,,,,,,,,,,,,,,,,,,,,,,,,VC_Keywords_Paused_Live · George paused live USA Exact junk/general/job-seeker-y terms; synced from Editor DB ape_4967151855 (Get recent changes). Phrase stays paused (Exact-only bidding). (2026-08-07); was Exact
573-539-1940,Keyword,VC_AU_S_ROLES,Search,Paused,,Daily,Maximize Clicks,Google Search,,,Presence,,,Bookkeeping_Hire_PH,Paused,,remote books assistant philippines,Exact,Paused,,,,,,,,,,,,,,,,,,,,,,,,,,,,,,,,VC_Keywords_Paused_Live · George paused live USA Exact junk/general/job-seeker-y terms; synced from Editor DB ape_4967151855 (Get recent changes). Phrase stays paused (Exact-only bidding). (2026-08-07); was Exact
573-539-1940,Keyword,VC_AU_S_ROLES,Search,Paused,,Daily,Maximize Clicks,Google Search,,,Presence,,,Bookkeeping_Hire_PH,Paused,,filipino bookkeeping specialist hire,Exact,Paused,,,,,,,,,,,,,,,,,,,,,,,,,,,,,,,,VC_Keywords_Paused_Live · George paused live USA Exact junk/general/job-seeker-y terms; synced from Editor DB ape_4967151855 (Get recent changes). Phrase stays paused (Exact-only bidding). (2026-08-07); was Exact
573-539-1940,Keyword,VC_AU_S_ROLES,Search,Paused,,Daily,Maximize Clicks,Google Search,,,Presence,,,Bookkeeping_Hire_PH,Paused,,hire virtual bookkeeping assistant,Exact,Paused,,,,,,,,,,,,,,,,,,,,,,,,,,,,,,,,v6 Exact — ST evidence + employer long-tail
573-539-1940,Keyword,VC_AU_S_ROLES,Search,Paused,,Daily,Maximize Clicks,Google Search,,,Presence,,,Bookkeeping_Hire_PH,Paused,,philippines virtual bookkeeper for smbs,Exact,Paused,,,,,,,,,,,,,,,,,,,,,,,,,,,,,,,,VC_Keywords_Paused_Live · George paused live USA Exact junk/general/job-seeker-y terms; synced from Editor DB ape_4967151855 (Get recent changes). Phrase stays paused (Exact-only bidding). (2026-08-07); was Exact
573-539-1940,Keyword,VC_AU_S_ROLES,Search,Paused,,Daily,Maximize Clicks,Google Search,,,Presence,,,Bookkeeping_Hire_PH,Paused,,hire offshore bookkeeping va,Exact,Paused,,,,,,,,,,,,,,,,,,,,,,,,,,,,,,,,VC_Keywords_Paused_Live · George paused live USA Exact junk/general/job-seeker-y terms; synced from Editor DB ape_4967151855 (Get recent changes). Phrase stays paused (Exact-only bidding). (2026-08-07); was Exact
573-539-1940,Keyword,VC_AU_S_ROLES,Search,Paused,,Daily,Maximize Clicks,Google Search,,,Presence,,,Bookkeeping_Hire_PH,Paused,,online bookkeeper philippines,Exact,Paused,,,,,,,,,,,,,,,,,,,,,,,,,,,,,,,,v6 Exact — ST evidence + employer long-tail
573-539-1940,Keyword,VC_AU_S_ROLES,Search,Paused,,Daily,Maximize Clicks,Google Search,,,Presence,,,Bookkeeping_Hire_PH,Paused,,bookkeeper ph,Exact,Paused,,,,,,,,,,,,,,,,,,,,,,,,,,,,,,,,v6 Exact — ST evidence + employer long-tail
573-539-1940,Keyword,VC_AU_S_ROLES,Search,Paused,,Daily,Maximize Clicks,Google Search,,,Presence,,,Bookkeeping_Hire_PH,Paused,,quickbooks proadvisor philippines,Exact,Paused,,,,,,,,,,,,,,,,,,,,,,,,,,,,,,,,v6 Exact — ST evidence + employer long-tail
573-539-1940,Keyword,VC_AU_S_ROLES,Search,Paused,,Daily,Maximize Clicks,Google Search,,,Presence,,,Bookkeeping_Hire_PH,Paused,,hire virtual bookkeeper philippines,Phrase,Paused,,,,,,,,,,,,,,,,,,,,,,,,,,,,,,,,VC_Keywords_Paused_Live · George paused live USA Exact junk/general/job-seeker-y terms; synced from Editor DB ape_4967151855 (Get recent changes). Phrase stays paused (Exact-only bidding). (2026-08-07); was Phrase
573-539-1940,Keyword,VC_AU_S_ROLES,Search,Paused,,Daily,Maximize Clicks,Google Search,,,Presence,,,Bookkeeping_Hire_PH,Paused,,hire filipino bookkeeper,Phrase,Paused,,,,,,,,,,,,,,,,,,,,,,,,,,,,,,,,v6 Phrase — discovery from converting ST clusters
573-539-1940,Keyword,VC_AU_S_ROLES,Search,Paused,,Daily,Maximize Clicks,Google Search,,,Presence,,,Bookkeeping_Hire_PH,Paused,,philippines bookkeeper,Phrase,Paused,,,,,,,,,,,,,,,,,,,,,,,,,,,,,,,,v6 Phrase — discovery from converting ST clusters
573-539-1940,Keyword,VC_AU_S_ROLES,Search,Paused,,Daily,Maximize Clicks,Google Search,,,Presence,,,Bookkeeping_Hire_PH,Paused,,bookkeeper philippines,Phrase,Paused,,,,,,,,,,,,,,,,,,,,,,,,,,,,,,,,v6 Phrase — discovery from converting ST clusters
573-539-1940,Keyword,VC_AU_S_ROLES,Search,Paused,,Daily,Maximize Clicks,Google Search,,,Presence,,,Bookkeeping_Hire_PH,Paused,,virtual bookkeeper philippines,Phrase,Paused,,,,,,,,,,,,,,,,,,,,,,,,,,,,,,,,v6 Phrase — discovery from converting ST clusters
573-539-1940,Keyword,VC_AU_S_ROLES,Search,Paused,,Daily,Maximize Clicks,Google Search,,,Presence,,,Bookkeeping_Hire_PH,Paused,,hire quickbooks bookkeeper philippines,Phrase,Paused,,,,,,,,,,,,,,,,,,,,,,,,,,,,,,,,VC_Keywords_Paused_Live · George paused live USA Exact junk/general/job-seeker-y terms; synced from Editor DB ape_4967151855 (Get recent changes). Phrase stays paused (Exact-only bidding). (2026-08-07); was Phrase
573-539-1940,Keyword,VC_AU_S_ROLES,Search,Paused,,Daily,Maximize Clicks,Google Search,,,Presence,,,Bookkeeping_Hire_PH,Paused,,filipino bookkeeping virtual assistant,Phrase,Paused,,,,,,,,,,,,,,,,,,,,,,,,,,,,,,,,v6 Phrase — discovery from converting ST clusters
573-539-1940,Keyword,VC_AU_S_ROLES,Search,Paused,,Daily,Maximize Clicks,Google Search,,,Presence,,,Bookkeeping_Hire_PH,Paused,,hire xero bookkeeper,Phrase,Paused,,,,,,,,,,,,,,,,,,,,,,,,,,,,,,,,v6 Phrase — discovery from converting ST clusters
573-539-1940,Keyword,VC_AU_S_ROLES,Search,Paused,,Daily,Maximize Clicks,Google Search,,,Presence,,,Bookkeeping_Hire_PH,Paused,,philippines bookkeeper for hire,Phrase,Paused,,,,,,,,,,,,,,,,,,,,,,,,,,,,,,,,v6 Phrase — discovery from converting ST clusters
573-539-1940,Keyword,VC_AU_S_ROLES,Search,Paused,,Daily,Maximize Clicks,Google Search,,,Presence,,,Bookkeeping_Hire_PH,Paused,,remote bookkeeper philippines,Phrase,Paused,,,,,,,,,,,,,,,,,,,,,,,,,,,,,,,,v6 Phrase — discovery from converting ST clusters
573-539-1940,Keyword,VC_AU_S_ROLES,Search,Paused,,Daily,Maximize Clicks,Google Search,,,Presence,,,Bookkeeping_Hire_PH,Paused,,virtual assistant bookkeeping,Phrase,Paused,,,,,,,,,,,,,,,,,,,,,,,,,,,,,,,,v6 Phrase — discovery from converting ST clusters
573-539-1940,Keyword,VC_AU_S_ROLES,Search,Paused,,Daily,Maximize Clicks,Google Search,,,Presence,,,Bookkeeping_Hire_PH,Paused,,va bookkeeper,Phrase,Paused,,,,,,,,,,,,,,,,,,,,,,,,,,,,,,,,v6 Phrase — discovery from converting ST clusters
573-539-1940,Ad,VC_AU_S_ROLES,Search,Paused,,Daily,Maximize Clicks,Google Search,,,Presence,,,Bookkeeping_Hire_PH,Paused,,,,,Paused,Responsive search ad,https://www.virtualcoworker.app/au/bookkeeping,books,hire,Hire Bookkeeper Philippines,Filipino Bookkeeper Hire,Virtual Bookkeeper PH,AU Books Staffing,Vetted Books Shortlist,Interview Before Hire,Dedicated Books Seat,QuickBooks VA Hire,Xero Bookkeeper Hire,Employer Hiring Path,Remote Books Specialist,Not Marketplace Gigs,Built for Australian SMEs,Weekly Books Capacity,Tell Us Who You Need,Hire a dedicated Filipino bookkeeper through a staffing partner.,"Interview shortlisted talent; we recruit, vet, and support the hire.",For Australian employers who need reliable weekly books capacity.,Ongoing bookkeeping hires — not marketplace task bundles.,,,,,,,,RSA angle A_staffing; full 15/4; tier=controlled; role=Bookkeeping; no invented pricing
573-539-1940,Ad,VC_AU_S_ROLES,Search,Paused,,Daily,Maximize Clicks,Google Search,,,Presence,,,Bookkeeping_Hire_PH,Paused,,,,,Paused,Responsive search ad,https://www.virtualcoworker.app/au/bookkeeping,books,va,{KeyWord:Hire Bookkeeper},Philippines Books VA,Remote Reconciliation Hire,Filipino Books Specialist,Weekly Close Support,Transaction Coding VA,Scale Bookkeeping Ops,Australian SMBs Hiring,Dedicated Books Talent,Virtual Books Assistant,Partner-Managed Hire,Interview-Ready Bookkeepers,Clear Employer Process,Tools You Already Use,Request Hiring Shortlist,Fill bookkeeping roles with vetted Philippines specialists.,"Support for categorisation, reconciliations, and weekly books rhythm.",Staffing support shaped for your Australian business books stack.,We specialise in remote bookkeeping hires for employers.,,,,,,,,RSA angle B_role; full 15/4; tier=controlled; role=Bookkeeping; no invented pricing
573-539-1940,Ad,VC_AU_S_ROLES,Search,Paused,,Daily,Maximize Clicks,Google Search,,,Presence,,,Bookkeeping_Hire_PH,Paused,,,,,Paused,Responsive search ad,https://www.virtualcoworker.app/au/bookkeeping,shortlist,books,Shortlist Bookkeepers PH,Vetted Books Finalists,Bookkeeper Hire Shortlist,Recruit Books Then Interview,PH Bookkeeper Screening,Skip Marketplace Books,Books Role to Shortlist,Get Bookkeeping Finalists,Employer Books Hire Path,Screened Reconciliation Help,Weekly Books Hire Pipeline,Books Seat Shortlist,Staffing Pipeline Books,Interview-Ready Bookkeepers,Ask for Books Shortlist,Need a bookkeeper? We recruit and screen Philippines books talent first.,Shortlist-first hiring: you interview; we source and vet bookkeepers.,Speed means a ready staffing pipeline — not a turnaround promise.,Tell us the books seat. Review vetted finalists before you hire.,,,,,,,,RSA angle C_speed; full 15/4; tier=controlled; role=Bookkeeping; no invented pricing
573-539-1940,Ad group,VC_AU_S_ROLES,Search,Paused,,Daily,Maximize Clicks,Google Search,,,Presence,,,Bookkeeping_Outsource_PH,Paused,,,,,,,,,,,,,,,,,,,,,,,,,,,,,,,,,,,,ROLES controlled — Bookkeeping_Outsource_PH; category=bookkeeping
573-539-1940,Keyword,VC_AU_S_ROLES,Search,Paused,,Daily,Maximize Clicks,Google Search,,,Presence,,,Bookkeeping_Outsource_PH,Paused,,bookkeeping philippines,Exact,Paused,,,,,,,,,,,,,,,,,,,,,,,,,,,,,,,,v6 Exact — ST evidence + employer long-tail
573-539-1940,Keyword,VC_AU_S_ROLES,Search,Paused,,Daily,Maximize Clicks,Google Search,,,Presence,,,Bookkeeping_Outsource_PH,Paused,,outsource bookkeeping philippines,Exact,Paused,,,,,,,,,,,,,,,,,,,,,,,,,,,,,,,,v6 Exact — ST evidence + employer long-tail
573-539-1940,Keyword,VC_AU_S_ROLES,Search,Paused,,Daily,Maximize Clicks,Google Search,,,Presence,,,Bookkeeping_Outsource_PH,Paused,,bookkeeping services philippines,Exact,Paused,,,,,,,,,,,,,,,,,,,,,,,,,,,,,,,,v6 Exact — ST evidence + employer long-tail
573-539-1940,Keyword,VC_AU_S_ROLES,Search,Paused,,Daily,Maximize Clicks,Google Search,,,Presence,,,Bookkeeping_Outsource_PH,Paused,,philippines bookkeeping outsourcing,Exact,Paused,,,,,,,,,,,,,,,,,,,,,,,,,,,,,,,,v6 Exact — ST evidence + employer long-tail
573-539-1940,Keyword,VC_AU_S_ROLES,Search,Paused,,Daily,Maximize Clicks,Google Search,,,Presence,,,Bookkeeping_Outsource_PH,Paused,,virtual bookkeeping services philippines,Exact,Paused,,,,,,,,,,,,,,,,,,,,,,,,,,,,,,,,v6 Exact — ST evidence + employer long-tail
573-539-1940,Keyword,VC_AU_S_ROLES,Search,Paused,,Daily,Maximize Clicks,Google Search,,,Presence,,,Bookkeeping_Outsource_PH,Paused,,offshore bookkeeper,Exact,Paused,,,,,,,,,,,,,,,,,,,,,,,,,,,,,,,,v6 Exact — ST evidence + employer long-tail
573-539-1940,Keyword,VC_AU_S_ROLES,Search,Paused,,Daily,Maximize Clicks,Google Search,,,Presence,,,Bookkeeping_Outsource_PH,Paused,,offshore bookkeeper philippines,Exact,Paused,,,,,,,,,,,,,,,,,,,,,,,,,,,,,,,,v6 Exact — ST evidence + employer long-tail
573-539-1940,Keyword,VC_AU_S_ROLES,Search,Paused,,Daily,Maximize Clicks,Google Search,,,Presence,,,Bookkeeping_Outsource_PH,Paused,,bookkeeping outsourcing philippines,Exact,Paused,,,,,,,,,,,,,,,,,,,,,,,,,,,,,,,,v6 Exact — ST evidence + employer long-tail
573-539-1940,Keyword,VC_AU_S_ROLES,Search,Paused,,Daily,Maximize Clicks,Google Search,,,Presence,,,Bookkeeping_Outsource_PH,Paused,,bookkeeper outsourcing philippines,Exact,Paused,,,,,,,,,,,,,,,,,,,,,,,,,,,,,,,,v6 Exact — ST evidence + employer long-tail
573-539-1940,Keyword,VC_AU_S_ROLES,Search,Paused,,Daily,Maximize Clicks,Google Search,,,Presence,,,Bookkeeping_Outsource_PH,Paused,,bookkeeper outsourcing,Exact,Paused,,,,,,,,,,,,,,,,,,,,,,,,,,,,,,,,v6 Exact — ST evidence + employer long-tail
573-539-1940,Keyword,VC_AU_S_ROLES,Search,Paused,,Daily,Maximize Clicks,Google Search,,,Presence,,,Bookkeeping_Outsource_PH,Paused,,outsourced bookkeeping philippines,Exact,Paused,,,,,,,,,,,,,,,,,,,,,,,,,,,,,,,,v6 Exact — ST evidence + employer long-tail
573-539-1940,Keyword,VC_AU_S_ROLES,Search,Paused,,Daily,Maximize Clicks,Google Search,,,Presence,,,Bookkeeping_Outsource_PH,Paused,,remote bookkeeping team philippines,Exact,Paused,,,,,,,,,,,,,,,,,,,,,,,,,,,,,,,,VC_Keywords_Paused_Live · George paused live USA Exact junk/general/job-seeker-y terms; synced from Editor DB ape_4967151855 (Get recent changes). Phrase stays paused (Exact-only bidding). (2026-08-07); was Exact
573-539-1940,Keyword,VC_AU_S_ROLES,Search,Paused,,Daily,Maximize Clicks,Google Search,,,Presence,,,Bookkeeping_Outsource_PH,Paused,,dedicated books staff philippines,Exact,Paused,,,,,,,,,,,,,,,,,,,,,,,,,,,,,,,,VC_Keywords_Paused_Live · George paused live USA Exact junk/general/job-seeker-y terms; synced from Editor DB ape_4967151855 (Get recent changes). Phrase stays paused (Exact-only bidding). (2026-08-07); was Exact
573-539-1940,Keyword,VC_AU_S_ROLES,Search,Paused,,Daily,Maximize Clicks,Google Search,,,Presence,,,Bookkeeping_Outsource_PH,Paused,,outsource accounts bookkeeping philippines,Exact,Paused,,,,,,,,,,,,,,,,,,,,,,,,,,,,,,,,VC_Keywords_Paused_Live · George paused live USA Exact junk/general/job-seeker-y terms; synced from Editor DB ape_4967151855 (Get recent changes). Phrase stays paused (Exact-only bidding). (2026-08-07); was Exact
573-539-1940,Keyword,VC_AU_S_ROLES,Search,Paused,,Daily,Maximize Clicks,Google Search,,,Presence,,,Bookkeeping_Outsource_PH,Paused,,philippines remote bookkeeping support,Exact,Paused,,,,,,,,,,,,,,,,,,,,,,,,,,,,,,,,VC_Keywords_Paused_Live · George paused live USA Exact junk/general/job-seeker-y terms; synced from Editor DB ape_4967151855 (Get recent changes). Phrase stays paused (Exact-only bidding). (2026-08-07); was Exact
573-539-1940,Keyword,VC_AU_S_ROLES,Search,Paused,,Daily,Maximize Clicks,Google Search,,,Presence,,,Bookkeeping_Outsource_PH,Paused,,hire outsourced bookkeeper,Exact,Paused,,,,,,,,,,,,,,,,,,,,,,,,,,,,,,,,v6 Exact — ST evidence + employer long-tail
573-539-1940,Keyword,VC_AU_S_ROLES,Search,Paused,,Daily,Maximize Clicks,Google Search,,,Presence,,,Bookkeeping_Outsource_PH,Paused,,offshore books management philippines,Exact,Paused,,,,,,,,,,,,,,,,,,,,,,,,,,,,,,,,VC_Keywords_Paused_Live · George paused live USA Exact junk/general/job-seeker-y terms; synced from Editor DB ape_4967151855 (Get recent changes). Phrase stays paused (Exact-only bidding). (2026-08-07); was Exact
573-539-1940,Keyword,VC_AU_S_ROLES,Search,Paused,,Daily,Maximize Clicks,Google Search,,,Presence,,,Bookkeeping_Outsource_PH,Paused,,outsource reconciliation support philippines,Exact,Paused,,,,,,,,,,,,,,,,,,,,,,,,,,,,,,,,VC_Keywords_Paused_Live · George paused live USA Exact junk/general/job-seeker-y terms; synced from Editor DB ape_4967151855 (Get recent changes). Phrase stays paused (Exact-only bidding). (2026-08-07); was Exact
573-539-1940,Keyword,VC_AU_S_ROLES,Search,Paused,,Daily,Maximize Clicks,Google Search,,,Presence,,,Bookkeeping_Outsource_PH,Paused,,filipino bookkeeping team for hire,Exact,Paused,,,,,,,,,,,,,,,,,,,,,,,,,,,,,,,,VC_Keywords_Paused_Live · George paused live USA Exact junk/general/job-seeker-y terms; synced from Editor DB ape_4967151855 (Get recent changes). Phrase stays paused (Exact-only bidding). (2026-08-07); was Exact
573-539-1940,Keyword,VC_AU_S_ROLES,Search,Paused,,Daily,Maximize Clicks,Google Search,,,Presence,,,Bookkeeping_Outsource_PH,Paused,,smb bookkeeping outsourcing philippines,Exact,Paused,,,,,,,,,,,,,,,,,,,,,,,,,,,,,,,,VC_Keywords_Paused_Live · George paused live USA Exact junk/general/job-seeker-y terms; synced from Editor DB ape_4967151855 (Get recent changes). Phrase stays paused (Exact-only bidding). (2026-08-07); was Exact
573-539-1940,Keyword,VC_AU_S_ROLES,Search,Paused,,Daily,Maximize Clicks,Google Search,,,Presence,,,Bookkeeping_Outsource_PH,Paused,,outsource xero bookkeeping philippines,Exact,Paused,,,,,,,,,,,,,,,,,,,,,,,,,,,,,,,,VC_Keywords_Paused_Live · George paused live USA Exact junk/general/job-seeker-y terms; synced from Editor DB ape_4967151855 (Get recent changes). Phrase stays paused (Exact-only bidding). (2026-08-07); was Exact
573-539-1940,Keyword,VC_AU_S_ROLES,Search,Paused,,Daily,Maximize Clicks,Google Search,,,Presence,,,Bookkeeping_Outsource_PH,Paused,,outsource quickbooks bookkeeping philippines,Exact,Paused,,,,,,,,,,,,,,,,,,,,,,,,,,,,,,,,VC_Keywords_Paused_Live · George paused live USA Exact junk/general/job-seeker-y terms; synced from Editor DB ape_4967151855 (Get recent changes). Phrase stays paused (Exact-only bidding). (2026-08-07); was Exact
573-539-1940,Keyword,VC_AU_S_ROLES,Search,Paused,,Daily,Maximize Clicks,Google Search,,,Presence,,,Bookkeeping_Outsource_PH,Paused,,philippines bookkeeping ops staff,Exact,Paused,,,,,,,,,,,,,,,,,,,,,,,,,,,,,,,,VC_Keywords_Paused_Live · George paused live USA Exact junk/general/job-seeker-y terms; synced from Editor DB ape_4967151855 (Get recent changes). Phrase stays paused (Exact-only bidding). (2026-08-07); was Exact
573-539-1940,Keyword,VC_AU_S_ROLES,Search,Paused,,Daily,Maximize Clicks,Google Search,,,Presence,,,Bookkeeping_Outsource_PH,Paused,,remote month end books philippines,Exact,Paused,,,,,,,,,,,,,,,,,,,,,,,,,,,,,,,,VC_Keywords_Paused_Live · George paused live USA Exact junk/general/job-seeker-y terms; synced from Editor DB ape_4967151855 (Get recent changes). Phrase stays paused (Exact-only bidding). (2026-08-07); was Exact
573-539-1940,Keyword,VC_AU_S_ROLES,Search,Paused,,Daily,Maximize Clicks,Google Search,,,Presence,,,Bookkeeping_Outsource_PH,Paused,,freelance bookkeeper philippines,Exact,Paused,,,,,,,,,,,,,,,,,,,,,,,,,,,,,,,,v6 Exact — ST evidence + employer long-tail
573-539-1940,Keyword,VC_AU_S_ROLES,Search,Paused,,Daily,Maximize Clicks,Google Search,,,Presence,,,Bookkeeping_Outsource_PH,Paused,,outsource bookkeeping philippines,Phrase,Paused,,,,,,,,,,,,,,,,,,,,,,,,,,,,,,,,v6 Phrase — discovery from converting ST clusters
573-539-1940,Keyword,VC_AU_S_ROLES,Search,Paused,,Daily,Maximize Clicks,Google Search,,,Presence,,,Bookkeeping_Outsource_PH,Paused,,bookkeeping outsourcing philippines,Phrase,Paused,,,,,,,,,,,,,,,,,,,,,,,,,,,,,,,,v6 Phrase — discovery from converting ST clusters
573-539-1940,Keyword,VC_AU_S_ROLES,Search,Paused,,Daily,Maximize Clicks,Google Search,,,Presence,,,Bookkeeping_Outsource_PH,Paused,,bookkeeping philippines,Phrase,Paused,,,,,,,,,,,,,,,,,,,,,,,,,,,,,,,,v6 Phrase — discovery from converting ST clusters
573-539-1940,Keyword,VC_AU_S_ROLES,Search,Paused,,Daily,Maximize Clicks,Google Search,,,Presence,,,Bookkeeping_Outsource_PH,Paused,,offshore bookkeeper philippines,Phrase,Paused,,,,,,,,,,,,,,,,,,,,,,,,,,,,,,,,v6 Phrase — discovery from converting ST clusters
573-539-1940,Keyword,VC_AU_S_ROLES,Search,Paused,,Daily,Maximize Clicks,Google Search,,,Presence,,,Bookkeeping_Outsource_PH,Paused,,outsource quickbooks bookkeeping,Phrase,Paused,,,,,,,,,,,,,,,,,,,,,,,,,,,,,,,,v6 Phrase — discovery from converting ST clusters
573-539-1940,Keyword,VC_AU_S_ROLES,Search,Paused,,Daily,Maximize Clicks,Google Search,,,Presence,,,Bookkeeping_Outsource_PH,Paused,,philippines bookkeeping staff,Phrase,Paused,,,,,,,,,,,,,,,,,,,,,,,,,,,,,,,,v6 Phrase — discovery from converting ST clusters
573-539-1940,Keyword,VC_AU_S_ROLES,Search,Paused,,Daily,Maximize Clicks,Google Search,,,Presence,,,Bookkeeping_Outsource_PH,Paused,,offshore books team,Phrase,Paused,,,,,,,,,,,,,,,,,,,,,,,,,,,,,,,,v6 Phrase — discovery from converting ST clusters
573-539-1940,Keyword,VC_AU_S_ROLES,Search,Paused,,Daily,Maximize Clicks,Google Search,,,Presence,,,Bookkeeping_Outsource_PH,Paused,,outsourced bookkeeping services,Phrase,Paused,,,,,,,,,,,,,,,,,,,,,,,,,,,,,,,,v6 Phrase — discovery from converting ST clusters
573-539-1940,Ad,VC_AU_S_ROLES,Search,Paused,,Daily,Maximize Clicks,Google Search,,,Presence,,,Bookkeeping_Outsource_PH,Paused,,,,,Paused,Responsive search ad,https://www.virtualcoworker.app/au/bookkeeping,outsource,books,Outsource Bookkeeping PH,Offshore Bookkeeper Hire,Philippines Books Team,AU Books Partner,Dedicated Books Seat,Not Freelance Books,Vetted Bookkeeping Staff,Books Ops Outsourcing,Remote Books Capacity,Employer-Only Intake,Bookkeeper Placement,Predictable Books Coverage,For Australian SMEs,Ongoing Reconciliation,Start Hiring Request,Outsource bookkeeping to dedicated Philippines specialists.,"Keep approval control; we recruit, vet, and support the seat.",Built for Australian employers who want accountable offshore books help.,Partner-led outsourcing with interview-before-placement discipline.,,,,,,,,RSA angle A_partner; full 15/4; tier=controlled; role=Bookkeeping; no invented pricing
573-539-1940,Ad,VC_AU_S_ROLES,Search,Paused,,Daily,Maximize Clicks,Google Search,,,Presence,,,Bookkeeping_Outsource_PH,Paused,,,,,Paused,Responsive search ad,https://www.virtualcoworker.app/au/bookkeeping,offshore,ph,PH Bookkeeping Outsourcing,Outsource QuickBooks Books,Outsource Xero Books,Remote Books Bench,Philippines Books Ops,Scale Books Without Hire,Dedicated Ledger Seats,Fit for Australian SMBs,Month-End Books Staff,Vetted Bookkeeping Seats,Outsource Bank Recs,Offshore Books Management,Partner-Led Books Ops,Interview Then Place,Outsource This Role PH,Add Philippines bookkeeping capacity for weekly and month-end work.,Dedicated seats keep the books current without freelancer churn.,Ask about an outsourcing path for your organisation's books.,For Australian businesses that need dependable remote bookkeepers.,,,,,,,,RSA angle B_capacity; full 15/4; tier=controlled; role=Bookkeeping; no invented pricing
573-539-1940,Ad,VC_AU_S_ROLES,Search,Paused,,Daily,Maximize Clicks,Google Search,,,Presence,,,Bookkeeping_Outsource_PH,Paused,,,,,Paused,Responsive search ad,https://www.virtualcoworker.app/au/bookkeeping,dedicated,books,Dedicated PH Bookkeeper,Same Books Seat Weekly,Accountable Books Support,Philippines Books Continuity,Not Freelance Book Tasks,Offshore Books Ownership,Books Seat You Can Keep,Interview Bookkeeper First,Vetted Weekly Books Seat,Remote Books Ownership,Staffing Not Gig Bundles,Proof in Dedicated Books,Reconciliation Seat PH,Xero QB Seat Dedicated,Request Dedicated Books,Outsource bookkeeping with a dedicated Philippines seat — not task bundles.,Proof is continuity: one vetted bookkeeper you interview before placement.,Built for Australian employers who need accountable offshore books capacity.,"Partner-led seat. Tool fit is confirmed in follow-up, not in the ad.",,,,,,,,RSA angle C_proof; full 15/4; tier=controlled; role=Bookkeeping; no invented pricing
573-539-1940,Ad group,VC_AU_S_ROLES,Search,Paused,,Daily,Maximize Clicks,Google Search,,,Presence,,,Customer_Service_Hire_PH,Paused,,,,,,,,,,,,,,,,,,,,,,,,,,,,,,,,,,,,ROLES controlled — Customer_Service_Hire_PH; category=customer-service
573-539-1940,Keyword,VC_AU_S_ROLES,Search,Paused,,Daily,Maximize Clicks,Google Search,,,Presence,,,Customer_Service_Hire_PH,Paused,,customer service virtual assistant,Exact,Paused,,,,,,,,,,,,,,,,,,,,,,,,,,,,,,,,v6 Exact — ST evidence + employer long-tail
573-539-1940,Keyword,VC_AU_S_ROLES,Search,Paused,,Daily,Maximize Clicks,Google Search,,,Presence,,,Customer_Service_Hire_PH,Paused,,virtual assistant customer service,Exact,Paused,,,,,,,,,,,,,,,,,,,,,,,,,,,,,,,,v6 Exact — ST evidence + employer long-tail
573-539-1940,Keyword,VC_AU_S_ROLES,Search,Paused,,Daily,Maximize Clicks,Google Search,,,Presence,,,Customer_Service_Hire_PH,Paused,,philippines customer service,Exact,Paused,,,,,,,,,,,,,,,,,,,,,,,,,,,,,,,,v6 Exact — ST evidence + employer long-tail
573-539-1940,Keyword,VC_AU_S_ROLES,Search,Paused,,Daily,Maximize Clicks,Google Search,,,Presence,,,Customer_Service_Hire_PH,Paused,,customer service philippines,Exact,Paused,,,,,,,,,,,,,,,,,,,,,,,,,,,,,,,,v6 Exact — ST evidence + employer long-tail
573-539-1940,Keyword,VC_AU_S_ROLES,Search,Paused,,Daily,Maximize Clicks,Google Search,,,Presence,,,Customer_Service_Hire_PH,Paused,,customer support philippines,Exact,Paused,,,,,,,,,,,,,,,,,,,,,,,,,,,,,,,,v6 Exact — ST evidence + employer long-tail
573-539-1940,Keyword,VC_AU_S_ROLES,Search,Paused,,Daily,Maximize Clicks,Google Search,,,Presence,,,Customer_Service_Hire_PH,Paused,,filipino customer service,Exact,Paused,,,,,,,,,,,,,,,,,,,,,,,,,,,,,,,,v6 Exact — ST evidence + employer long-tail
573-539-1940,Keyword,VC_AU_S_ROLES,Search,Paused,,Daily,Maximize Clicks,Google Search,,,Presence,,,Customer_Service_Hire_PH,Paused,,virtual customer service representative,Exact,Paused,,,,,,,,,,,,,,,,,,,,,,,,,,,,,,,,VC_Keywords_Paused_Live · George paused live USA Exact junk/general/job-seeker-y terms; synced from Editor DB ape_4967151855 (Get recent changes). Phrase stays paused (Exact-only bidding). (2026-08-07); was Exact
573-539-1940,Keyword,VC_AU_S_ROLES,Search,Paused,,Daily,Maximize Clicks,Google Search,,,Presence,,,Customer_Service_Hire_PH,Paused,,philippine customer service,Exact,Paused,,,,,,,,,,,,,,,,,,,,,,,,,,,,,,,,v6 Exact — ST evidence + employer long-tail
573-539-1940,Keyword,VC_AU_S_ROLES,Search,Paused,,Daily,Maximize Clicks,Google Search,,,Presence,,,Customer_Service_Hire_PH,Paused,,hire customer service virtual assistant,Exact,Paused,,,,,,,,,,,,,,,,,,,,,,,,,,,,,,,,v6 Exact — ST evidence + employer long-tail
573-539-1940,Keyword,VC_AU_S_ROLES,Search,Paused,,Daily,Maximize Clicks,Google Search,,,Presence,,,Customer_Service_Hire_PH,Paused,,hire filipino customer service,Exact,Paused,,,,,,,,,,,,,,,,,,,,,,,,,,,,,,,,v6 Exact — ST evidence + employer long-tail
573-539-1940,Keyword,VC_AU_S_ROLES,Search,Paused,,Daily,Maximize Clicks,Google Search,,,Presence,,,Customer_Service_Hire_PH,Paused,,hire filipino customer service representative,Exact,Paused,,,,,,,,,,,,,,,,,,,,,,,,,,,,,,,,VC_Keywords_Paused_Live · George paused live USA Exact junk/general/job-seeker-y terms; synced from Editor DB ape_4967151855 (Get recent changes). Phrase stays paused (Exact-only bidding). (2026-08-07); was Exact
573-539-1940,Keyword,VC_AU_S_ROLES,Search,Paused,,Daily,Maximize Clicks,Google Search,,,Presence,,,Customer_Service_Hire_PH,Paused,,hire philippines customer service,Exact,Paused,,,,,,,,,,,,,,,,,,,,,,,,,,,,,,,,v6 Exact — ST evidence + employer long-tail
573-539-1940,Keyword,VC_AU_S_ROLES,Search,Paused,,Daily,Maximize Clicks,Google Search,,,Presence,,,Customer_Service_Hire_PH,Paused,,hire customer support philippines,Exact,Paused,,,,,,,,,,,,,,,,,,,,,,,,,,,,,,,,v6 Exact — ST evidence + employer long-tail
573-539-1940,Keyword,VC_AU_S_ROLES,Search,Paused,,Daily,Maximize Clicks,Google Search,,,Presence,,,Customer_Service_Hire_PH,Paused,,hire remote customer service philippines,Exact,Paused,,,,,,,,,,,,,,,,,,,,,,,,,,,,,,,,VC_Keywords_Paused_Live · George paused live USA Exact junk/general/job-seeker-y terms; synced from Editor DB ape_4967151855 (Get recent changes). Phrase stays paused (Exact-only bidding). (2026-08-07); was Exact
573-539-1940,Keyword,VC_AU_S_ROLES,Search,Paused,,Daily,Maximize Clicks,Google Search,,,Presence,,,Customer_Service_Hire_PH,Paused,,filipino customer service va,Exact,Paused,,,,,,,,,,,,,,,,,,,,,,,,,,,,,,,,v6 Exact — ST evidence + employer long-tail
573-539-1940,Keyword,VC_AU_S_ROLES,Search,Paused,,Daily,Maximize Clicks,Google Search,,,Presence,,,Customer_Service_Hire_PH,Paused,,customer service representative philippines,Exact,Paused,,,,,,,,,,,,,,,,,,,,,,,,,,,,,,,,v6 Exact — ST evidence + employer long-tail
573-539-1940,Keyword,VC_AU_S_ROLES,Search,Paused,,Daily,Maximize Clicks,Google Search,,,Presence,,,Customer_Service_Hire_PH,Paused,,virtual customer service philippines,Exact,Paused,,,,,,,,,,,,,,,,,,,,,,,,,,,,,,,,v6 Exact — ST evidence + employer long-tail
573-539-1940,Keyword,VC_AU_S_ROLES,Search,Paused,,Daily,Maximize Clicks,Google Search,,,Presence,,,Customer_Service_Hire_PH,Paused,,virtual customer support philippines,Exact,Paused,,,,,,,,,,,,,,,,,,,,,,,,,,,,,,,,v6 Exact — ST evidence + employer long-tail
573-539-1940,Keyword,VC_AU_S_ROLES,Search,Paused,,Daily,Maximize Clicks,Google Search,,,Presence,,,Customer_Service_Hire_PH,Paused,,customer care assistant philippines,Exact,Paused,,,,,,,,,,,,,,,,,,,,,,,,,,,,,,,,v6 Exact — ST evidence + employer long-tail
573-539-1940,Keyword,VC_AU_S_ROLES,Search,Paused,,Daily,Maximize Clicks,Google Search,,,Presence,,,Customer_Service_Hire_PH,Paused,,customer service assistant philippines,Exact,Paused,,,,,,,,,,,,,,,,,,,,,,,,,,,,,,,,v6 Exact — ST evidence + employer long-tail
573-539-1940,Keyword,VC_AU_S_ROLES,Search,Paused,,Daily,Maximize Clicks,Google Search,,,Presence,,,Customer_Service_Hire_PH,Paused,,virtual customer service agent,Exact,Paused,,,,,,,,,,,,,,,,,,,,,,,,,,,,,,,,VC_Keywords_Paused_Live · George paused live USA Exact junk/general/job-seeker-y terms; synced from Editor DB ape_4967151855 (Get recent changes). Phrase stays paused (Exact-only bidding). (2026-08-07); was Exact
573-539-1940,Keyword,VC_AU_S_ROLES,Search,Paused,,Daily,Maximize Clicks,Google Search,,,Presence,,,Customer_Service_Hire_PH,Paused,,customer support staff philippines,Exact,Paused,,,,,,,,,,,,,,,,,,,,,,,,,,,,,,,,VC_Keywords_Paused_Live · George paused live USA Exact junk/general/job-seeker-y terms; synced from Editor DB ape_4967151855 (Get recent changes). Phrase stays paused (Exact-only bidding). (2026-08-07); was Exact
573-539-1940,Keyword,VC_AU_S_ROLES,Search,Paused,,Daily,Maximize Clicks,Google Search,,,Presence,,,Customer_Service_Hire_PH,Paused,,filipino customer support hire,Exact,Paused,,,,,,,,,,,,,,,,,,,,,,,,,,,,,,,,VC_Keywords_Paused_Live · George paused live USA Exact junk/general/job-seeker-y terms; synced from Editor DB ape_4967151855 (Get recent changes). Phrase stays paused (Exact-only bidding). (2026-08-07); was Exact
573-539-1940,Keyword,VC_AU_S_ROLES,Search,Paused,,Daily,Maximize Clicks,Google Search,,,Presence,,,Customer_Service_Hire_PH,Paused,,hire chat support philippines,Exact,Paused,,,,,,,,,,,,,,,,,,,,,,,,,,,,,,,,VC_Keywords_Paused_Live · George paused live USA Exact junk/general/job-seeker-y terms; synced from Editor DB ape_4967151855 (Get recent changes). Phrase stays paused (Exact-only bidding). (2026-08-07); was Exact
573-539-1940,Keyword,VC_AU_S_ROLES,Search,Paused,,Daily,Maximize Clicks,Google Search,,,Presence,,,Customer_Service_Hire_PH,Paused,,hire email support va philippines,Exact,Paused,,,,,,,,,,,,,,,,,,,,,,,,,,,,,,,,v6 Exact — ST evidence + employer long-tail
573-539-1940,Keyword,VC_AU_S_ROLES,Search,Paused,,Daily,Maximize Clicks,Google Search,,,Presence,,,Customer_Service_Hire_PH,Paused,,dedicated cs representative philippines,Exact,Paused,,,,,,,,,,,,,,,,,,,,,,,,,,,,,,,,VC_Keywords_Paused_Live · George paused live USA Exact junk/general/job-seeker-y terms; synced from Editor DB ape_4967151855 (Get recent changes). Phrase stays paused (Exact-only bidding). (2026-08-07); was Exact
573-539-1940,Keyword,VC_AU_S_ROLES,Search,Paused,,Daily,Maximize Clicks,Google Search,,,Presence,,,Customer_Service_Hire_PH,Paused,,hire philippines support specialist,Exact,Paused,,,,,,,,,,,,,,,,,,,,,,,,,,,,,,,,v6 Exact — ST evidence + employer long-tail
573-539-1940,Keyword,VC_AU_S_ROLES,Search,Paused,,Daily,Maximize Clicks,Google Search,,,Presence,,,Customer_Service_Hire_PH,Paused,,remote customer support agent philippines,Exact,Paused,,,,,,,,,,,,,,,,,,,,,,,,,,,,,,,,VC_Keywords_Paused_Live · George paused live USA Exact junk/general/job-seeker-y terms; synced from Editor DB ape_4967151855 (Get recent changes). Phrase stays paused (Exact-only bidding). (2026-08-07); was Exact
573-539-1940,Keyword,VC_AU_S_ROLES,Search,Paused,,Daily,Maximize Clicks,Google Search,,,Presence,,,Customer_Service_Hire_PH,Paused,,filipino call support staff hire,Exact,Paused,,,,,,,,,,,,,,,,,,,,,,,,,,,,,,,,VC_Keywords_Paused_Live · George paused live USA Exact junk/general/job-seeker-y terms; synced from Editor DB ape_4967151855 (Get recent changes). Phrase stays paused (Exact-only bidding). (2026-08-07); was Exact
573-539-1940,Keyword,VC_AU_S_ROLES,Search,Paused,,Daily,Maximize Clicks,Google Search,,,Presence,,,Customer_Service_Hire_PH,Paused,,hire bilingual english support philippines,Exact,Paused,,,,,,,,,,,,,,,,,,,,,,,,,,,,,,,,VC_Keywords_Paused_Live · George paused live USA Exact junk/general/job-seeker-y terms; synced from Editor DB ape_4967151855 (Get recent changes). Phrase stays paused (Exact-only bidding). (2026-08-07); was Exact
573-539-1940,Keyword,VC_AU_S_ROLES,Search,Paused,,Daily,Maximize Clicks,Google Search,,,Presence,,,Customer_Service_Hire_PH,Paused,,customer service staff philippines hire,Exact,Paused,,,,,,,,,,,,,,,,,,,,,,,,,,,,,,,,VC_Keywords_Paused_Live · George paused live USA Exact junk/general/job-seeker-y terms; synced from Editor DB ape_4967151855 (Get recent changes). Phrase stays paused (Exact-only bidding). (2026-08-07); was Exact
573-539-1940,Keyword,VC_AU_S_ROLES,Search,Paused,,Daily,Maximize Clicks,Google Search,,,Presence,,,Customer_Service_Hire_PH,Paused,,customer service hire,Exact,Paused,,,,,,,,,,,,,,,,,,,,,,,,,,,,,,,,VC_Keywords_Paused_Live · George paused live USA Exact junk/general/job-seeker-y terms; synced from Editor DB ape_4967151855 (Get recent changes). Phrase stays paused (Exact-only bidding). (2026-08-07); was Exact
573-539-1940,Keyword,VC_AU_S_ROLES,Search,Paused,,Daily,Maximize Clicks,Google Search,,,Presence,,,Customer_Service_Hire_PH,Paused,,live chat support agent philippines,Exact,Paused,,,,,,,,,,,,,,,,,,,,,,,,,,,,,,,,VC_Keywords_Paused_Live · George paused live USA Exact junk/general/job-seeker-y terms; synced from Editor DB ape_4967151855 (Get recent changes). Phrase stays paused (Exact-only bidding). (2026-08-07); was Exact
573-539-1940,Keyword,VC_AU_S_ROLES,Search,Paused,,Daily,Maximize Clicks,Google Search,,,Presence,,,Customer_Service_Hire_PH,Paused,,hire customer service virtual assistant,Phrase,Paused,,,,,,,,,,,,,,,,,,,,,,,,,,,,,,,,v6 Phrase — discovery from converting ST clusters
573-539-1940,Keyword,VC_AU_S_ROLES,Search,Paused,,Daily,Maximize Clicks,Google Search,,,Presence,,,Customer_Service_Hire_PH,Paused,,hire filipino customer service,Phrase,Paused,,,,,,,,,,,,,,,,,,,,,,,,,,,,,,,,v6 Phrase — discovery from converting ST clusters
573-539-1940,Keyword,VC_AU_S_ROLES,Search,Paused,,Daily,Maximize Clicks,Google Search,,,Presence,,,Customer_Service_Hire_PH,Paused,,customer service philippines hire,Phrase,Paused,,,,,,,,,,,,,,,,,,,,,,,,,,,,,,,,v6 Phrase — discovery from converting ST clusters
573-539-1940,Keyword,VC_AU_S_ROLES,Search,Paused,,Daily,Maximize Clicks,Google Search,,,Presence,,,Customer_Service_Hire_PH,Paused,,customer service virtual assistant,Phrase,Paused,,,,,,,,,,,,,,,,,,,,,,,,,,,,,,,,v6 Phrase — discovery from converting ST clusters
573-539-1940,Keyword,VC_AU_S_ROLES,Search,Paused,,Daily,Maximize Clicks,Google Search,,,Presence,,,Customer_Service_Hire_PH,Paused,,filipino customer support,Phrase,Paused,,,,,,,,,,,,,,,,,,,,,,,,,,,,,,,,v6 Phrase — discovery from converting ST clusters
573-539-1940,Keyword,VC_AU_S_ROLES,Search,Paused,,Daily,Maximize Clicks,Google Search,,,Presence,,,Customer_Service_Hire_PH,Paused,,hire chat support philippines,Phrase,Paused,,,,,,,,,,,,,,,,,,,,,,,,,,,,,,,,VC_Keywords_Paused_Live · George paused live USA Exact junk/general/job-seeker-y terms; synced from Editor DB ape_4967151855 (Get recent changes). Phrase stays paused (Exact-only bidding). (2026-08-07); was Phrase
573-539-1940,Keyword,VC_AU_S_ROLES,Search,Paused,,Daily,Maximize Clicks,Google Search,,,Presence,,,Customer_Service_Hire_PH,Paused,,virtual customer service philippines,Phrase,Paused,,,,,,,,,,,,,,,,,,,,,,,,,,,,,,,,v6 Phrase — discovery from converting ST clusters
573-539-1940,Keyword,VC_AU_S_ROLES,Search,Paused,,Daily,Maximize Clicks,Google Search,,,Presence,,,Customer_Service_Hire_PH,Paused,,hire remote customer support,Phrase,Paused,,,,,,,,,,,,,,,,,,,,,,,,,,,,,,,,v6 Phrase — discovery from converting ST clusters
573-539-1940,Keyword,VC_AU_S_ROLES,Search,Paused,,Daily,Maximize Clicks,Google Search,,,Presence,,,Customer_Service_Hire_PH,Paused,,philippines customer service staff,Phrase,Paused,,,,,,,,,,,,,,,,,,,,,,,,,,,,,,,,v6 Phrase — discovery from converting ST clusters
573-539-1940,Keyword,VC_AU_S_ROLES,Search,Paused,,Daily,Maximize Clicks,Google Search,,,Presence,,,Customer_Service_Hire_PH,Paused,,philippines customer service,Phrase,Paused,,,,,,,,,,,,,,,,,,,,,,,,,,,,,,,,v6 Phrase — discovery from converting ST clusters
573-539-1940,Ad,VC_AU_S_ROLES,Search,Paused,,Daily,Maximize Clicks,Google Search,,,Presence,,,Customer_Service_Hire_PH,Paused,,,,,Paused,Responsive search ad,https://www.virtualcoworker.app/au/customer-service,support,hire,Hire Customer Service PH,Filipino Support Hire,CS Virtual Assistant,AU Support Staffing,Vetted CS Shortlist,Interview Support Finalists,Dedicated Support Seat,Chat & Email VA Hire,Remote CS Specialist,Employer Hiring Path,Customer Care Philippines,Not Freelance Support,Built for Australian SMEs,Ongoing Support Capacity,Tell Us Who You Need,Hire dedicated Filipino customer service staff through a staffing partner.,"You interview the shortlist; we recruit, vet, and support placement.",For Australian employers who need reliable remote support coverage.,Ongoing CS capacity — not rotating freelance agents.,,,,,,,,RSA angle A_staffing; full 15/4; tier=controlled; role=Customer Service; no invented pricing
573-539-1940,Ad,VC_AU_S_ROLES,Search,Paused,,Daily,Maximize Clicks,Google Search,,,Presence,,,Customer_Service_Hire_PH,Paused,,,,,Paused,Responsive search ad,https://www.virtualcoworker.app/au/customer-service,support,va,{KeyWord:Hire CS Support},Hire Chat Support PH,Email Support VA Hire,Filipino Support Agent,Helpdesk Assistant PH,Ticket Triage VA,Scale Support Bandwidth,Australian Support Teams,Philippines CS Talent,Dedicated Care Capacity,Partner-Managed Hire,Interview-Ready Agents,Clear Employer Process,Remote Customer Care,Request Hiring Shortlist,Fill customer service roles with vetted Philippines specialists.,"Coverage for inbox, chat, and customer care workflows.",Staffing support shaped for your Australian business support queue.,We specialise in remote support hires for employers.,,,,,,,,RSA angle B_role; full 15/4; tier=controlled; role=Customer Service; no invented pricing
573-539-1940,Ad,VC_AU_S_ROLES,Search,Paused,,Daily,Maximize Clicks,Google Search,,,Presence,,,Customer_Service_Hire_PH,Paused,,,,,Paused,Responsive search ad,https://www.virtualcoworker.app/au/customer-service,shortlist,cs,Shortlist Support Agents,Vetted CS Finalists,Support Hire Shortlist,Recruit CS Then Interview,PH Support Screening,Skip Freelance Agents,Support Role to Shortlist,Get CS Candidates Ready,Employer Support Hire Path,Screened Chat Email Help,Helpdesk Hire Pipeline,CS Seat Shortlist,Staffing Pipeline Support,Interview-Ready Agents,Ask for Support Shortlist,Need customer service staff? We recruit and screen Philippines support talent.,Shortlist-first hiring: you interview; we source and vet CS finalists.,Speed means a ready staffing pipeline — not an SLA promise.,Tell us the support seat. Review vetted agents before you hire.,,,,,,,,RSA angle C_speed; full 15/4; tier=controlled; role=Customer Service; no invented pricing
573-539-1940,Ad group,VC_AU_S_ROLES,Search,Paused,,Daily,Maximize Clicks,Google Search,,,Presence,,,Customer_Service_Outsource_PH,Paused,,,,,,,,,,,,,,,,,,,,,,,,,,,,,,,,,,,,ROLES controlled — Customer_Service_Outsource_PH; category=customer-service
573-539-1940,Keyword,VC_AU_S_ROLES,Search,Paused,,Daily,Maximize Clicks,Google Search,,,Presence,,,Customer_Service_Outsource_PH,Paused,,outsource customer service,Exact,Paused,,,,,,,,,,,,,,,,,,,,,,,,,,,,,,,,v6 Exact — ST evidence + employer long-tail
573-539-1940,Keyword,VC_AU_S_ROLES,Search,Paused,,Daily,Maximize Clicks,Google Search,,,Presence,,,Customer_Service_Outsource_PH,Paused,,outsource customer service philippines,Exact,Paused,,,,,,,,,,,,,,,,,,,,,,,,,,,,,,,,v6 Exact — ST evidence + employer long-tail
573-539-1940,Keyword,VC_AU_S_ROLES,Search,Paused,,Daily,Maximize Clicks,Google Search,,,Presence,,,Customer_Service_Outsource_PH,Paused,,customer support outsourcing philippines,Exact,Paused,,,,,,,,,,,,,,,,,,,,,,,,,,,,,,,,v6 Exact — ST evidence + employer long-tail
573-539-1940,Keyword,VC_AU_S_ROLES,Search,Paused,,Daily,Maximize Clicks,Google Search,,,Presence,,,Customer_Service_Outsource_PH,Paused,,offshore customer service philippines,Exact,Paused,,,,,,,,,,,,,,,,,,,,,,,,,,,,,,,,v6 Exact — ST evidence + employer long-tail
573-539-1940,Keyword,VC_AU_S_ROLES,Search,Paused,,Daily,Maximize Clicks,Google Search,,,Presence,,,Customer_Service_Outsource_PH,Paused,,customer service outsourcing philippines,Exact,Paused,,,,,,,,,,,,,,,,,,,,,,,,,,,,,,,,v6 Exact — ST evidence + employer long-tail
573-539-1940,Keyword,VC_AU_S_ROLES,Search,Paused,,Daily,Maximize Clicks,Google Search,,,Presence,,,Customer_Service_Outsource_PH,Paused,,outsource customer support philippines,Exact,Paused,,,,,,,,,,,,,,,,,,,,,,,,,,,,,,,,v6 Exact — ST evidence + employer long-tail
573-539-1940,Keyword,VC_AU_S_ROLES,Search,Paused,,Daily,Maximize Clicks,Google Search,,,Presence,,,Customer_Service_Outsource_PH,Paused,,philippines customer service outsourcing,Exact,Paused,,,,,,,,,,,,,,,,,,,,,,,,,,,,,,,,v6 Exact — ST evidence + employer long-tail
573-539-1940,Keyword,VC_AU_S_ROLES,Search,Paused,,Daily,Maximize Clicks,Google Search,,,Presence,,,Customer_Service_Outsource_PH,Paused,,customer service agency philippines,Exact,Paused,,,,,,,,,,,,,,,,,,,,,,,,,,,,,,,,v6 Exact — ST evidence + employer long-tail
573-539-1940,Keyword,VC_AU_S_ROLES,Search,Paused,,Daily,Maximize Clicks,Google Search,,,Presence,,,Customer_Service_Outsource_PH,Paused,,remote support team philippines,Exact,Paused,,,,,,,,,,,,,,,,,,,,,,,,,,,,,,,,v6 Exact — ST evidence + employer long-tail
573-539-1940,Keyword,VC_AU_S_ROLES,Search,Paused,,Daily,Maximize Clicks,Google Search,,,Presence,,,Customer_Service_Outsource_PH,Paused,,dedicated support staff philippines,Exact,Paused,,,,,,,,,,,,,,,,,,,,,,,,,,,,,,,,VC_Keywords_Paused_Live · George paused live USA Exact junk/general/job-seeker-y terms; synced from Editor DB ape_4967151855 (Get recent changes). Phrase stays paused (Exact-only bidding). (2026-08-07); was Exact
573-539-1940,Keyword,VC_AU_S_ROLES,Search,Paused,,Daily,Maximize Clicks,Google Search,,,Presence,,,Customer_Service_Outsource_PH,Paused,,outsource chat support philippines,Exact,Paused,,,,,,,,,,,,,,,,,,,,,,,,,,,,,,,,v6 Exact — ST evidence + employer long-tail
573-539-1940,Keyword,VC_AU_S_ROLES,Search,Paused,,Daily,Maximize Clicks,Google Search,,,Presence,,,Customer_Service_Outsource_PH,Paused,,outsource helpdesk philippines,Exact,Paused,,,,,,,,,,,,,,,,,,,,,,,,,,,,,,,,VC_Keywords_Paused_Live · George paused live USA Exact junk/general/job-seeker-y terms; synced from Editor DB ape_4967151855 (Get recent changes). Phrase stays paused (Exact-only bidding). (2026-08-07); was Exact
573-539-1940,Keyword,VC_AU_S_ROLES,Search,Paused,,Daily,Maximize Clicks,Google Search,,,Presence,,,Customer_Service_Outsource_PH,Paused,,filipino support team for hire,Exact,Paused,,,,,,,,,,,,,,,,,,,,,,,,,,,,,,,,VC_Keywords_Paused_Live · George paused live USA Exact junk/general/job-seeker-y terms; synced from Editor DB ape_4967151855 (Get recent changes). Phrase stays paused (Exact-only bidding). (2026-08-07); was Exact
573-539-1940,Keyword,VC_AU_S_ROLES,Search,Paused,,Daily,Maximize Clicks,Google Search,,,Presence,,,Customer_Service_Outsource_PH,Paused,,offshore customer care philippines,Exact,Paused,,,,,,,,,,,,,,,,,,,,,,,,,,,,,,,,VC_Keywords_Paused_Live · George paused live USA Exact junk/general/job-seeker-y terms; synced from Editor DB ape_4967151855 (Get recent changes). Phrase stays paused (Exact-only bidding). (2026-08-07); was Exact
573-539-1940,Keyword,VC_AU_S_ROLES,Search,Paused,,Daily,Maximize Clicks,Google Search,,,Presence,,,Customer_Service_Outsource_PH,Paused,,hire outsourced customer service,Exact,Paused,,,,,,,,,,,,,,,,,,,,,,,,,,,,,,,,v6 Exact — ST evidence + employer long-tail
573-539-1940,Keyword,VC_AU_S_ROLES,Search,Paused,,Daily,Maximize Clicks,Google Search,,,Presence,,,Customer_Service_Outsource_PH,Paused,,smb customer support outsourcing ph,Exact,Paused,,,,,,,,,,,,,,,,,,,,,,,,,,,,,,,,VC_Keywords_Paused_Live · George paused live USA Exact junk/general/job-seeker-y terms; synced from Editor DB ape_4967151855 (Get recent changes). Phrase stays paused (Exact-only bidding). (2026-08-07); was Exact
573-539-1940,Keyword,VC_AU_S_ROLES,Search,Paused,,Daily,Maximize Clicks,Google Search,,,Presence,,,Customer_Service_Outsource_PH,Paused,,outsource inbox support philippines,Exact,Paused,,,,,,,,,,,,,,,,,,,,,,,,,,,,,,,,VC_Keywords_Paused_Live · George paused live USA Exact junk/general/job-seeker-y terms; synced from Editor DB ape_4967151855 (Get recent changes). Phrase stays paused (Exact-only bidding). (2026-08-07); was Exact
573-539-1940,Keyword,VC_AU_S_ROLES,Search,Paused,,Daily,Maximize Clicks,Google Search,,,Presence,,,Customer_Service_Outsource_PH,Paused,,customer care outsourcing philippines,Exact,Paused,,,,,,,,,,,,,,,,,,,,,,,,,,,,,,,,v6 Exact — ST evidence + employer long-tail
573-539-1940,Keyword,VC_AU_S_ROLES,Search,Paused,,Daily,Maximize Clicks,Google Search,,,Presence,,,Customer_Service_Outsource_PH,Paused,,offshore support agent philippines,Exact,Paused,,,,,,,,,,,,,,,,,,,,,,,,,,,,,,,,VC_Keywords_Paused_Live · George paused live USA Exact junk/general/job-seeker-y terms; synced from Editor DB ape_4967151855 (Get recent changes). Phrase stays paused (Exact-only bidding). (2026-08-07); was Exact
573-539-1940,Keyword,VC_AU_S_ROLES,Search,Paused,,Daily,Maximize Clicks,Google Search,,,Presence,,,Customer_Service_Outsource_PH,Paused,,outsource ticket support philippines,Exact,Paused,,,,,,,,,,,,,,,,,,,,,,,,,,,,,,,,VC_Keywords_Paused_Live · George paused live USA Exact junk/general/job-seeker-y terms; synced from Editor DB ape_4967151855 (Get recent changes). Phrase stays paused (Exact-only bidding). (2026-08-07); was Exact
573-539-1940,Keyword,VC_AU_S_ROLES,Search,Paused,,Daily,Maximize Clicks,Google Search,,,Presence,,,Customer_Service_Outsource_PH,Paused,,philippines english support outsourcing,Exact,Paused,,,,,,,,,,,,,,,,,,,,,,,,,,,,,,,,VC_Keywords_Paused_Live · George paused live USA Exact junk/general/job-seeker-y terms; synced from Editor DB ape_4967151855 (Get recent changes). Phrase stays paused (Exact-only bidding). (2026-08-07); was Exact
573-539-1940,Keyword,VC_AU_S_ROLES,Search,Paused,,Daily,Maximize Clicks,Google Search,,,Presence,,,Customer_Service_Outsource_PH,Paused,,remote customer care team philippines,Exact,Paused,,,,,,,,,,,,,,,,,,,,,,,,,,,,,,,,VC_Keywords_Paused_Live · George paused live USA Exact junk/general/job-seeker-y terms; synced from Editor DB ape_4967151855 (Get recent changes). Phrase stays paused (Exact-only bidding). (2026-08-07); was Exact
573-539-1940,Keyword,VC_AU_S_ROLES,Search,Paused,,Daily,Maximize Clicks,Google Search,,,Presence,,,Customer_Service_Outsource_PH,Paused,,support ops staffing philippines,Exact,Paused,,,,,,,,,,,,,,,,,,,,,,,,,,,,,,,,VC_Keywords_Paused_Live · George paused live USA Exact junk/general/job-seeker-y terms; synced from Editor DB ape_4967151855 (Get recent changes). Phrase stays paused (Exact-only bidding). (2026-08-07); was Exact
573-539-1940,Keyword,VC_AU_S_ROLES,Search,Paused,,Daily,Maximize Clicks,Google Search,,,Presence,,,Customer_Service_Outsource_PH,Paused,,outsource ecommerce customer service,Exact,Paused,,,,,,,,,,,,,,,,,,,,,,,,,,,,,,,,v6 Exact — ST evidence + employer long-tail
573-539-1940,Keyword,VC_AU_S_ROLES,Search,Paused,,Daily,Maximize Clicks,Google Search,,,Presence,,,Customer_Service_Outsource_PH,Paused,,outsource customer service for small business,Exact,Paused,,,,,,,,,,,,,,,,,,,,,,,,,,,,,,,,v6 Exact — ST evidence + employer long-tail
573-539-1940,Keyword,VC_AU_S_ROLES,Search,Paused,,Daily,Maximize Clicks,Google Search,,,Presence,,,Customer_Service_Outsource_PH,Paused,,outsource customer service philippines,Phrase,Paused,,,,,,,,,,,,,,,,,,,,,,,,,,,,,,,,v6 Phrase — discovery from converting ST clusters
573-539-1940,Keyword,VC_AU_S_ROLES,Search,Paused,,Daily,Maximize Clicks,Google Search,,,Presence,,,Customer_Service_Outsource_PH,Paused,,outsource customer service,Phrase,Paused,,,,,,,,,,,,,,,,,,,,,,,,,,,,,,,,v6 Phrase — discovery from converting ST clusters
573-539-1940,Keyword,VC_AU_S_ROLES,Search,Paused,,Daily,Maximize Clicks,Google Search,,,Presence,,,Customer_Service_Outsource_PH,Paused,,customer support outsourcing philippines,Phrase,Paused,,,,,,,,,,,,,,,,,,,,,,,,,,,,,,,,v6 Phrase — discovery from converting ST clusters
573-539-1940,Keyword,VC_AU_S_ROLES,Search,Paused,,Daily,Maximize Clicks,Google Search,,,Presence,,,Customer_Service_Outsource_PH,Paused,,offshore customer service,Phrase,Paused,,,,,,,,,,,,,,,,,,,,,,,,,,,,,,,,v6 Phrase — discovery from converting ST clusters
573-539-1940,Keyword,VC_AU_S_ROLES,Search,Paused,,Daily,Maximize Clicks,Google Search,,,Presence,,,Customer_Service_Outsource_PH,Paused,,outsource chat support,Phrase,Paused,,,,,,,,,,,,,,,,,,,,,,,,,,,,,,,,v6 Phrase — discovery from converting ST clusters
573-539-1940,Keyword,VC_AU_S_ROLES,Search,Paused,,Daily,Maximize Clicks,Google Search,,,Presence,,,Customer_Service_Outsource_PH,Paused,,philippines support team,Phrase,Paused,,,,,,,,,,,,,,,,,,,,,,,,,,,,,,,,v6 Phrase — discovery from converting ST clusters
573-539-1940,Keyword,VC_AU_S_ROLES,Search,Paused,,Daily,Maximize Clicks,Google Search,,,Presence,,,Customer_Service_Outsource_PH,Paused,,offshore customer care,Phrase,Paused,,,,,,,,,,,,,,,,,,,,,,,,,,,,,,,,v6 Phrase — discovery from converting ST clusters
573-539-1940,Keyword,VC_AU_S_ROLES,Search,Paused,,Daily,Maximize Clicks,Google Search,,,Presence,,,Customer_Service_Outsource_PH,Paused,,outsourced helpdesk philippines,Phrase,Paused,,,,,,,,,,,,,,,,,,,,,,,,,,,,,,,,v6 Phrase — discovery from converting ST clusters
573-539-1940,Keyword,VC_AU_S_ROLES,Search,Paused,,Daily,Maximize Clicks,Google Search,,,Presence,,,Customer_Service_Outsource_PH,Paused,,philippines customer service outsourcing,Phrase,Paused,,,,,,,,,,,,,,,,,,,,,,,,,,,,,,,,v6 Phrase — discovery from converting ST clusters
573-539-1940,Ad,VC_AU_S_ROLES,Search,Paused,,Daily,Maximize Clicks,Google Search,,,Presence,,,Customer_Service_Outsource_PH,Paused,,,,,Paused,Responsive search ad,https://www.virtualcoworker.app/au/customer-service,outsource,cs,Outsource Customer Service,Offshore Support Philippines,CS Ops Outsourcing,AU Support Partner,Dedicated Support Seat,Not Gig Support Bench,Vetted Support Staff,Helpdesk Outsourcing PH,Remote Care Capacity,Employer-Only Intake,Support Staff Placement,Predictable Coverage,For Australian SMEs,Ongoing Ticket Capacity,Start Hiring Request,Outsource customer service to dedicated Philippines specialists.,"Keep quality standards while we recruit, vet, and support the seat.",Built for Australian employers scaling support without local hiring overhead.,Partner-led outsourcing with interview-before-placement discipline.,,,,,,,,RSA angle A_partner; full 15/4; tier=controlled; role=Customer Service; no invented pricing
573-539-1940,Ad,VC_AU_S_ROLES,Search,Paused,,Daily,Maximize Clicks,Google Search,,,Presence,,,Customer_Service_Outsource_PH,Paused,,,,,Paused,Responsive search ad,https://www.virtualcoworker.app/au/customer-service,offshore,ph,PH Support Outsourcing,Outsource Chat Support,Outsource Email Support,Customer Care Philippines,Remote Support Bench,Scale Support Without Hire,Dedicated Agent Seats,Fit for Australian Brands,Ticket Ops Staffing,Vetted Support Seats,Outsource Helpdesk Ops,Offshore Customer Care,Partner-Led Support Ops,Interview Then Place,Outsource This Role PH,"Add Philippines support capacity for chat, email, and ticket workflows.",Dedicated seats keep response times steady without freelancer churn.,Ask about an outsourcing path for your organisation's support.,For Australian businesses that need dependable remote customer care.,,,,,,,,RSA angle B_capacity; full 15/4; tier=controlled; role=Customer Service; no invented pricing
573-539-1940,Ad,VC_AU_S_ROLES,Search,Paused,,Daily,Maximize Clicks,Google Search,,,Presence,,,Customer_Service_Outsource_PH,Paused,,,,,Paused,Responsive search ad,https://www.virtualcoworker.app/au/customer-service,dedicated,cs,Dedicated PH Support Seat,Same Agent Coverage Daily,Accountable Care Capacity,Philippines Support Continuity,Not Rotating Gig Agents,Offshore Support Ownership,Support Seat You Keep,Interview Agents Then Place,Vetted Helpdesk Seat PH,Remote Care Ownership,Staffing Not Gig Support,Proof in Dedicated CS,Ticket Seat From PH,Chat Email Seat Dedicated,Request Dedicated Support,Outsource support with a dedicated Philippines seat — not rotating agents.,Proof is continuity: one vetted support seat you interview first.,Built for Australian employers who need accountable offshore customer care.,Partner-led model. Response-time and CSAT goals set after we talk.,,,,,,,,RSA angle C_proof; full 15/4; tier=controlled; role=Customer Service; no invented pricing
573-539-1940,Ad group,VC_AU_S_ROLES,Search,Paused,,Daily,Maximize Clicks,Google Search,,,Presence,,,Human_Resources_Hire_PH,Paused,,,,,,,,,,,,,,,,,,,,,,,,,,,,,,,,,,,,ROLES controlled — Human_Resources_Hire_PH; category=hr
573-539-1940,Keyword,VC_AU_S_ROLES,Search,Paused,,Daily,Maximize Clicks,Google Search,,,Presence,,,Human_Resources_Hire_PH,Paused,,human resources virtual assistant,Exact,Paused,,,,,,,,,,,,,,,,,,,,,,,,,,,,,,,,v6 Exact — ST evidence + employer long-tail
573-539-1940,Keyword,VC_AU_S_ROLES,Search,Paused,,Daily,Maximize Clicks,Google Search,,,Presence,,,Human_Resources_Hire_PH,Paused,,hr virtual assistants,Exact,Paused,,,,,,,,,,,,,,,,,,,,,,,,,,,,,,,,v6 Exact — ST evidence + employer long-tail
573-539-1940,Keyword,VC_AU_S_ROLES,Search,Paused,,Daily,Maximize Clicks,Google Search,,,Presence,,,Human_Resources_Hire_PH,Paused,,virtual assistant hr,Exact,Paused,,,,,,,,,,,,,,,,,,,,,,,,,,,,,,,,v6 Exact — ST evidence + employer long-tail
573-539-1940,Keyword,VC_AU_S_ROLES,Search,Paused,,Daily,Maximize Clicks,Google Search,,,Presence,,,Human_Resources_Hire_PH,Paused,,hr virtual assistant,Exact,Paused,,,,,,,,,,,,,,,,,,,,,,,,,,,,,,,,v6 Exact — ST evidence + employer long-tail
573-539-1940,Keyword,VC_AU_S_ROLES,Search,Paused,,Daily,Maximize Clicks,Google Search,,,Presence,,,Human_Resources_Hire_PH,Paused,,hire virtual hr assistant,Exact,Paused,,,,,,,,,,,,,,,,,,,,,,,,,,,,,,,,v6 Exact — ST evidence + employer long-tail
573-539-1940,Keyword,VC_AU_S_ROLES,Search,Paused,,Daily,Maximize Clicks,Google Search,,,Presence,,,Human_Resources_Hire_PH,Paused,,hire hr assistant philippines,Exact,Paused,,,,,,,,,,,,,,,,,,,,,,,,,,,,,,,,VC_Keywords_Paused_Live · George paused live USA Exact junk/general/job-seeker-y terms; synced from Editor DB ape_4967151855 (Get recent changes). Phrase stays paused (Exact-only bidding). (2026-08-07); was Exact
573-539-1940,Keyword,VC_AU_S_ROLES,Search,Paused,,Daily,Maximize Clicks,Google Search,,,Presence,,,Human_Resources_Hire_PH,Paused,,hire filipino hr assistant,Exact,Paused,,,,,,,,,,,,,,,,,,,,,,,,,,,,,,,,VC_Keywords_Paused_Live · George paused live USA Exact junk/general/job-seeker-y terms; synced from Editor DB ape_4967151855 (Get recent changes). Phrase stays paused (Exact-only bidding). (2026-08-07); was Exact
573-539-1940,Keyword,VC_AU_S_ROLES,Search,Paused,,Daily,Maximize Clicks,Google Search,,,Presence,,,Human_Resources_Hire_PH,Paused,,hire human resources assistant philippines,Exact,Paused,,,,,,,,,,,,,,,,,,,,,,,,,,,,,,,,VC_Keywords_Paused_Live · George paused live USA Exact junk/general/job-seeker-y terms; synced from Editor DB ape_4967151855 (Get recent changes). Phrase stays paused (Exact-only bidding). (2026-08-07); was Exact
573-539-1940,Keyword,VC_AU_S_ROLES,Search,Paused,,Daily,Maximize Clicks,Google Search,,,Presence,,,Human_Resources_Hire_PH,Paused,,hire hr coordinator philippines,Exact,Paused,,,,,,,,,,,,,,,,,,,,,,,,,,,,,,,,VC_Keywords_Paused_Live · George paused live USA Exact junk/general/job-seeker-y terms; synced from Editor DB ape_4967151855 (Get recent changes). Phrase stays paused (Exact-only bidding). (2026-08-07); was Exact
573-539-1940,Keyword,VC_AU_S_ROLES,Search,Paused,,Daily,Maximize Clicks,Google Search,,,Presence,,,Human_Resources_Hire_PH,Paused,,hire remote hr staff,Exact,Paused,,,,,,,,,,,,,,,,,,,,,,,,,,,,,,,,VC_Keywords_Paused_Live · George paused live USA Exact junk/general/job-seeker-y terms; synced from Editor DB ape_4967151855 (Get recent changes). Phrase stays paused (Exact-only bidding). (2026-08-07); was Exact
573-539-1940,Keyword,VC_AU_S_ROLES,Search,Paused,,Daily,Maximize Clicks,Google Search,,,Presence,,,Human_Resources_Hire_PH,Paused,,hire payroll assistant philippines,Exact,Paused,,,,,,,,,,,,,,,,,,,,,,,,,,,,,,,,VC_Keywords_Paused_Live · George paused live USA Exact junk/general/job-seeker-y terms; synced from Editor DB ape_4967151855 (Get recent changes). Phrase stays paused (Exact-only bidding). (2026-08-07); was Exact
573-539-1940,Keyword,VC_AU_S_ROLES,Search,Paused,,Daily,Maximize Clicks,Google Search,,,Presence,,,Human_Resources_Hire_PH,Paused,,filipino virtual hr assistant,Exact,Paused,,,,,,,,,,,,,,,,,,,,,,,,,,,,,,,,VC_Keywords_Paused_Live · George paused live USA Exact junk/general/job-seeker-y terms; synced from Editor DB ape_4967151855 (Get recent changes). Phrase stays paused (Exact-only bidding). (2026-08-07); was Exact
573-539-1940,Keyword,VC_AU_S_ROLES,Search,Paused,,Daily,Maximize Clicks,Google Search,,,Presence,,,Human_Resources_Hire_PH,Paused,,virtual hr assistant philippines,Exact,Paused,,,,,,,,,,,,,,,,,,,,,,,,,,,,,,,,v6 Exact — ST evidence + employer long-tail
573-539-1940,Keyword,VC_AU_S_ROLES,Search,Paused,,Daily,Maximize Clicks,Google Search,,,Presence,,,Human_Resources_Hire_PH,Paused,,filipino hr assistant,Exact,Paused,,,,,,,,,,,,,,,,,,,,,,,,,,,,,,,,VC_Keywords_Paused_Live · George paused live USA Exact junk/general/job-seeker-y terms; synced from Editor DB ape_4967151855 (Get recent changes). Phrase stays paused (Exact-only bidding). (2026-08-07); was Exact
573-539-1940,Keyword,VC_AU_S_ROLES,Search,Paused,,Daily,Maximize Clicks,Google Search,,,Presence,,,Human_Resources_Hire_PH,Paused,,hr virtual assistant philippines,Exact,Paused,,,,,,,,,,,,,,,,,,,,,,,,,,,,,,,,v6 Exact — ST evidence + employer long-tail
573-539-1940,Keyword,VC_AU_S_ROLES,Search,Paused,,Daily,Maximize Clicks,Google Search,,,Presence,,,Human_Resources_Hire_PH,Paused,,human resources assistant philippines,Exact,Paused,,,,,,,,,,,,,,,,,,,,,,,,,,,,,,,,VC_Keywords_Paused_Live · George paused live USA Exact junk/general/job-seeker-y terms; synced from Editor DB ape_4967151855 (Get recent changes). Phrase stays paused (Exact-only bidding). (2026-08-07); was Exact
573-539-1940,Keyword,VC_AU_S_ROLES,Search,Paused,,Daily,Maximize Clicks,Google Search,,,Presence,,,Human_Resources_Hire_PH,Paused,,virtual human resources assistant,Exact,Paused,,,,,,,,,,,,,,,,,,,,,,,,,,,,,,,,v6 Exact — ST evidence + employer long-tail
573-539-1940,Keyword,VC_AU_S_ROLES,Search,Paused,,Daily,Maximize Clicks,Google Search,,,Presence,,,Human_Resources_Hire_PH,Paused,,filipino human resources assistant,Exact,Paused,,,,,,,,,,,,,,,,,,,,,,,,,,,,,,,,VC_Keywords_Paused_Live · George paused live USA Exact junk/general/job-seeker-y terms; synced from Editor DB ape_4967151855 (Get recent changes). Phrase stays paused (Exact-only bidding). (2026-08-07); was Exact
573-539-1940,Keyword,VC_AU_S_ROLES,Search,Paused,,Daily,Maximize Clicks,Google Search,,,Presence,,,Human_Resources_Hire_PH,Paused,,remote hr assistant philippines,Exact,Paused,,,,,,,,,,,,,,,,,,,,,,,,,,,,,,,,VC_Keywords_Paused_Live · George paused live USA Exact junk/general/job-seeker-y terms; synced from Editor DB ape_4967151855 (Get recent changes). Phrase stays paused (Exact-only bidding). (2026-08-07); was Exact
573-539-1940,Keyword,VC_AU_S_ROLES,Search,Paused,,Daily,Maximize Clicks,Google Search,,,Presence,,,Human_Resources_Hire_PH,Paused,,virtual payroll assistant philippines,Exact,Paused,,,,,,,,,,,,,,,,,,,,,,,,,,,,,,,,v6 Exact — ST evidence + employer long-tail
573-539-1940,Keyword,VC_AU_S_ROLES,Search,Paused,,Daily,Maximize Clicks,Google Search,,,Presence,,,Human_Resources_Hire_PH,Paused,,hire people ops assistant philippines,Exact,Paused,,,,,,,,,,,,,,,,,,,,,,,,,,,,,,,,VC_Keywords_Paused_Live · George paused live USA Exact junk/general/job-seeker-y terms; synced from Editor DB ape_4967151855 (Get recent changes). Phrase stays paused (Exact-only bidding). (2026-08-07); was Exact
573-539-1940,Keyword,VC_AU_S_ROLES,Search,Paused,,Daily,Maximize Clicks,Google Search,,,Presence,,,Human_Resources_Hire_PH,Paused,,dedicated hr va philippines,Exact,Paused,,,,,,,,,,,,,,,,,,,,,,,,,,,,,,,,VC_Keywords_Paused_Live · George paused live USA Exact junk/general/job-seeker-y terms; synced from Editor DB ape_4967151855 (Get recent changes). Phrase stays paused (Exact-only bidding). (2026-08-07); was Exact
573-539-1940,Keyword,VC_AU_S_ROLES,Search,Paused,,Daily,Maximize Clicks,Google Search,,,Presence,,,Human_Resources_Hire_PH,Paused,,hire philippines hr admin,Exact,Paused,,,,,,,,,,,,,,,,,,,,,,,,,,,,,,,,VC_Keywords_Paused_Live · George paused live USA Exact junk/general/job-seeker-y terms; synced from Editor DB ape_4967151855 (Get recent changes). Phrase stays paused (Exact-only bidding). (2026-08-07); was Exact
573-539-1940,Keyword,VC_AU_S_ROLES,Search,Paused,,Daily,Maximize Clicks,Google Search,,,Presence,,,Human_Resources_Hire_PH,Paused,,filipino hr coordinator hire,Exact,Paused,,,,,,,,,,,,,,,,,,,,,,,,,,,,,,,,VC_Keywords_Paused_Live · George paused live USA Exact junk/general/job-seeker-y terms; synced from Editor DB ape_4967151855 (Get recent changes). Phrase stays paused (Exact-only bidding). (2026-08-07); was Exact
573-539-1940,Keyword,VC_AU_S_ROLES,Search,Paused,,Daily,Maximize Clicks,Google Search,,,Presence,,,Human_Resources_Hire_PH,Paused,,hire benefits admin philippines,Exact,Paused,,,,,,,,,,,,,,,,,,,,,,,,,,,,,,,,VC_Keywords_Paused_Live · George paused live USA Exact junk/general/job-seeker-y terms; synced from Editor DB ape_4967151855 (Get recent changes). Phrase stays paused (Exact-only bidding). (2026-08-07); was Exact
573-539-1940,Keyword,VC_AU_S_ROLES,Search,Paused,,Daily,Maximize Clicks,Google Search,,,Presence,,,Human_Resources_Hire_PH,Paused,,remote people ops va philippines,Exact,Paused,,,,,,,,,,,,,,,,,,,,,,,,,,,,,,,,VC_Keywords_Paused_Live · George paused live USA Exact junk/general/job-seeker-y terms; synced from Editor DB ape_4967151855 (Get recent changes). Phrase stays paused (Exact-only bidding). (2026-08-07); was Exact
573-539-1940,Keyword,VC_AU_S_ROLES,Search,Paused,,Daily,Maximize Clicks,Google Search,,,Presence,,,Human_Resources_Hire_PH,Paused,,hire onboarding assistant philippines,Exact,Paused,,,,,,,,,,,,,,,,,,,,,,,,,,,,,,,,VC_Keywords_Paused_Live · George paused live USA Exact junk/general/job-seeker-y terms; synced from Editor DB ape_4967151855 (Get recent changes). Phrase stays paused (Exact-only bidding). (2026-08-07); was Exact
573-539-1940,Keyword,VC_AU_S_ROLES,Search,Paused,,Daily,Maximize Clicks,Google Search,,,Presence,,,Human_Resources_Hire_PH,Paused,,philippines hr support hire,Exact,Paused,,,,,,,,,,,,,,,,,,,,,,,,,,,,,,,,VC_Keywords_Paused_Live · George paused live USA Exact junk/general/job-seeker-y terms; synced from Editor DB ape_4967151855 (Get recent changes). Phrase stays paused (Exact-only bidding). (2026-08-07); was Exact
573-539-1940,Keyword,VC_AU_S_ROLES,Search,Paused,,Daily,Maximize Clicks,Google Search,,,Presence,,,Human_Resources_Hire_PH,Paused,,hire virtual people ops assistant,Exact,Paused,,,,,,,,,,,,,,,,,,,,,,,,,,,,,,,,VC_Keywords_Paused_Live · George paused live USA Exact junk/general/job-seeker-y terms; synced from Editor DB ape_4967151855 (Get recent changes). Phrase stays paused (Exact-only bidding). (2026-08-07); was Exact
573-539-1940,Keyword,VC_AU_S_ROLES,Search,Paused,,Daily,Maximize Clicks,Google Search,,,Presence,,,Human_Resources_Hire_PH,Paused,,filipino payroll support hire,Exact,Paused,,,,,,,,,,,,,,,,,,,,,,,,,,,,,,,,VC_Keywords_Paused_Live · George paused live USA Exact junk/general/job-seeker-y terms; synced from Editor DB ape_4967151855 (Get recent changes). Phrase stays paused (Exact-only bidding). (2026-08-07); was Exact
573-539-1940,Keyword,VC_AU_S_ROLES,Search,Paused,,Daily,Maximize Clicks,Google Search,,,Presence,,,Human_Resources_Hire_PH,Paused,,hire virtual hr assistant,Phrase,Paused,,,,,,,,,,,,,,,,,,,,,,,,,,,,,,,,v6 Phrase — discovery from converting ST clusters
573-539-1940,Keyword,VC_AU_S_ROLES,Search,Paused,,Daily,Maximize Clicks,Google Search,,,Presence,,,Human_Resources_Hire_PH,Paused,,hire filipino hr assistant,Phrase,Paused,,,,,,,,,,,,,,,,,,,,,,,,,,,,,,,,VC_Keywords_Paused_Live · George paused live USA Exact junk/general/job-seeker-y terms; synced from Editor DB ape_4967151855 (Get recent changes). Phrase stays paused (Exact-only bidding). (2026-08-07); was Phrase
573-539-1940,Keyword,VC_AU_S_ROLES,Search,Paused,,Daily,Maximize Clicks,Google Search,,,Presence,,,Human_Resources_Hire_PH,Paused,,human resources virtual assistant,Phrase,Paused,,,,,,,,,,,,,,,,,,,,,,,,,,,,,,,,v6 Phrase — discovery from converting ST clusters
573-539-1940,Keyword,VC_AU_S_ROLES,Search,Paused,,Daily,Maximize Clicks,Google Search,,,Presence,,,Human_Resources_Hire_PH,Paused,,virtual hr assistant philippines,Phrase,Paused,,,,,,,,,,,,,,,,,,,,,,,,,,,,,,,,v6 Phrase — discovery from converting ST clusters
573-539-1940,Keyword,VC_AU_S_ROLES,Search,Paused,,Daily,Maximize Clicks,Google Search,,,Presence,,,Human_Resources_Hire_PH,Paused,,hire hr coordinator philippines,Phrase,Paused,,,,,,,,,,,,,,,,,,,,,,,,,,,,,,,,VC_Keywords_Paused_Live · George paused live USA Exact junk/general/job-seeker-y terms; synced from Editor DB ape_4967151855 (Get recent changes). Phrase stays paused (Exact-only bidding). (2026-08-07); was Phrase
573-539-1940,Keyword,VC_AU_S_ROLES,Search,Paused,,Daily,Maximize Clicks,Google Search,,,Presence,,,Human_Resources_Hire_PH,Paused,,filipino human resources assistant,Phrase,Paused,,,,,,,,,,,,,,,,,,,,,,,,,,,,,,,,VC_Keywords_Paused_Live · George paused live USA Exact junk/general/job-seeker-y terms; synced from Editor DB ape_4967151855 (Get recent changes). Phrase stays paused (Exact-only bidding). (2026-08-07); was Phrase
573-539-1940,Keyword,VC_AU_S_ROLES,Search,Paused,,Daily,Maximize Clicks,Google Search,,,Presence,,,Human_Resources_Hire_PH,Paused,,hire payroll assistant philippines,Phrase,Paused,,,,,,,,,,,,,,,,,,,,,,,,,,,,,,,,VC_Keywords_Paused_Live · George paused live USA Exact junk/general/job-seeker-y terms; synced from Editor DB ape_4967151855 (Get recent changes). Phrase stays paused (Exact-only bidding). (2026-08-07); was Phrase
573-539-1940,Keyword,VC_AU_S_ROLES,Search,Paused,,Daily,Maximize Clicks,Google Search,,,Presence,,,Human_Resources_Hire_PH,Paused,,remote hr assistant philippines,Phrase,Paused,,,,,,,,,,,,,,,,,,,,,,,,,,,,,,,,VC_Keywords_Paused_Live · George paused live USA Exact junk/general/job-seeker-y terms; synced from Editor DB ape_4967151855 (Get recent changes). Phrase stays paused (Exact-only bidding). (2026-08-07); was Phrase
573-539-1940,Keyword,VC_AU_S_ROLES,Search,Paused,,Daily,Maximize Clicks,Google Search,,,Presence,,,Human_Resources_Hire_PH,Paused,,philippines people ops hire,Phrase,Paused,,,,,,,,,,,,,,,,,,,,,,,,,,,,,,,,v6 Phrase — discovery from converting ST clusters
573-539-1940,Keyword,VC_AU_S_ROLES,Search,Paused,,Daily,Maximize Clicks,Google Search,,,Presence,,,Human_Resources_Hire_PH,Paused,,hr virtual assistant,Phrase,Paused,,,,,,,,,,,,,,,,,,,,,,,,,,,,,,,,v6 Phrase — discovery from converting ST clusters
573-539-1940,Ad,VC_AU_S_ROLES,Search,Paused,,Daily,Maximize Clicks,Google Search,,,Presence,,,Human_Resources_Hire_PH,Paused,,,,,Paused,Responsive search ad,https://www.virtualcoworker.app/au/hr,hr,hire,Hire Virtual HR Assistant,Filipino HR Staff Hire,HR Assistant Philippines,AU HR Staffing,Vetted HR Shortlist,Interview HR Finalists,Dedicated HR Seat,People Ops VA Hire,Payroll Admin Hire,Employer Hiring Path,Remote HR Specialist,Not Marketplace HR Gigs,Built for Australian SMEs,Ongoing HR Capacity,Tell Us Who You Need,Hire dedicated Filipino HR support through a staffing partner.,"You interview the shortlist; we recruit, vet, and support placement.",For Australian employers who need reliable remote HR admin capacity.,Ongoing people-ops hires — not freelance HR task gigs.,,,,,,,,RSA angle A_staffing; full 15/4; tier=controlled; role=Human Resources; no invented pricing
573-539-1940,Ad,VC_AU_S_ROLES,Search,Paused,,Daily,Maximize Clicks,Google Search,,,Presence,,,Human_Resources_Hire_PH,Paused,,,,,Paused,Responsive search ad,https://www.virtualcoworker.app/au/hr,hr,va,{KeyWord:Hire HR Assistant},Hire HR Coordinator PH,Onboarding Assistant Hire,Filipino People Ops VA,Benefits Admin Support,HR Docs & Compliance VA,Scale HR Bandwidth,Australian HR Teams,Philippines HR Talent,Dedicated People Ops,Partner-Managed Hire,Interview-Ready HR Staff,Clear Employer Process,Remote Payroll Support,Request Hiring Shortlist,Fill HR assistant roles with vetted Philippines specialists.,"Support for coordination, documentation, onboarding, and payroll admin.",Staffing support shaped for your Australian business people ops.,We specialise in remote HR hires for employers.,,,,,,,,RSA angle B_role; full 15/4; tier=controlled; role=Human Resources; no invented pricing
573-539-1940,Ad,VC_AU_S_ROLES,Search,Paused,,Daily,Maximize Clicks,Google Search,,,Presence,,,Human_Resources_Hire_PH,Paused,,,,,Paused,Responsive search ad,https://www.virtualcoworker.app/au/hr,shortlist,hr,Shortlist HR Assistants,Vetted People Ops Finalists,HR Hire Shortlist Path,Recruit HR Then Interview,PH HR Screening Path,Skip Freelance HR Gigs,HR Role Brief to List,Get HR Candidates Ready,Employer HR Hire Path,Screened Onboarding Help,People Ops Hire Pipeline,HR Seat Shortlist,Staffing Pipeline for HR,Interview-Ready HR Staff,Ask for HR Shortlist,Need HR support? We recruit and screen Philippines people-ops talent first.,Shortlist-first: you interview; we source and vet HR admin finalists.,A clear employer hire path for HR support — you interview the shortlist.,Tell us the HR seat. Review vetted candidates before you hire.,,,,,,,,RSA angle C_speed; full 15/4; tier=controlled; role=Human Resources; no invented pricing
573-539-1940,Ad group,VC_AU_S_ROLES,Search,Paused,,Daily,Maximize Clicks,Google Search,,,Presence,,,Human_Resources_Outsource_PH,Paused,,,,,,,,,,,,,,,,,,,,,,,,,,,,,,,,,,,,ROLES controlled — Human_Resources_Outsource_PH; category=hr
573-539-1940,Keyword,VC_AU_S_ROLES,Search,Paused,,Daily,Maximize Clicks,Google Search,,,Presence,,,Human_Resources_Outsource_PH,Paused,,outsource hr philippines,Exact,Paused,,,,,,,,,,,,,,,,,,,,,,,,,,,,,,,,v6 Exact — ST evidence + employer long-tail
573-539-1940,Keyword,VC_AU_S_ROLES,Search,Paused,,Daily,Maximize Clicks,Google Search,,,Presence,,,Human_Resources_Outsource_PH,Paused,,outsource human resources philippines,Exact,Paused,,,,,,,,,,,,,,,,,,,,,,,,,,,,,,,,VC_Keywords_Paused_Live · George paused live USA Exact junk/general/job-seeker-y terms; synced from Editor DB ape_4967151855 (Get recent changes). Phrase stays paused (Exact-only bidding). (2026-08-07); was Exact
573-539-1940,Keyword,VC_AU_S_ROLES,Search,Paused,,Daily,Maximize Clicks,Google Search,,,Presence,,,Human_Resources_Outsource_PH,Paused,,offshore hr assistant,Exact,Paused,,,,,,,,,,,,,,,,,,,,,,,,,,,,,,,,VC_Keywords_Paused_Live · George paused live USA Exact junk/general/job-seeker-y terms; synced from Editor DB ape_4967151855 (Get recent changes). Phrase stays paused (Exact-only bidding). (2026-08-07); was Exact
573-539-1940,Keyword,VC_AU_S_ROLES,Search,Paused,,Daily,Maximize Clicks,Google Search,,,Presence,,,Human_Resources_Outsource_PH,Paused,,hr staffing philippines,Exact,Paused,,,,,,,,,,,,,,,,,,,,,,,,,,,,,,,,VC_Keywords_Paused_Live · George paused live USA Exact junk/general/job-seeker-y terms; synced from Editor DB ape_4967151855 (Get recent changes). Phrase stays paused (Exact-only bidding). (2026-08-07); was Exact
573-539-1940,Keyword,VC_AU_S_ROLES,Search,Paused,,Daily,Maximize Clicks,Google Search,,,Presence,,,Human_Resources_Outsource_PH,Paused,,philippines hr outsourcing,Exact,Paused,,,,,,,,,,,,,,,,,,,,,,,,,,,,,,,,v6 Exact — ST evidence + employer long-tail
573-539-1940,Keyword,VC_AU_S_ROLES,Search,Paused,,Daily,Maximize Clicks,Google Search,,,Presence,,,Human_Resources_Outsource_PH,Paused,,outsource hr administration philippines,Exact,Paused,,,,,,,,,,,,,,,,,,,,,,,,,,,,,,,,VC_Keywords_Paused_Live · George paused live USA Exact junk/general/job-seeker-y terms; synced from Editor DB ape_4967151855 (Get recent changes). Phrase stays paused (Exact-only bidding). (2026-08-07); was Exact
573-539-1940,Keyword,VC_AU_S_ROLES,Search,Paused,,Daily,Maximize Clicks,Google Search,,,Presence,,,Human_Resources_Outsource_PH,Paused,,remote hr team philippines,Exact,Paused,,,,,,,,,,,,,,,,,,,,,,,,,,,,,,,,VC_Keywords_Paused_Live · George paused live USA Exact junk/general/job-seeker-y terms; synced from Editor DB ape_4967151855 (Get recent changes). Phrase stays paused (Exact-only bidding). (2026-08-07); was Exact
573-539-1940,Keyword,VC_AU_S_ROLES,Search,Paused,,Daily,Maximize Clicks,Google Search,,,Presence,,,Human_Resources_Outsource_PH,Paused,,dedicated hr staff philippines,Exact,Paused,,,,,,,,,,,,,,,,,,,,,,,,,,,,,,,,VC_Keywords_Paused_Live · George paused live USA Exact junk/general/job-seeker-y terms; synced from Editor DB ape_4967151855 (Get recent changes). Phrase stays paused (Exact-only bidding). (2026-08-07); was Exact
573-539-1940,Keyword,VC_AU_S_ROLES,Search,Paused,,Daily,Maximize Clicks,Google Search,,,Presence,,,Human_Resources_Outsource_PH,Paused,,outsource payroll admin philippines,Exact,Paused,,,,,,,,,,,,,,,,,,,,,,,,,,,,,,,,VC_Keywords_Paused_Live · George paused live USA Exact junk/general/job-seeker-y terms; synced from Editor DB ape_4967151855 (Get recent changes). Phrase stays paused (Exact-only bidding). (2026-08-07); was Exact
573-539-1940,Keyword,VC_AU_S_ROLES,Search,Paused,,Daily,Maximize Clicks,Google Search,,,Presence,,,Human_Resources_Outsource_PH,Paused,,offshore people ops philippines,Exact,Paused,,,,,,,,,,,,,,,,,,,,,,,,,,,,,,,,VC_Keywords_Paused_Live · George paused live USA Exact junk/general/job-seeker-y terms; synced from Editor DB ape_4967151855 (Get recent changes). Phrase stays paused (Exact-only bidding). (2026-08-07); was Exact
573-539-1940,Keyword,VC_AU_S_ROLES,Search,Paused,,Daily,Maximize Clicks,Google Search,,,Presence,,,Human_Resources_Outsource_PH,Paused,,filipino hr team for hire,Exact,Paused,,,,,,,,,,,,,,,,,,,,,,,,,,,,,,,,VC_Keywords_Paused_Live · George paused live USA Exact junk/general/job-seeker-y terms; synced from Editor DB ape_4967151855 (Get recent changes). Phrase stays paused (Exact-only bidding). (2026-08-07); was Exact
573-539-1940,Keyword,VC_AU_S_ROLES,Search,Paused,,Daily,Maximize Clicks,Google Search,,,Presence,,,Human_Resources_Outsource_PH,Paused,,hire outsourced hr assistant,Exact,Paused,,,,,,,,,,,,,,,,,,,,,,,,,,,,,,,,VC_Keywords_Paused_Live · George paused live USA Exact junk/general/job-seeker-y terms; synced from Editor DB ape_4967151855 (Get recent changes). Phrase stays paused (Exact-only bidding). (2026-08-07); was Exact
573-539-1940,Keyword,VC_AU_S_ROLES,Search,Paused,,Daily,Maximize Clicks,Google Search,,,Presence,,,Human_Resources_Outsource_PH,Paused,,hr ops outsourcing philippines,Exact,Paused,,,,,,,,,,,,,,,,,,,,,,,,,,,,,,,,VC_Keywords_Paused_Live · George paused live USA Exact junk/general/job-seeker-y terms; synced from Editor DB ape_4967151855 (Get recent changes). Phrase stays paused (Exact-only bidding). (2026-08-07); was Exact
573-539-1940,Keyword,VC_AU_S_ROLES,Search,Paused,,Daily,Maximize Clicks,Google Search,,,Presence,,,Human_Resources_Outsource_PH,Paused,,philippines remote hr support,Exact,Paused,,,,,,,,,,,,,,,,,,,,,,,,,,,,,,,,VC_Keywords_Paused_Live · George paused live USA Exact junk/general/job-seeker-y terms; synced from Editor DB ape_4967151855 (Get recent changes). Phrase stays paused (Exact-only bidding). (2026-08-07); was Exact
573-539-1940,Keyword,VC_AU_S_ROLES,Search,Paused,,Daily,Maximize Clicks,Google Search,,,Presence,,,Human_Resources_Outsource_PH,Paused,,outsource employee onboarding philippines,Exact,Paused,,,,,,,,,,,,,,,,,,,,,,,,,,,,,,,,VC_Keywords_Paused_Live · George paused live USA Exact junk/general/job-seeker-y terms; synced from Editor DB ape_4967151855 (Get recent changes). Phrase stays paused (Exact-only bidding). (2026-08-07); was Exact
573-539-1940,Keyword,VC_AU_S_ROLES,Search,Paused,,Daily,Maximize Clicks,Google Search,,,Presence,,,Human_Resources_Outsource_PH,Paused,,outsource hr documentation philippines,Exact,Paused,,,,,,,,,,,,,,,,,,,,,,,,,,,,,,,,VC_Keywords_Paused_Live · George paused live USA Exact junk/general/job-seeker-y terms; synced from Editor DB ape_4967151855 (Get recent changes). Phrase stays paused (Exact-only bidding). (2026-08-07); was Exact
573-539-1940,Keyword,VC_AU_S_ROLES,Search,Paused,,Daily,Maximize Clicks,Google Search,,,Presence,,,Human_Resources_Outsource_PH,Paused,,offshore hr coordination philippines,Exact,Paused,,,,,,,,,,,,,,,,,,,,,,,,,,,,,,,,VC_Keywords_Paused_Live · George paused live USA Exact junk/general/job-seeker-y terms; synced from Editor DB ape_4967151855 (Get recent changes). Phrase stays paused (Exact-only bidding). (2026-08-07); was Exact
573-539-1940,Keyword,VC_AU_S_ROLES,Search,Paused,,Daily,Maximize Clicks,Google Search,,,Presence,,,Human_Resources_Outsource_PH,Paused,,smb hr admin outsourcing philippines,Exact,Paused,,,,,,,,,,,,,,,,,,,,,,,,,,,,,,,,VC_Keywords_Paused_Live · George paused live USA Exact junk/general/job-seeker-y terms; synced from Editor DB ape_4967151855 (Get recent changes). Phrase stays paused (Exact-only bidding). (2026-08-07); was Exact
573-539-1940,Keyword,VC_AU_S_ROLES,Search,Paused,,Daily,Maximize Clicks,Google Search,,,Presence,,,Human_Resources_Outsource_PH,Paused,,people ops staffing philippines,Exact,Paused,,,,,,,,,,,,,,,,,,,,,,,,,,,,,,,,VC_Keywords_Paused_Live · George paused live USA Exact junk/general/job-seeker-y terms; synced from Editor DB ape_4967151855 (Get recent changes). Phrase stays paused (Exact-only bidding). (2026-08-07); was Exact
573-539-1940,Keyword,VC_AU_S_ROLES,Search,Paused,,Daily,Maximize Clicks,Google Search,,,Presence,,,Human_Resources_Outsource_PH,Paused,,remote hr coordinator philippines,Exact,Paused,,,,,,,,,,,,,,,,,,,,,,,,,,,,,,,,VC_Keywords_Paused_Live · George paused live USA Exact junk/general/job-seeker-y terms; synced from Editor DB ape_4967151855 (Get recent changes). Phrase stays paused (Exact-only bidding). (2026-08-07); was Exact
573-539-1940,Keyword,VC_AU_S_ROLES,Search,Paused,,Daily,Maximize Clicks,Google Search,,,Presence,,,Human_Resources_Outsource_PH,Paused,,outsource leave admin philippines,Exact,Paused,,,,,,,,,,,,,,,,,,,,,,,,,,,,,,,,VC_Keywords_Paused_Live · George paused live USA Exact junk/general/job-seeker-y terms; synced from Editor DB ape_4967151855 (Get recent changes). Phrase stays paused (Exact-only bidding). (2026-08-07); was Exact
573-539-1940,Keyword,VC_AU_S_ROLES,Search,Paused,,Daily,Maximize Clicks,Google Search,,,Presence,,,Human_Resources_Outsource_PH,Paused,,philippines human resources support staff,Exact,Paused,,,,,,,,,,,,,,,,,,,,,,,,,,,,,,,,VC_Keywords_Paused_Live · George paused live USA Exact junk/general/job-seeker-y terms; synced from Editor DB ape_4967151855 (Get recent changes). Phrase stays paused (Exact-only bidding). (2026-08-07); was Exact
573-539-1940,Keyword,VC_AU_S_ROLES,Search,Paused,,Daily,Maximize Clicks,Google Search,,,Presence,,,Human_Resources_Outsource_PH,Paused,,outsource hr philippines,Phrase,Paused,,,,,,,,,,,,,,,,,,,,,,,,,,,,,,,,v6 Phrase — discovery from converting ST clusters
573-539-1940,Keyword,VC_AU_S_ROLES,Search,Paused,,Daily,Maximize Clicks,Google Search,,,Presence,,,Human_Resources_Outsource_PH,Paused,,outsource human resources philippines,Phrase,Paused,,,,,,,,,,,,,,,,,,,,,,,,,,,,,,,,VC_Keywords_Paused_Live · George paused live USA Exact junk/general/job-seeker-y terms; synced from Editor DB ape_4967151855 (Get recent changes). Phrase stays paused (Exact-only bidding). (2026-08-07); was Phrase
573-539-1940,Keyword,VC_AU_S_ROLES,Search,Paused,,Daily,Maximize Clicks,Google Search,,,Presence,,,Human_Resources_Outsource_PH,Paused,,offshore hr assistant,Phrase,Paused,,,,,,,,,,,,,,,,,,,,,,,,,,,,,,,,VC_Keywords_Paused_Live · George paused live USA Exact junk/general/job-seeker-y terms; synced from Editor DB ape_4967151855 (Get recent changes). Phrase stays paused (Exact-only bidding). (2026-08-07); was Phrase
573-539-1940,Keyword,VC_AU_S_ROLES,Search,Paused,,Daily,Maximize Clicks,Google Search,,,Presence,,,Human_Resources_Outsource_PH,Paused,,hr outsourcing philippines,Phrase,Paused,,,,,,,,,,,,,,,,,,,,,,,,,,,,,,,,v6 Phrase — discovery from converting ST clusters
573-539-1940,Keyword,VC_AU_S_ROLES,Search,Paused,,Daily,Maximize Clicks,Google Search,,,Presence,,,Human_Resources_Outsource_PH,Paused,,philippines hr staff,Phrase,Paused,,,,,,,,,,,,,,,,,,,,,,,,,,,,,,,,v6 Phrase — discovery from converting ST clusters
573-539-1940,Keyword,VC_AU_S_ROLES,Search,Paused,,Daily,Maximize Clicks,Google Search,,,Presence,,,Human_Resources_Outsource_PH,Paused,,offshore people ops,Phrase,Paused,,,,,,,,,,,,,,,,,,,,,,,,,,,,,,,,v6 Phrase — discovery from converting ST clusters
573-539-1940,Keyword,VC_AU_S_ROLES,Search,Paused,,Daily,Maximize Clicks,Google Search,,,Presence,,,Human_Resources_Outsource_PH,Paused,,outsource payroll admin,Phrase,Paused,,,,,,,,,,,,,,,,,,,,,,,,,,,,,,,,v6 Phrase — discovery from converting ST clusters
573-539-1940,Ad,VC_AU_S_ROLES,Search,Paused,,Daily,Maximize Clicks,Google Search,,,Presence,,,Human_Resources_Outsource_PH,Paused,,,,,Paused,Responsive search ad,https://www.virtualcoworker.app/au/hr,outsource,hr,Outsource HR Support PH,Offshore HR Philippines,People Ops Outsourcing,AU HR Partner,Dedicated HR Seat,Not Freelance HR Bench,Vetted HR Staff,Payroll Admin Offshore,Remote HR Capacity,Employer-Only Intake,HR Staff Placement,Predictable HR Coverage,For Australian SMEs,Ongoing People Ops,Start Hiring Request,Outsource HR administration to dedicated Philippines specialists.,"Keep policy control; we recruit, vet, and support the seat.",Built for Australian employers who need accountable offshore HR admin.,Partner-led outsourcing with interview-before-placement discipline.,,,,,,,,RSA angle A_partner; full 15/4; tier=controlled; role=Human Resources; no invented pricing
573-539-1940,Ad,VC_AU_S_ROLES,Search,Paused,,Daily,Maximize Clicks,Google Search,,,Presence,,,Human_Resources_Outsource_PH,Paused,,,,,Paused,Responsive search ad,https://www.virtualcoworker.app/au/hr,offshore,ph,PH HR Outsourcing,Outsource Onboarding Ops,Outsource Payroll Admin,HR Ops Philippines,Remote People Ops Bench,Scale HR Without Hire,Dedicated HR Seats,Fit for Australian HR,Employee Docs Staffing,Vetted HR Admin Seats,Outsource Leave Admin,Offshore People Ops,Partner-Led HR Ops,Interview Then Place,Outsource This Role PH,"Add Philippines HR capacity for admin, onboarding, and payroll support.",Dedicated seats keep people ops moving without contractor churn.,Ask about an outsourcing path for your organisation's HR admin.,For Australian businesses that need dependable remote HR support.,,,,,,,,RSA angle B_capacity; full 15/4; tier=controlled; role=Human Resources; no invented pricing
573-539-1940,Ad,VC_AU_S_ROLES,Search,Paused,,Daily,Maximize Clicks,Google Search,,,Presence,,,Human_Resources_Outsource_PH,Paused,,,,,Paused,Responsive search ad,https://www.virtualcoworker.app/au/hr,dedicated,hr,Dedicated PH HR Seat,Same HR Admin Daily,Accountable People Ops,Philippines HR Continuity,Not Freelance HR Tasks,Offshore HR Ownership,HR Seat You Can Keep,Interview HR Then Place,Vetted People Ops Seat,Remote HR Ownership,Staffing Not Gig HR Apps,Proof in Dedicated HR,Onboarding Seat From PH,Payroll Admin Dedicated,Request Dedicated HR,Outsource HR admin with a dedicated Philippines seat — not task gigs.,Proof is continuity: one vetted HR seat you interview before placement.,Built for Australian employers needing accountable offshore people-ops capacity.,Partner-led model. Policy control stays with you — terms set in follow-up.,,,,,,,,RSA angle C_proof; full 15/4; tier=controlled; role=Human Resources; no invented pricing
573-539-1940,Ad group,VC_AU_S_ROLES,Search,Paused,,Daily,Maximize Clicks,Google Search,,,Presence,,,Recruitment_Hire_PH,Paused,,,,,,,,,,,,,,,,,,,,,,,,,,,,,,,,,,,,ROLES controlled — Recruitment_Hire_PH; category=recruitment
573-539-1940,Keyword,VC_AU_S_ROLES,Search,Paused,,Daily,Maximize Clicks,Google Search,,,Presence,,,Recruitment_Hire_PH,Paused,,hire virtual recruitment assistant,Exact,Paused,,,,,,,,,,,,,,,,,,,,,,,,,,,,,,,,VC_Keywords_Paused_Live · George paused live USA Exact junk/general/job-seeker-y terms; synced from Editor DB ape_4967151855 (Get recent changes). Phrase stays paused (Exact-only bidding). (2026-08-07); was Exact
573-539-1940,Keyword,VC_AU_S_ROLES,Search,Paused,,Daily,Maximize Clicks,Google Search,,,Presence,,,Recruitment_Hire_PH,Paused,,hire filipino recruitment assistant,Exact,Paused,,,,,,,,,,,,,,,,,,,,,,,,,,,,,,,,VC_Keywords_Paused_Live · George paused live USA Exact junk/general/job-seeker-y terms; synced from Editor DB ape_4967151855 (Get recent changes). Phrase stays paused (Exact-only bidding). (2026-08-07); was Exact
573-539-1940,Keyword,VC_AU_S_ROLES,Search,Paused,,Daily,Maximize Clicks,Google Search,,,Presence,,,Recruitment_Hire_PH,Paused,,hire recruitment assistant philippines,Exact,Paused,,,,,,,,,,,,,,,,,,,,,,,,,,,,,,,,VC_Keywords_Paused_Live · George paused live USA Exact junk/general/job-seeker-y terms; synced from Editor DB ape_4967151855 (Get recent changes). Phrase stays paused (Exact-only bidding). (2026-08-07); was Exact
573-539-1940,Keyword,VC_AU_S_ROLES,Search,Paused,,Daily,Maximize Clicks,Google Search,,,Presence,,,Recruitment_Hire_PH,Paused,,hire a recruitment assistant,Exact,Paused,,,,,,,,,,,,,,,,,,,,,,,,,,,,,,,,VC_Keywords_Paused_Live · George paused live USA Exact junk/general/job-seeker-y terms; synced from Editor DB ape_4967151855 (Get recent changes). Phrase stays paused (Exact-only bidding). (2026-08-07); was Exact
573-539-1940,Keyword,VC_AU_S_ROLES,Search,Paused,,Daily,Maximize Clicks,Google Search,,,Presence,,,Recruitment_Hire_PH,Paused,,hire recruiting assistant philippines,Exact,Paused,,,,,,,,,,,,,,,,,,,,,,,,,,,,,,,,VC_Keywords_Paused_Live · George paused live USA Exact junk/general/job-seeker-y terms; synced from Editor DB ape_4967151855 (Get recent changes). Phrase stays paused (Exact-only bidding). (2026-08-07); was Exact
573-539-1940,Keyword,VC_AU_S_ROLES,Search,Paused,,Daily,Maximize Clicks,Google Search,,,Presence,,,Recruitment_Hire_PH,Paused,,hire talent acquisition assistant philippines,Exact,Paused,,,,,,,,,,,,,,,,,,,,,,,,,,,,,,,,VC_Keywords_Paused_Live · George paused live USA Exact junk/general/job-seeker-y terms; synced from Editor DB ape_4967151855 (Get recent changes). Phrase stays paused (Exact-only bidding). (2026-08-07); was Exact
573-539-1940,Keyword,VC_AU_S_ROLES,Search,Paused,,Daily,Maximize Clicks,Google Search,,,Presence,,,Recruitment_Hire_PH,Paused,,virtual recruitment assistant philippines,Exact,Paused,,,,,,,,,,,,,,,,,,,,,,,,,,,,,,,,v6 Exact — ST evidence + employer long-tail
573-539-1940,Keyword,VC_AU_S_ROLES,Search,Paused,,Daily,Maximize Clicks,Google Search,,,Presence,,,Recruitment_Hire_PH,Paused,,recruitment assistant philippines,Exact,Paused,,,,,,,,,,,,,,,,,,,,,,,,,,,,,,,,v6 Exact — ST evidence + employer long-tail
573-539-1940,Keyword,VC_AU_S_ROLES,Search,Paused,,Daily,Maximize Clicks,Google Search,,,Presence,,,Recruitment_Hire_PH,Paused,,filipino recruitment assistant,Exact,Paused,,,,,,,,,,,,,,,,,,,,,,,,,,,,,,,,VC_Keywords_Paused_Live · George paused live USA Exact junk/general/job-seeker-y terms; synced from Editor DB ape_4967151855 (Get recent changes). Phrase stays paused (Exact-only bidding). (2026-08-07); was Exact
573-539-1940,Keyword,VC_AU_S_ROLES,Search,Paused,,Daily,Maximize Clicks,Google Search,,,Presence,,,Recruitment_Hire_PH,Paused,,remote recruitment assistant philippines,Exact,Paused,,,,,,,,,,,,,,,,,,,,,,,,,,,,,,,,VC_Keywords_Paused_Live · George paused live USA Exact junk/general/job-seeker-y terms; synced from Editor DB ape_4967151855 (Get recent changes). Phrase stays paused (Exact-only bidding). (2026-08-07); was Exact
573-539-1940,Keyword,VC_AU_S_ROLES,Search,Paused,,Daily,Maximize Clicks,Google Search,,,Presence,,,Recruitment_Hire_PH,Paused,,recruitment virtual assistant,Exact,Paused,,,,,,,,,,,,,,,,,,,,,,,,,,,,,,,,v6 Exact — ST evidence + employer long-tail
573-539-1940,Keyword,VC_AU_S_ROLES,Search,Paused,,Daily,Maximize Clicks,Google Search,,,Presence,,,Recruitment_Hire_PH,Paused,,virtual assistant recruitment,Exact,Paused,,,,,,,,,,,,,,,,,,,,,,,,,,,,,,,,v6 Exact — ST evidence + employer long-tail
573-539-1940,Keyword,VC_AU_S_ROLES,Search,Paused,,Daily,Maximize Clicks,Google Search,,,Presence,,,Recruitment_Hire_PH,Paused,,philippines recruitment assistant,Exact,Paused,,,,,,,,,,,,,,,,,,,,,,,,,,,,,,,,v6 Exact — ST evidence + employer long-tail
573-539-1940,Keyword,VC_AU_S_ROLES,Search,Paused,,Daily,Maximize Clicks,Google Search,,,Presence,,,Recruitment_Hire_PH,Paused,,virtual recruiting assistant philippines,Exact,Paused,,,,,,,,,,,,,,,,,,,,,,,,,,,,,,,,VC_Keywords_Paused_Live · George paused live USA Exact junk/general/job-seeker-y terms; synced from Editor DB ape_4967151855 (Get recent changes). Phrase stays paused (Exact-only bidding). (2026-08-07); was Exact
573-539-1940,Keyword,VC_AU_S_ROLES,Search,Paused,,Daily,Maximize Clicks,Google Search,,,Presence,,,Recruitment_Hire_PH,Paused,,filipino recruitment staff,Exact,Paused,,,,,,,,,,,,,,,,,,,,,,,,,,,,,,,,VC_Keywords_Paused_Live · George paused live USA Exact junk/general/job-seeker-y terms; synced from Editor DB ape_4967151855 (Get recent changes). Phrase stays paused (Exact-only bidding). (2026-08-07); was Exact
573-539-1940,Keyword,VC_AU_S_ROLES,Search,Paused,,Daily,Maximize Clicks,Google Search,,,Presence,,,Recruitment_Hire_PH,Paused,,recruitment coordinator philippines,Exact,Paused,,,,,,,,,,,,,,,,,,,,,,,,,,,,,,,,v6 Exact — ST evidence + employer long-tail
573-539-1940,Keyword,VC_AU_S_ROLES,Search,Paused,,Daily,Maximize Clicks,Google Search,,,Presence,,,Recruitment_Hire_PH,Paused,,talent sourcing assistant philippines,Exact,Paused,,,,,,,,,,,,,,,,,,,,,,,,,,,,,,,,VC_Keywords_Paused_Live · George paused live USA Exact junk/general/job-seeker-y terms; synced from Editor DB ape_4967151855 (Get recent changes). Phrase stays paused (Exact-only bidding). (2026-08-07); was Exact
573-539-1940,Keyword,VC_AU_S_ROLES,Search,Paused,,Daily,Maximize Clicks,Google Search,,,Presence,,,Recruitment_Hire_PH,Paused,,dedicated recruiting va philippines,Exact,Paused,,,,,,,,,,,,,,,,,,,,,,,,,,,,,,,,VC_Keywords_Paused_Live · George paused live USA Exact junk/general/job-seeker-y terms; synced from Editor DB ape_4967151855 (Get recent changes). Phrase stays paused (Exact-only bidding). (2026-08-07); was Exact
573-539-1940,Keyword,VC_AU_S_ROLES,Search,Paused,,Daily,Maximize Clicks,Google Search,,,Presence,,,Recruitment_Hire_PH,Paused,,hire philippines sourcing assistant,Exact,Paused,,,,,,,,,,,,,,,,,,,,,,,,,,,,,,,,VC_Keywords_Paused_Live · George paused live USA Exact junk/general/job-seeker-y terms; synced from Editor DB ape_4967151855 (Get recent changes). Phrase stays paused (Exact-only bidding). (2026-08-07); was Exact
573-539-1940,Keyword,VC_AU_S_ROLES,Search,Paused,,Daily,Maximize Clicks,Google Search,,,Presence,,,Recruitment_Hire_PH,Paused,,filipino talent acquisition va,Exact,Paused,,,,,,,,,,,,,,,,,,,,,,,,,,,,,,,,VC_Keywords_Paused_Live · George paused live USA Exact junk/general/job-seeker-y terms; synced from Editor DB ape_4967151855 (Get recent changes). Phrase stays paused (Exact-only bidding). (2026-08-07); was Exact
573-539-1940,Keyword,VC_AU_S_ROLES,Search,Paused,,Daily,Maximize Clicks,Google Search,,,Presence,,,Recruitment_Hire_PH,Paused,,hire screening assistant philippines,Exact,Paused,,,,,,,,,,,,,,,,,,,,,,,,,,,,,,,,VC_Keywords_Paused_Live · George paused live USA Exact junk/general/job-seeker-y terms; synced from Editor DB ape_4967151855 (Get recent changes). Phrase stays paused (Exact-only bidding). (2026-08-07); was Exact
573-539-1940,Keyword,VC_AU_S_ROLES,Search,Paused,,Daily,Maximize Clicks,Google Search,,,Presence,,,Recruitment_Hire_PH,Paused,,remote recruiting coordinator philippines,Exact,Paused,,,,,,,,,,,,,,,,,,,,,,,,,,,,,,,,VC_Keywords_Paused_Live · George paused live USA Exact junk/general/job-seeker-y terms; synced from Editor DB ape_4967151855 (Get recent changes). Phrase stays paused (Exact-only bidding). (2026-08-07); was Exact
573-539-1940,Keyword,VC_AU_S_ROLES,Search,Paused,,Daily,Maximize Clicks,Google Search,,,Presence,,,Recruitment_Hire_PH,Paused,,hire recruiter assistant philippines,Exact,Paused,,,,,,,,,,,,,,,,,,,,,,,,,,,,,,,,VC_Keywords_Paused_Live · George paused live USA Exact junk/general/job-seeker-y terms; synced from Editor DB ape_4967151855 (Get recent changes). Phrase stays paused (Exact-only bidding). (2026-08-07); was Exact
573-539-1940,Keyword,VC_AU_S_ROLES,Search,Paused,,Daily,Maximize Clicks,Google Search,,,Presence,,,Recruitment_Hire_PH,Paused,,philippines ta assistant hire,Exact,Paused,,,,,,,,,,,,,,,,,,,,,,,,,,,,,,,,VC_Keywords_Paused_Live · George paused live USA Exact junk/general/job-seeker-y terms; synced from Editor DB ape_4967151855 (Get recent changes). Phrase stays paused (Exact-only bidding). (2026-08-07); was Exact
573-539-1940,Keyword,VC_AU_S_ROLES,Search,Paused,,Daily,Maximize Clicks,Google Search,,,Presence,,,Recruitment_Hire_PH,Paused,,hire virtual recruiting ops assistant,Exact,Paused,,,,,,,,,,,,,,,,,,,,,,,,,,,,,,,,VC_Keywords_Paused_Live · George paused live USA Exact junk/general/job-seeker-y terms; synced from Editor DB ape_4967151855 (Get recent changes). Phrase stays paused (Exact-only bidding). (2026-08-07); was Exact
573-539-1940,Keyword,VC_AU_S_ROLES,Search,Paused,,Daily,Maximize Clicks,Google Search,,,Presence,,,Recruitment_Hire_PH,Paused,,filipino recruiting coordinator hire,Exact,Paused,,,,,,,,,,,,,,,,,,,,,,,,,,,,,,,,VC_Keywords_Paused_Live · George paused live USA Exact junk/general/job-seeker-y terms; synced from Editor DB ape_4967151855 (Get recent changes). Phrase stays paused (Exact-only bidding). (2026-08-07); was Exact
573-539-1940,Keyword,VC_AU_S_ROLES,Search,Paused,,Daily,Maximize Clicks,Google Search,,,Presence,,,Recruitment_Hire_PH,Paused,,hire candidate coordination philippines,Exact,Paused,,,,,,,,,,,,,,,,,,,,,,,,,,,,,,,,VC_Keywords_Paused_Live · George paused live USA Exact junk/general/job-seeker-y terms; synced from Editor DB ape_4967151855 (Get recent changes). Phrase stays paused (Exact-only bidding). (2026-08-07); was Exact
573-539-1940,Keyword,VC_AU_S_ROLES,Search,Paused,,Daily,Maximize Clicks,Google Search,,,Presence,,,Recruitment_Hire_PH,Paused,,hire virtual recruitment assistant,Phrase,Paused,,,,,,,,,,,,,,,,,,,,,,,,,,,,,,,,VC_Keywords_Paused_Live · George paused live USA Exact junk/general/job-seeker-y terms; synced from Editor DB ape_4967151855 (Get recent changes). Phrase stays paused (Exact-only bidding). (2026-08-07); was Phrase
573-539-1940,Keyword,VC_AU_S_ROLES,Search,Paused,,Daily,Maximize Clicks,Google Search,,,Presence,,,Recruitment_Hire_PH,Paused,,hire filipino recruitment assistant,Phrase,Paused,,,,,,,,,,,,,,,,,,,,,,,,,,,,,,,,VC_Keywords_Paused_Live · George paused live USA Exact junk/general/job-seeker-y terms; synced from Editor DB ape_4967151855 (Get recent changes). Phrase stays paused (Exact-only bidding). (2026-08-07); was Phrase
573-539-1940,Keyword,VC_AU_S_ROLES,Search,Paused,,Daily,Maximize Clicks,Google Search,,,Presence,,,Recruitment_Hire_PH,Paused,,recruitment assistant philippines,Phrase,Paused,,,,,,,,,,,,,,,,,,,,,,,,,,,,,,,,v6 Phrase — discovery from converting ST clusters
573-539-1940,Keyword,VC_AU_S_ROLES,Search,Paused,,Daily,Maximize Clicks,Google Search,,,Presence,,,Recruitment_Hire_PH,Paused,,hire recruiting assistant philippines,Phrase,Paused,,,,,,,,,,,,,,,,,,,,,,,,,,,,,,,,VC_Keywords_Paused_Live · George paused live USA Exact junk/general/job-seeker-y terms; synced from Editor DB ape_4967151855 (Get recent changes). Phrase stays paused (Exact-only bidding). (2026-08-07); was Phrase
573-539-1940,Keyword,VC_AU_S_ROLES,Search,Paused,,Daily,Maximize Clicks,Google Search,,,Presence,,,Recruitment_Hire_PH,Paused,,filipino talent acquisition assistant,Phrase,Paused,,,,,,,,,,,,,,,,,,,,,,,,,,,,,,,,v6 Phrase — discovery from converting ST clusters
573-539-1940,Keyword,VC_AU_S_ROLES,Search,Paused,,Daily,Maximize Clicks,Google Search,,,Presence,,,Recruitment_Hire_PH,Paused,,hire screening assistant philippines,Phrase,Paused,,,,,,,,,,,,,,,,,,,,,,,,,,,,,,,,VC_Keywords_Paused_Live · George paused live USA Exact junk/general/job-seeker-y terms; synced from Editor DB ape_4967151855 (Get recent changes). Phrase stays paused (Exact-only bidding). (2026-08-07); was Phrase
573-539-1940,Keyword,VC_AU_S_ROLES,Search,Paused,,Daily,Maximize Clicks,Google Search,,,Presence,,,Recruitment_Hire_PH,Paused,,virtual recruiting assistant,Phrase,Paused,,,,,,,,,,,,,,,,,,,,,,,,,,,,,,,,v6 Phrase — discovery from converting ST clusters
573-539-1940,Keyword,VC_AU_S_ROLES,Search,Paused,,Daily,Maximize Clicks,Google Search,,,Presence,,,Recruitment_Hire_PH,Paused,,philippines recruitment coordinator,Phrase,Paused,,,,,,,,,,,,,,,,,,,,,,,,,,,,,,,,v6 Phrase — discovery from converting ST clusters
573-539-1940,Keyword,VC_AU_S_ROLES,Search,Paused,,Daily,Maximize Clicks,Google Search,,,Presence,,,Recruitment_Hire_PH,Paused,,recruitment virtual assistant,Phrase,Paused,,,,,,,,,,,,,,,,,,,,,,,,,,,,,,,,v6 Phrase — discovery from converting ST clusters
573-539-1940,Ad,VC_AU_S_ROLES,Search,Paused,,Daily,Maximize Clicks,Google Search,,,Presence,,,Recruitment_Hire_PH,Paused,,,,,Paused,Responsive search ad,https://www.virtualcoworker.app/au/recruitment,recruit,hire,Hire Recruitment Assistant,Filipino Recruiting Hire,Recruiting VA Philippines,AU TA Staffing,Vetted Recruiting Shortlist,Interview TA Finalists,Dedicated Recruiting Seat,Sourcing Assistant Hire,Screening Support Hire,Employer Hiring Path,Remote Recruiting Ops,Not Freelance Recruiters,Built for Australian SMEs,Ongoing TA Capacity,Tell Us Who You Need,Hire dedicated Filipino recruitment support through a staffing partner.,"You interview the shortlist; we recruit, vet, and support placement.",For Australian employers who need reliable recruiting coordination capacity.,Ongoing TA support hires — not freelance sourcing gigs.,,,,,,,,RSA angle A_staffing; full 15/4; tier=controlled; role=Recruitment; no invented pricing
573-539-1940,Ad,VC_AU_S_ROLES,Search,Paused,,Daily,Maximize Clicks,Google Search,,,Presence,,,Recruitment_Hire_PH,Paused,,,,,Paused,Responsive search ad,https://www.virtualcoworker.app/au/recruitment,recruit,va,{KeyWord:Hire Recruiting VA},Hire Sourcer Philippines,TA Coordinator Hire,Filipino Screening VA,Interview Scheduling VA,ATS Admin Assistant,Scale Recruiting Bandwidth,Australian TA Teams,Philippines Recruiting Talent,Dedicated Sourcing Capacity,Partner-Managed Hire,Interview-Ready Recruiters,Clear Employer Process,Remote Recruiting Support,Request Hiring Shortlist,Fill recruitment assistant roles with vetted Philippines specialists.,"Support for sourcing coordination, screening support, and TA ops.",Staffing support shaped for your Australian business hiring pipeline.,We specialise in remote recruiting hires for employers.,,,,,,,,RSA angle B_role; full 15/4; tier=controlled; role=Recruitment; no invented pricing
573-539-1940,Ad,VC_AU_S_ROLES,Search,Paused,,Daily,Maximize Clicks,Google Search,,,Presence,,,Recruitment_Hire_PH,Paused,,,,,Paused,Responsive search ad,https://www.virtualcoworker.app/au/recruitment,shortlist,ta,Shortlist Recruiting Ops,Vetted TA Finalists,Recruiting Hire Shortlist,Recruit TA Then Interview,PH Sourcer Screening,Skip Freelance Recruiters,TA Role Brief to List,Get Recruiting Finalists,Employer TA Hire Path,Screened Screening Support,Sourcing Hire Pipeline,TA Seat Shortlist,Staffing Pipeline for TA,Interview-Ready TA Staff,Ask for TA Shortlist,Need recruiting support? We recruit and screen Philippines TA talent first.,Shortlist-first: you interview; we source and vet recruiting ops finalists.,Employer-only path for recruiting ops — you interview vetted finalists.,Tell us the TA seat. Review vetted candidates before you hire.,,,,,,,,RSA angle C_speed; full 15/4; tier=controlled; role=Recruitment; no invented pricing
573-539-1940,Ad group,VC_AU_S_ROLES,Search,Paused,,Daily,Maximize Clicks,Google Search,,,Presence,,,Recruitment_Outsource_PH,Paused,,,,,,,,,,,,,,,,,,,,,,,,,,,,,,,,,,,,ROLES controlled — Recruitment_Outsource_PH; category=recruitment
573-539-1940,Keyword,VC_AU_S_ROLES,Search,Paused,,Daily,Maximize Clicks,Google Search,,,Presence,,,Recruitment_Outsource_PH,Paused,,offshore recruitment philippines,Exact,Paused,,,,,,,,,,,,,,,,,,,,,,,,,,,,,,,,v6 Exact — ST evidence + employer long-tail
573-539-1940,Keyword,VC_AU_S_ROLES,Search,Paused,,Daily,Maximize Clicks,Google Search,,,Presence,,,Recruitment_Outsource_PH,Paused,,outsource recruitment support philippines,Exact,Paused,,,,,,,,,,,,,,,,,,,,,,,,,,,,,,,,VC_Keywords_Paused_Live · George paused live USA Exact junk/general/job-seeker-y terms; synced from Editor DB ape_4967151855 (Get recent changes). Phrase stays paused (Exact-only bidding). (2026-08-07); was Exact
573-539-1940,Keyword,VC_AU_S_ROLES,Search,Paused,,Daily,Maximize Clicks,Google Search,,,Presence,,,Recruitment_Outsource_PH,Paused,,offshore recruitment assistant,Exact,Paused,,,,,,,,,,,,,,,,,,,,,,,,,,,,,,,,VC_Keywords_Paused_Live · George paused live USA Exact junk/general/job-seeker-y terms; synced from Editor DB ape_4967151855 (Get recent changes). Phrase stays paused (Exact-only bidding). (2026-08-07); was Exact
573-539-1940,Keyword,VC_AU_S_ROLES,Search,Paused,,Daily,Maximize Clicks,Google Search,,,Presence,,,Recruitment_Outsource_PH,Paused,,recruitment assistant services,Exact,Paused,,,,,,,,,,,,,,,,,,,,,,,,,,,,,,,,v6 Exact — ST evidence + employer long-tail
573-539-1940,Keyword,VC_AU_S_ROLES,Search,Paused,,Daily,Maximize Clicks,Google Search,,,Presence,,,Recruitment_Outsource_PH,Paused,,philippines recruiting outsourcing,Exact,Paused,,,,,,,,,,,,,,,,,,,,,,,,,,,,,,,,VC_Keywords_Paused_Live · George paused live USA Exact junk/general/job-seeker-y terms; synced from Editor DB ape_4967151855 (Get recent changes). Phrase stays paused (Exact-only bidding). (2026-08-07); was Exact
573-539-1940,Keyword,VC_AU_S_ROLES,Search,Paused,,Daily,Maximize Clicks,Google Search,,,Presence,,,Recruitment_Outsource_PH,Paused,,outsource talent sourcing philippines,Exact,Paused,,,,,,,,,,,,,,,,,,,,,,,,,,,,,,,,VC_Keywords_Paused_Live · George paused live USA Exact junk/general/job-seeker-y terms; synced from Editor DB ape_4967151855 (Get recent changes). Phrase stays paused (Exact-only bidding). (2026-08-07); was Exact
573-539-1940,Keyword,VC_AU_S_ROLES,Search,Paused,,Daily,Maximize Clicks,Google Search,,,Presence,,,Recruitment_Outsource_PH,Paused,,remote recruiting team philippines,Exact,Paused,,,,,,,,,,,,,,,,,,,,,,,,,,,,,,,,v6 Exact — ST evidence + employer long-tail
573-539-1940,Keyword,VC_AU_S_ROLES,Search,Paused,,Daily,Maximize Clicks,Google Search,,,Presence,,,Recruitment_Outsource_PH,Paused,,dedicated recruiting staff philippines,Exact,Paused,,,,,,,,,,,,,,,,,,,,,,,,,,,,,,,,VC_Keywords_Paused_Live · George paused live USA Exact junk/general/job-seeker-y terms; synced from Editor DB ape_4967151855 (Get recent changes). Phrase stays paused (Exact-only bidding). (2026-08-07); was Exact
573-539-1940,Keyword,VC_AU_S_ROLES,Search,Paused,,Daily,Maximize Clicks,Google Search,,,Presence,,,Recruitment_Outsource_PH,Paused,,outsource candidate screening philippines,Exact,Paused,,,,,,,,,,,,,,,,,,,,,,,,,,,,,,,,VC_Keywords_Paused_Live · George paused live USA Exact junk/general/job-seeker-y terms; synced from Editor DB ape_4967151855 (Get recent changes). Phrase stays paused (Exact-only bidding). (2026-08-07); was Exact
573-539-1940,Keyword,VC_AU_S_ROLES,Search,Paused,,Daily,Maximize Clicks,Google Search,,,Presence,,,Recruitment_Outsource_PH,Paused,,offshore ta support philippines,Exact,Paused,,,,,,,,,,,,,,,,,,,,,,,,,,,,,,,,VC_Keywords_Paused_Live · George paused live USA Exact junk/general/job-seeker-y terms; synced from Editor DB ape_4967151855 (Get recent changes). Phrase stays paused (Exact-only bidding). (2026-08-07); was Exact
573-539-1940,Keyword,VC_AU_S_ROLES,Search,Paused,,Daily,Maximize Clicks,Google Search,,,Presence,,,Recruitment_Outsource_PH,Paused,,filipino recruiting team for hire,Exact,Paused,,,,,,,,,,,,,,,,,,,,,,,,,,,,,,,,VC_Keywords_Paused_Live · George paused live USA Exact junk/general/job-seeker-y terms; synced from Editor DB ape_4967151855 (Get recent changes). Phrase stays paused (Exact-only bidding). (2026-08-07); was Exact
573-539-1940,Keyword,VC_AU_S_ROLES,Search,Paused,,Daily,Maximize Clicks,Google Search,,,Presence,,,Recruitment_Outsource_PH,Paused,,hire outsourced recruitment assistant,Exact,Paused,,,,,,,,,,,,,,,,,,,,,,,,,,,,,,,,VC_Keywords_Paused_Live · George paused live USA Exact junk/general/job-seeker-y terms; synced from Editor DB ape_4967151855 (Get recent changes). Phrase stays paused (Exact-only bidding). (2026-08-07); was Exact
573-539-1940,Keyword,VC_AU_S_ROLES,Search,Paused,,Daily,Maximize Clicks,Google Search,,,Presence,,,Recruitment_Outsource_PH,Paused,,recruiting ops outsourcing philippines,Exact,Paused,,,,,,,,,,,,,,,,,,,,,,,,,,,,,,,,VC_Keywords_Paused_Live · George paused live USA Exact junk/general/job-seeker-y terms; synced from Editor DB ape_4967151855 (Get recent changes). Phrase stays paused (Exact-only bidding). (2026-08-07); was Exact
573-539-1940,Keyword,VC_AU_S_ROLES,Search,Paused,,Daily,Maximize Clicks,Google Search,,,Presence,,,Recruitment_Outsource_PH,Paused,,philippines remote recruiting support,Exact,Paused,,,,,,,,,,,,,,,,,,,,,,,,,,,,,,,,VC_Keywords_Paused_Live · George paused live USA Exact junk/general/job-seeker-y terms; synced from Editor DB ape_4967151855 (Get recent changes). Phrase stays paused (Exact-only bidding). (2026-08-07); was Exact
573-539-1940,Keyword,VC_AU_S_ROLES,Search,Paused,,Daily,Maximize Clicks,Google Search,,,Presence,,,Recruitment_Outsource_PH,Paused,,outsource interview scheduling philippines,Exact,Paused,,,,,,,,,,,,,,,,,,,,,,,,,,,,,,,,VC_Keywords_Paused_Live · George paused live USA Exact junk/general/job-seeker-y terms; synced from Editor DB ape_4967151855 (Get recent changes). Phrase stays paused (Exact-only bidding). (2026-08-07); was Exact
573-539-1940,Keyword,VC_AU_S_ROLES,Search,Paused,,Daily,Maximize Clicks,Google Search,,,Presence,,,Recruitment_Outsource_PH,Paused,,offshore sourcer philippines,Exact,Paused,,,,,,,,,,,,,,,,,,,,,,,,,,,,,,,,VC_Keywords_Paused_Live · George paused live USA Exact junk/general/job-seeker-y terms; synced from Editor DB ape_4967151855 (Get recent changes). Phrase stays paused (Exact-only bidding). (2026-08-07); was Exact
573-539-1940,Keyword,VC_AU_S_ROLES,Search,Paused,,Daily,Maximize Clicks,Google Search,,,Presence,,,Recruitment_Outsource_PH,Paused,,smb recruiting support outsourcing ph,Exact,Paused,,,,,,,,,,,,,,,,,,,,,,,,,,,,,,,,VC_Keywords_Paused_Live · George paused live USA Exact junk/general/job-seeker-y terms; synced from Editor DB ape_4967151855 (Get recent changes). Phrase stays paused (Exact-only bidding). (2026-08-07); was Exact
573-539-1940,Keyword,VC_AU_S_ROLES,Search,Paused,,Daily,Maximize Clicks,Google Search,,,Presence,,,Recruitment_Outsource_PH,Paused,,talent ops staffing philippines,Exact,Paused,,,,,,,,,,,,,,,,,,,,,,,,,,,,,,,,VC_Keywords_Paused_Live · George paused live USA Exact junk/general/job-seeker-y terms; synced from Editor DB ape_4967151855 (Get recent changes). Phrase stays paused (Exact-only bidding). (2026-08-07); was Exact
573-539-1940,Keyword,VC_AU_S_ROLES,Search,Paused,,Daily,Maximize Clicks,Google Search,,,Presence,,,Recruitment_Outsource_PH,Paused,,outsource recruiter coordination philippines,Exact,Paused,,,,,,,,,,,,,,,,,,,,,,,,,,,,,,,,VC_Keywords_Paused_Live · George paused live USA Exact junk/general/job-seeker-y terms; synced from Editor DB ape_4967151855 (Get recent changes). Phrase stays paused (Exact-only bidding). (2026-08-07); was Exact
573-539-1940,Keyword,VC_AU_S_ROLES,Search,Paused,,Daily,Maximize Clicks,Google Search,,,Presence,,,Recruitment_Outsource_PH,Paused,,philippines recruitment process support,Exact,Paused,,,,,,,,,,,,,,,,,,,,,,,,,,,,,,,,VC_Keywords_Paused_Live · George paused live USA Exact junk/general/job-seeker-y terms; synced from Editor DB ape_4967151855 (Get recent changes). Phrase stays paused (Exact-only bidding). (2026-08-07); was Exact
573-539-1940,Keyword,VC_AU_S_ROLES,Search,Paused,,Daily,Maximize Clicks,Google Search,,,Presence,,,Recruitment_Outsource_PH,Paused,,remote sourcing team philippines,Exact,Paused,,,,,,,,,,,,,,,,,,,,,,,,,,,,,,,,VC_Keywords_Paused_Live · George paused live USA Exact junk/general/job-seeker-y terms; synced from Editor DB ape_4967151855 (Get recent changes). Phrase stays paused (Exact-only bidding). (2026-08-07); was Exact
573-539-1940,Keyword,VC_AU_S_ROLES,Search,Paused,,Daily,Maximize Clicks,Google Search,,,Presence,,,Recruitment_Outsource_PH,Paused,,outsource ats admin philippines,Exact,Paused,,,,,,,,,,,,,,,,,,,,,,,,,,,,,,,,VC_Keywords_Paused_Live · George paused live USA Exact junk/general/job-seeker-y terms; synced from Editor DB ape_4967151855 (Get recent changes). Phrase stays paused (Exact-only bidding). (2026-08-07); was Exact
573-539-1940,Keyword,VC_AU_S_ROLES,Search,Paused,,Daily,Maximize Clicks,Google Search,,,Presence,,,Recruitment_Outsource_PH,Paused,,offshore recruitment philippines,Phrase,Paused,,,,,,,,,,,,,,,,,,,,,,,,,,,,,,,,v6 Phrase — discovery from converting ST clusters
573-539-1940,Keyword,VC_AU_S_ROLES,Search,Paused,,Daily,Maximize Clicks,Google Search,,,Presence,,,Recruitment_Outsource_PH,Paused,,outsource recruitment support,Phrase,Paused,,,,,,,,,,,,,,,,,,,,,,,,,,,,,,,,v6 Phrase — discovery from converting ST clusters
573-539-1940,Keyword,VC_AU_S_ROLES,Search,Paused,,Daily,Maximize Clicks,Google Search,,,Presence,,,Recruitment_Outsource_PH,Paused,,outsource talent sourcing philippines,Phrase,Paused,,,,,,,,,,,,,,,,,,,,,,,,,,,,,,,,VC_Keywords_Paused_Live · George paused live USA Exact junk/general/job-seeker-y terms; synced from Editor DB ape_4967151855 (Get recent changes). Phrase stays paused (Exact-only bidding). (2026-08-07); was Phrase
573-539-1940,Keyword,VC_AU_S_ROLES,Search,Paused,,Daily,Maximize Clicks,Google Search,,,Presence,,,Recruitment_Outsource_PH,Paused,,philippines recruiting staff,Phrase,Paused,,,,,,,,,,,,,,,,,,,,,,,,,,,,,,,,v6 Phrase — discovery from converting ST clusters
573-539-1940,Keyword,VC_AU_S_ROLES,Search,Paused,,Daily,Maximize Clicks,Google Search,,,Presence,,,Recruitment_Outsource_PH,Paused,,offshore recruiting assistant,Phrase,Paused,,,,,,,,,,,,,,,,,,,,,,,,,,,,,,,,v6 Phrase — discovery from converting ST clusters
573-539-1940,Keyword,VC_AU_S_ROLES,Search,Paused,,Daily,Maximize Clicks,Google Search,,,Presence,,,Recruitment_Outsource_PH,Paused,,outsource candidate screening,Phrase,Paused,,,,,,,,,,,,,,,,,,,,,,,,,,,,,,,,v6 Phrase — discovery from converting ST clusters
573-539-1940,Keyword,VC_AU_S_ROLES,Search,Paused,,Daily,Maximize Clicks,Google Search,,,Presence,,,Recruitment_Outsource_PH,Paused,,recruiting ops outsourcing,Phrase,Paused,,,,,,,,,,,,,,,,,,,,,,,,,,,,,,,,v6 Phrase — discovery from converting ST clusters
573-539-1940,Ad,VC_AU_S_ROLES,Search,Paused,,Daily,Maximize Clicks,Google Search,,,Presence,,,Recruitment_Outsource_PH,Paused,,,,,Paused,Responsive search ad,https://www.virtualcoworker.app/au/recruitment,outsource,ta,Outsource Recruiting Support,Offshore TA Philippines,Recruiting Ops Outsourcing,AU Recruiting Partner,Dedicated TA Seat,Not Gig Recruiting,Vetted Recruiting Staff,Sourcing Ops Offshore,Remote TA Capacity,Employer-Only Intake,Recruiting Staff Placement,Predictable Pipeline Help,For Australian SMEs,Ongoing Screening Capacity,Start Hiring Request,Outsource recruitment support to dedicated Philippines specialists.,"Keep hiring decisions; we recruit, vet, and support the TA seat.",Built for Australian employers who need accountable offshore recruiting ops.,Partner-led outsourcing with interview-before-placement discipline.,,,,,,,,RSA angle A_partner; full 15/4; tier=controlled; role=Recruitment; no invented pricing
573-539-1940,Ad,VC_AU_S_ROLES,Search,Paused,,Daily,Maximize Clicks,Google Search,,,Presence,,,Recruitment_Outsource_PH,Paused,,,,,Paused,Responsive search ad,https://www.virtualcoworker.app/au/recruitment,offshore,ph,PH Recruiting Outsourcing,Outsource Talent Sourcing,Outsource Screening Ops,Recruiting Bench PH,Remote TA Ops Staff,Scale TA Without Hire,Dedicated Sourcer Seats,Fit for Australian TA,Candidate Coord Staffing,Vetted Recruiting Seats,Outsource ATS Admin,Offshore Recruiting Ops,Partner-Led TA Ops,Interview Then Place,Outsource This Role PH,Add Philippines recruiting capacity for sourcing and screening support.,Dedicated seats keep pipelines moving without contractor churn.,Ask about an outsourcing path for your organisation's TA ops.,For Australian businesses that need dependable remote recruiting support.,,,,,,,,RSA angle B_capacity; full 15/4; tier=controlled; role=Recruitment; no invented pricing
573-539-1940,Ad,VC_AU_S_ROLES,Search,Paused,,Daily,Maximize Clicks,Google Search,,,Presence,,,Recruitment_Outsource_PH,Paused,,,,,Paused,Responsive search ad,https://www.virtualcoworker.app/au/recruitment,dedicated,ta,Dedicated PH TA Seat,Same Sourcer Daily,Accountable Recruiting Ops,Philippines TA Continuity,Not Gig Recruiting Apps,Offshore TA Ownership,TA Seat You Can Keep,Interview TA Then Place,Vetted Recruiting Seat,Remote TA Ownership,Staffing Not Job Boards,Proof in Dedicated TA,Sourcing Seat From PH,Screening Ops Dedicated,Request Dedicated TA,Outsource recruiting ops with a dedicated Philippines seat — not gig apps.,Proof is continuity: one vetted TA seat you interview before placement.,Built for Australian employers needing accountable offshore recruiting capacity.,Partner-led model. You keep hiring decisions — fill targets set in follow-up.,,,,,,,,RSA angle C_proof; full 15/4; tier=controlled; role=Recruitment; no invented pricing
573-539-1940,Ad group,VC_AU_S_ROLES,Search,Paused,,Daily,Maximize Clicks,Google Search,,,Presence,,,Sales_Hire_PH,Paused,,,,,,,,,,,,,,,,,,,,,,,,,,,,,,,,,,,,ROLES controlled — Sales_Hire_PH; category=sales
573-539-1940,Keyword,VC_AU_S_ROLES,Search,Paused,,Daily,Maximize Clicks,Google Search,,,Presence,,,Sales_Hire_PH,Paused,,sales virtual assistant,Exact,Paused,,,,,,,,,,,,,,,,,,,,,,,,,,,,,,,,v6 Exact — ST evidence + employer long-tail
573-539-1940,Keyword,VC_AU_S_ROLES,Search,Paused,,Daily,Maximize Clicks,Google Search,,,Presence,,,Sales_Hire_PH,Paused,,sales virtual assistants,Exact,Paused,,,,,,,,,,,,,,,,,,,,,,,,,,,,,,,,v6 Exact — ST evidence + employer long-tail
573-539-1940,Keyword,VC_AU_S_ROLES,Search,Paused,,Daily,Maximize Clicks,Google Search,,,Presence,,,Sales_Hire_PH,Paused,,sales va,Exact,Paused,,,,,,,,,,,,,,,,,,,,,,,,,,,,,,,,v6 Exact — ST evidence + employer long-tail
573-539-1940,Keyword,VC_AU_S_ROLES,Search,Paused,,Daily,Maximize Clicks,Google Search,,,Presence,,,Sales_Hire_PH,Paused,,virtual assistant for sales,Exact,Paused,,,,,,,,,,,,,,,,,,,,,,,,,,,,,,,,v6 Exact — ST evidence + employer long-tail
573-539-1940,Keyword,VC_AU_S_ROLES,Search,Paused,,Daily,Maximize Clicks,Google Search,,,Presence,,,Sales_Hire_PH,Paused,,virtual assistant sales,Exact,Paused,,,,,,,,,,,,,,,,,,,,,,,,,,,,,,,,v6 Exact — ST evidence + employer long-tail
573-539-1940,Keyword,VC_AU_S_ROLES,Search,Paused,,Daily,Maximize Clicks,Google Search,,,Presence,,,Sales_Hire_PH,Paused,,virtual sales assistant,Exact,Paused,,,,,,,,,,,,,,,,,,,,,,,,,,,,,,,,v6 Exact — ST evidence + employer long-tail
573-539-1940,Keyword,VC_AU_S_ROLES,Search,Paused,,Daily,Maximize Clicks,Google Search,,,Presence,,,Sales_Hire_PH,Paused,,hire virtual sales assistant,Exact,Paused,,,,,,,,,,,,,,,,,,,,,,,,,,,,,,,,v6 Exact — ST evidence + employer long-tail
573-539-1940,Keyword,VC_AU_S_ROLES,Search,Paused,,Daily,Maximize Clicks,Google Search,,,Presence,,,Sales_Hire_PH,Paused,,lead generation virtual assistant,Exact,Paused,,,,,,,,,,,,,,,,,,,,,,,,,,,,,,,,v6 Exact — ST evidence + employer long-tail
573-539-1940,Keyword,VC_AU_S_ROLES,Search,Paused,,Daily,Maximize Clicks,Google Search,,,Presence,,,Sales_Hire_PH,Paused,,virtual assistant lead generation,Exact,Paused,,,,,,,,,,,,,,,,,,,,,,,,,,,,,,,,v6 Exact — ST evidence + employer long-tail
573-539-1940,Keyword,VC_AU_S_ROLES,Search,Paused,,Daily,Maximize Clicks,Google Search,,,Presence,,,Sales_Hire_PH,Paused,,virtual assistant for lead generation,Exact,Paused,,,,,,,,,,,,,,,,,,,,,,,,,,,,,,,,v6 Exact — ST evidence + employer long-tail
573-539-1940,Keyword,VC_AU_S_ROLES,Search,Paused,,Daily,Maximize Clicks,Google Search,,,Presence,,,Sales_Hire_PH,Paused,,lead gen va,Exact,Paused,,,,,,,,,,,,,,,,,,,,,,,,,,,,,,,,v6 Exact — ST evidence + employer long-tail
573-539-1940,Keyword,VC_AU_S_ROLES,Search,Paused,,Daily,Maximize Clicks,Google Search,,,Presence,,,Sales_Hire_PH,Paused,,virtual assistant appointment setter,Exact,Paused,,,,,,,,,,,,,,,,,,,,,,,,,,,,,,,,v6 Exact — ST evidence + employer long-tail
573-539-1940,Keyword,VC_AU_S_ROLES,Search,Paused,,Daily,Maximize Clicks,Google Search,,,Presence,,,Sales_Hire_PH,Paused,,appointment setter philippines,Exact,Paused,,,,,,,,,,,,,,,,,,,,,,,,,,,,,,,,v6 Exact — ST evidence + employer long-tail
573-539-1940,Keyword,VC_AU_S_ROLES,Search,Paused,,Daily,Maximize Clicks,Google Search,,,Presence,,,Sales_Hire_PH,Paused,,va appointment setter,Exact,Paused,,,,,,,,,,,,,,,,,,,,,,,,,,,,,,,,v6 Exact — ST evidence + employer long-tail
573-539-1940,Keyword,VC_AU_S_ROLES,Search,Paused,,Daily,Maximize Clicks,Google Search,,,Presence,,,Sales_Hire_PH,Paused,,virtual appointment setter,Exact,Paused,,,,,,,,,,,,,,,,,,,,,,,,,,,,,,,,v6 Exact — ST evidence + employer long-tail
573-539-1940,Keyword,VC_AU_S_ROLES,Search,Paused,,Daily,Maximize Clicks,Google Search,,,Presence,,,Sales_Hire_PH,Paused,,virtual assistant cold calling,Exact,Paused,,,,,,,,,,,,,,,,,,,,,,,,,,,,,,,,v6 Exact — ST evidence + employer long-tail
573-539-1940,Keyword,VC_AU_S_ROLES,Search,Paused,,Daily,Maximize Clicks,Google Search,,,Presence,,,Sales_Hire_PH,Paused,,hire filipino lead generation specialist,Exact,Paused,,,,,,,,,,,,,,,,,,,,,,,,,,,,,,,,VC_Keywords_Paused_Live · George paused live USA Exact junk/general/job-seeker-y terms; synced from Editor DB ape_4967151855 (Get recent changes). Phrase stays paused (Exact-only bidding). (2026-08-07); was Exact
573-539-1940,Keyword,VC_AU_S_ROLES,Search,Paused,,Daily,Maximize Clicks,Google Search,,,Presence,,,Sales_Hire_PH,Paused,,hire sales assistant philippines,Exact,Paused,,,,,,,,,,,,,,,,,,,,,,,,,,,,,,,,v6 Exact — ST evidence + employer long-tail
573-539-1940,Keyword,VC_AU_S_ROLES,Search,Paused,,Daily,Maximize Clicks,Google Search,,,Presence,,,Sales_Hire_PH,Paused,,hire appointment setter philippines,Exact,Paused,,,,,,,,,,,,,,,,,,,,,,,,,,,,,,,,VC_Keywords_Paused_Live · George paused live USA Exact junk/general/job-seeker-y terms; synced from Editor DB ape_4967151855 (Get recent changes). Phrase stays paused (Exact-only bidding). (2026-08-07); was Exact
573-539-1940,Keyword,VC_AU_S_ROLES,Search,Paused,,Daily,Maximize Clicks,Google Search,,,Presence,,,Sales_Hire_PH,Paused,,hire filipino appointment setter,Exact,Paused,,,,,,,,,,,,,,,,,,,,,,,,,,,,,,,,VC_Keywords_Paused_Live · George paused live USA Exact junk/general/job-seeker-y terms; synced from Editor DB ape_4967151855 (Get recent changes). Phrase stays paused (Exact-only bidding). (2026-08-07); was Exact
573-539-1940,Keyword,VC_AU_S_ROLES,Search,Paused,,Daily,Maximize Clicks,Google Search,,,Presence,,,Sales_Hire_PH,Paused,,hire lead generation va philippines,Exact,Paused,,,,,,,,,,,,,,,,,,,,,,,,,,,,,,,,VC_Keywords_Paused_Live · George paused live USA Exact junk/general/job-seeker-y terms; synced from Editor DB ape_4967151855 (Get recent changes). Phrase stays paused (Exact-only bidding). (2026-08-07); was Exact
573-539-1940,Keyword,VC_AU_S_ROLES,Search,Paused,,Daily,Maximize Clicks,Google Search,,,Presence,,,Sales_Hire_PH,Paused,,filipino lead generation specialist,Exact,Paused,,,,,,,,,,,,,,,,,,,,,,,,,,,,,,,,VC_Keywords_Paused_Live · George paused live USA Exact junk/general/job-seeker-y terms; synced from Editor DB ape_4967151855 (Get recent changes). Phrase stays paused (Exact-only bidding). (2026-08-07); was Exact
573-539-1940,Keyword,VC_AU_S_ROLES,Search,Paused,,Daily,Maximize Clicks,Google Search,,,Presence,,,Sales_Hire_PH,Paused,,lead generation specialist philippines,Exact,Paused,,,,,,,,,,,,,,,,,,,,,,,,,,,,,,,,v6 Exact — ST evidence + employer long-tail
573-539-1940,Keyword,VC_AU_S_ROLES,Search,Paused,,Daily,Maximize Clicks,Google Search,,,Presence,,,Sales_Hire_PH,Paused,,filipino lead generation va,Exact,Paused,,,,,,,,,,,,,,,,,,,,,,,,,,,,,,,,v6 Exact — ST evidence + employer long-tail
573-539-1940,Keyword,VC_AU_S_ROLES,Search,Paused,,Daily,Maximize Clicks,Google Search,,,Presence,,,Sales_Hire_PH,Paused,,filipino lead generation virtual assistant,Exact,Paused,,,,,,,,,,,,,,,,,,,,,,,,,,,,,,,,v6 Exact — ST evidence + employer long-tail
573-539-1940,Keyword,VC_AU_S_ROLES,Search,Paused,,Daily,Maximize Clicks,Google Search,,,Presence,,,Sales_Hire_PH,Paused,,philippines lead generation specialist,Exact,Paused,,,,,,,,,,,,,,,,,,,,,,,,,,,,,,,,v6 Exact — ST evidence + employer long-tail
573-539-1940,Keyword,VC_AU_S_ROLES,Search,Paused,,Daily,Maximize Clicks,Google Search,,,Presence,,,Sales_Hire_PH,Paused,,filipino sales assistant,Exact,Paused,,,,,,,,,,,,,,,,,,,,,,,,,,,,,,,,VC_Keywords_Paused_Live · George paused live USA Exact junk/general/job-seeker-y terms; synced from Editor DB ape_4967151855 (Get recent changes). Phrase stays paused (Exact-only bidding). (2026-08-07); was Exact
573-539-1940,Keyword,VC_AU_S_ROLES,Search,Paused,,Daily,Maximize Clicks,Google Search,,,Presence,,,Sales_Hire_PH,Paused,,virtual sales assistant philippines,Exact,Paused,,,,,,,,,,,,,,,,,,,,,,,,,,,,,,,,v6 Exact — ST evidence + employer long-tail
573-539-1940,Keyword,VC_AU_S_ROLES,Search,Paused,,Daily,Maximize Clicks,Google Search,,,Presence,,,Sales_Hire_PH,Paused,,filipino appointment setter,Exact,Paused,,,,,,,,,,,,,,,,,,,,,,,,,,,,,,,,v6 Exact — ST evidence + employer long-tail
573-539-1940,Keyword,VC_AU_S_ROLES,Search,Paused,,Daily,Maximize Clicks,Google Search,,,Presence,,,Sales_Hire_PH,Paused,,remote lead generation philippines,Exact,Paused,,,,,,,,,,,,,,,,,,,,,,,,,,,,,,,,v6 Exact — ST evidence + employer long-tail
573-539-1940,Keyword,VC_AU_S_ROLES,Search,Paused,,Daily,Maximize Clicks,Google Search,,,Presence,,,Sales_Hire_PH,Paused,,virtual lead generation philippines,Exact,Paused,,,,,,,,,,,,,,,,,,,,,,,,,,,,,,,,VC_Keywords_Paused_Live · George paused live USA Exact junk/general/job-seeker-y terms; synced from Editor DB ape_4967151855 (Get recent changes). Phrase stays paused (Exact-only bidding). (2026-08-07); was Exact
573-539-1940,Keyword,VC_AU_S_ROLES,Search,Paused,,Daily,Maximize Clicks,Google Search,,,Presence,,,Sales_Hire_PH,Paused,,hire outbound sales va philippines,Exact,Paused,,,,,,,,,,,,,,,,,,,,,,,,,,,,,,,,VC_Keywords_Paused_Live · George paused live USA Exact junk/general/job-seeker-y terms; synced from Editor DB ape_4967151855 (Get recent changes). Phrase stays paused (Exact-only bidding). (2026-08-07); was Exact
573-539-1940,Keyword,VC_AU_S_ROLES,Search,Paused,,Daily,Maximize Clicks,Google Search,,,Presence,,,Sales_Hire_PH,Paused,,dedicated sales va philippines,Exact,Paused,,,,,,,,,,,,,,,,,,,,,,,,,,,,,,,,VC_Keywords_Paused_Live · George paused live USA Exact junk/general/job-seeker-y terms; synced from Editor DB ape_4967151855 (Get recent changes). Phrase stays paused (Exact-only bidding). (2026-08-07); was Exact
573-539-1940,Keyword,VC_AU_S_ROLES,Search,Paused,,Daily,Maximize Clicks,Google Search,,,Presence,,,Sales_Hire_PH,Paused,,hire philippines sdr assistant,Exact,Paused,,,,,,,,,,,,,,,,,,,,,,,,,,,,,,,,VC_Keywords_Paused_Live · George paused live USA Exact junk/general/job-seeker-y terms; synced from Editor DB ape_4967151855 (Get recent changes). Phrase stays paused (Exact-only bidding). (2026-08-07); was Exact
573-539-1940,Keyword,VC_AU_S_ROLES,Search,Paused,,Daily,Maximize Clicks,Google Search,,,Presence,,,Sales_Hire_PH,Paused,,filipino pipeline support hire,Exact,Paused,,,,,,,,,,,,,,,,,,,,,,,,,,,,,,,,VC_Keywords_Paused_Live · George paused live USA Exact junk/general/job-seeker-y terms; synced from Editor DB ape_4967151855 (Get recent changes). Phrase stays paused (Exact-only bidding). (2026-08-07); was Exact
573-539-1940,Keyword,VC_AU_S_ROLES,Search,Paused,,Daily,Maximize Clicks,Google Search,,,Presence,,,Sales_Hire_PH,Paused,,hire lead research va philippines,Exact,Paused,,,,,,,,,,,,,,,,,,,,,,,,,,,,,,,,VC_Keywords_Paused_Live · George paused live USA Exact junk/general/job-seeker-y terms; synced from Editor DB ape_4967151855 (Get recent changes). Phrase stays paused (Exact-only bidding). (2026-08-07); was Exact
573-539-1940,Keyword,VC_AU_S_ROLES,Search,Paused,,Daily,Maximize Clicks,Google Search,,,Presence,,,Sales_Hire_PH,Paused,,remote appointment setter philippines,Exact,Paused,,,,,,,,,,,,,,,,,,,,,,,,,,,,,,,,v6 Exact — ST evidence + employer long-tail
573-539-1940,Keyword,VC_AU_S_ROLES,Search,Paused,,Daily,Maximize Clicks,Google Search,,,Presence,,,Sales_Hire_PH,Paused,,hire b2b lead gen va philippines,Exact,Paused,,,,,,,,,,,,,,,,,,,,,,,,,,,,,,,,VC_Keywords_Paused_Live · George paused live USA Exact junk/general/job-seeker-y terms; synced from Editor DB ape_4967151855 (Get recent changes). Phrase stays paused (Exact-only bidding). (2026-08-07); was Exact
573-539-1940,Keyword,VC_AU_S_ROLES,Search,Paused,,Daily,Maximize Clicks,Google Search,,,Presence,,,Sales_Hire_PH,Paused,,lead generation philippines,Exact,Paused,,,,,,,,,,,,,,,,,,,,,,,,,,,,,,,,v6 Exact — ST evidence + employer long-tail
573-539-1940,Keyword,VC_AU_S_ROLES,Search,Paused,,Daily,Maximize Clicks,Google Search,,,Presence,,,Sales_Hire_PH,Paused,,hire filipino lead generation specialist,Phrase,Paused,,,,,,,,,,,,,,,,,,,,,,,,,,,,,,,,VC_Keywords_Paused_Live · George paused live USA Exact junk/general/job-seeker-y terms; synced from Editor DB ape_4967151855 (Get recent changes). Phrase stays paused (Exact-only bidding). (2026-08-07); was Phrase
573-539-1940,Keyword,VC_AU_S_ROLES,Search,Paused,,Daily,Maximize Clicks,Google Search,,,Presence,,,Sales_Hire_PH,Paused,,hire appointment setter philippines,Phrase,Paused,,,,,,,,,,,,,,,,,,,,,,,,,,,,,,,,VC_Keywords_Paused_Live · George paused live USA Exact junk/general/job-seeker-y terms; synced from Editor DB ape_4967151855 (Get recent changes). Phrase stays paused (Exact-only bidding). (2026-08-07); was Phrase
573-539-1940,Keyword,VC_AU_S_ROLES,Search,Paused,,Daily,Maximize Clicks,Google Search,,,Presence,,,Sales_Hire_PH,Paused,,sales virtual assistant,Phrase,Paused,,,,,,,,,,,,,,,,,,,,,,,,,,,,,,,,v6 Phrase — discovery from converting ST clusters
573-539-1940,Keyword,VC_AU_S_ROLES,Search,Paused,,Daily,Maximize Clicks,Google Search,,,Presence,,,Sales_Hire_PH,Paused,,virtual assistant for sales,Phrase,Paused,,,,,,,,,,,,,,,,,,,,,,,,,,,,,,,,v6 Phrase — discovery from converting ST clusters
573-539-1940,Keyword,VC_AU_S_ROLES,Search,Paused,,Daily,Maximize Clicks,Google Search,,,Presence,,,Sales_Hire_PH,Paused,,lead generation virtual assistant,Phrase,Paused,,,,,,,,,,,,,,,,,,,,,,,,,,,,,,,,v6 Phrase — discovery from converting ST clusters
573-539-1940,Keyword,VC_AU_S_ROLES,Search,Paused,,Daily,Maximize Clicks,Google Search,,,Presence,,,Sales_Hire_PH,Paused,,virtual sales assistant philippines,Phrase,Paused,,,,,,,,,,,,,,,,,,,,,,,,,,,,,,,,v6 Phrase — discovery from converting ST clusters
573-539-1940,Keyword,VC_AU_S_ROLES,Search,Paused,,Daily,Maximize Clicks,Google Search,,,Presence,,,Sales_Hire_PH,Paused,,hire lead generation va,Phrase,Paused,,,,,,,,,,,,,,,,,,,,,,,,,,,,,,,,v6 Phrase — discovery from converting ST clusters
573-539-1940,Keyword,VC_AU_S_ROLES,Search,Paused,,Daily,Maximize Clicks,Google Search,,,Presence,,,Sales_Hire_PH,Paused,,filipino appointment setter,Phrase,Paused,,,,,,,,,,,,,,,,,,,,,,,,,,,,,,,,v6 Phrase — discovery from converting ST clusters
573-539-1940,Keyword,VC_AU_S_ROLES,Search,Paused,,Daily,Maximize Clicks,Google Search,,,Presence,,,Sales_Hire_PH,Paused,,hire sales assistant philippines,Phrase,Paused,,,,,,,,,,,,,,,,,,,,,,,,,,,,,,,,v6 Phrase — discovery from converting ST clusters
573-539-1940,Keyword,VC_AU_S_ROLES,Search,Paused,,Daily,Maximize Clicks,Google Search,,,Presence,,,Sales_Hire_PH,Paused,,philippines lead generation specialist,Phrase,Paused,,,,,,,,,,,,,,,,,,,,,,,,,,,,,,,,v6 Phrase — discovery from converting ST clusters
573-539-1940,Keyword,VC_AU_S_ROLES,Search,Paused,,Daily,Maximize Clicks,Google Search,,,Presence,,,Sales_Hire_PH,Paused,,remote appointment setter philippines,Phrase,Paused,,,,,,,,,,,,,,,,,,,,,,,,,,,,,,,,v6 Phrase — discovery from converting ST clusters
573-539-1940,Keyword,VC_AU_S_ROLES,Search,Paused,,Daily,Maximize Clicks,Google Search,,,Presence,,,Sales_Hire_PH,Paused,,virtual assistant appointment setter,Phrase,Paused,,,,,,,,,,,,,,,,,,,,,,,,,,,,,,,,v6 Phrase — discovery from converting ST clusters
573-539-1940,Ad,VC_AU_S_ROLES,Search,Paused,,Daily,Maximize Clicks,Google Search,,,Presence,,,Sales_Hire_PH,Paused,,,,,Paused,Responsive search ad,https://www.virtualcoworker.app/au/sales,sales,hire,Hire Lead Gen Specialist,Filipino Sales Assistant,Appointment Setter PH,AU Sales Staffing,Vetted Sales Shortlist,Interview Sales Finalists,Dedicated Sales Seat,Pipeline Support Hire,Outbound VA Philippines,Employer Hiring Path,Remote SDR Support,Not Freelance Lead Gigs,Built for Australian SMEs,Ongoing Lead Capacity,Tell Us Who You Need,Hire dedicated Filipino sales support through a staffing partner.,"You interview the shortlist; we recruit, vet, and support placement.",For Australian employers who need reliable lead-gen and appointment capacity.,Ongoing sales support hires — not freelance list-pull gigs.,,,,,,,,RSA angle A_staffing; full 15/4; tier=controlled; role=Sales; no invented pricing
573-539-1940,Ad,VC_AU_S_ROLES,Search,Paused,,Daily,Maximize Clicks,Google Search,,,Presence,,,Sales_Hire_PH,Paused,,,,,Paused,Responsive search ad,https://www.virtualcoworker.app/au/sales,sales,va,{KeyWord:Hire Lead Gen VA},Hire Appointment Setter,B2B Prospecting VA,Filipino Pipeline VA,Lead Research Specialist,CRM Sales Admin Hire,Scale Outbound Bandwidth,Australian Sales Teams,Philippines Sales Talent,Dedicated Outbound Seat,Partner-Managed Hire,Interview-Ready Setters,Clear Employer Process,Remote Sales Support,Request Hiring Shortlist,Fill sales support roles with vetted Philippines specialists.,"Coverage for prospecting support, list work, and appointment setting.",Staffing support shaped for your Australian business pipeline.,We specialise in remote sales hires for employers.,,,,,,,,RSA angle B_role; full 15/4; tier=controlled; role=Sales; no invented pricing
573-539-1940,Ad,VC_AU_S_ROLES,Search,Paused,,Daily,Maximize Clicks,Google Search,,,Presence,,,Sales_Hire_PH,Paused,,,,,Paused,Responsive search ad,https://www.virtualcoworker.app/au/sales,shortlist,sales,Shortlist Lead Gen Talent,Vetted Sales Finalists,Lead Gen Hire Shortlist,Recruit Sales Then Interview,PH Setter Screening,Skip Freelance Lead Lists,Sales Role to Shortlist,Get Pipeline Finalists,Employer Sales Hire Path,Screened Appointment Setters,Outbound Hire Pipeline,Sales Seat Shortlist,Staffing Pipeline Sales,Interview-Ready Setters,Ask for Sales Shortlist,Need sales support? We recruit and screen Philippines lead-gen talent first.,Shortlist-first: you interview; we source and vet setters and sales VAs.,"Pipeline and meeting volume are confirmed in follow-up, not ad promises.",Tell us the sales seat. Review vetted finalists before you hire.,,,,,,,,RSA angle C_speed; full 15/4; tier=controlled; role=Sales; no invented pricing
573-539-1940,Ad group,VC_AU_S_ROLES,Search,Paused,,Daily,Maximize Clicks,Google Search,,,Presence,,,Sales_Outsource_PH,Paused,,,,,,,,,,,,,,,,,,,,,,,,,,,,,,,,,,,,ROLES controlled — Sales_Outsource_PH; category=sales
573-539-1940,Keyword,VC_AU_S_ROLES,Search,Paused,,Daily,Maximize Clicks,Google Search,,,Presence,,,Sales_Outsource_PH,Paused,,outsource lead generation philippines,Exact,Paused,,,,,,,,,,,,,,,,,,,,,,,,,,,,,,,,v6 Exact — ST evidence + employer long-tail
573-539-1940,Keyword,VC_AU_S_ROLES,Search,Paused,,Daily,Maximize Clicks,Google Search,,,Presence,,,Sales_Outsource_PH,Paused,,lead generation services philippines,Exact,Paused,,,,,,,,,,,,,,,,,,,,,,,,,,,,,,,,v6 Exact — ST evidence + employer long-tail
573-539-1940,Keyword,VC_AU_S_ROLES,Search,Paused,,Daily,Maximize Clicks,Google Search,,,Presence,,,Sales_Outsource_PH,Paused,,lead generation agency philippines,Exact,Paused,,,,,,,,,,,,,,,,,,,,,,,,,,,,,,,,v6 Exact — ST evidence + employer long-tail
573-539-1940,Keyword,VC_AU_S_ROLES,Search,Paused,,Daily,Maximize Clicks,Google Search,,,Presence,,,Sales_Outsource_PH,Paused,,offshore sales assistant philippines,Exact,Paused,,,,,,,,,,,,,,,,,,,,,,,,,,,,,,,,VC_Keywords_Paused_Live · George paused live USA Exact junk/general/job-seeker-y terms; synced from Editor DB ape_4967151855 (Get recent changes). Phrase stays paused (Exact-only bidding). (2026-08-07); was Exact
573-539-1940,Keyword,VC_AU_S_ROLES,Search,Paused,,Daily,Maximize Clicks,Google Search,,,Presence,,,Sales_Outsource_PH,Paused,,philippines lead generation outsourcing,Exact,Paused,,,,,,,,,,,,,,,,,,,,,,,,,,,,,,,,v6 Exact — ST evidence + employer long-tail
573-539-1940,Keyword,VC_AU_S_ROLES,Search,Paused,,Daily,Maximize Clicks,Google Search,,,Presence,,,Sales_Outsource_PH,Paused,,outsource appointment setting philippines,Exact,Paused,,,,,,,,,,,,,,,,,,,,,,,,,,,,,,,,v6 Exact — ST evidence + employer long-tail
573-539-1940,Keyword,VC_AU_S_ROLES,Search,Paused,,Daily,Maximize Clicks,Google Search,,,Presence,,,Sales_Outsource_PH,Paused,,remote sales support philippines,Exact,Paused,,,,,,,,,,,,,,,,,,,,,,,,,,,,,,,,VC_Keywords_Paused_Live · George paused live USA Exact junk/general/job-seeker-y terms; synced from Editor DB ape_4967151855 (Get recent changes). Phrase stays paused (Exact-only bidding). (2026-08-07); was Exact
573-539-1940,Keyword,VC_AU_S_ROLES,Search,Paused,,Daily,Maximize Clicks,Google Search,,,Presence,,,Sales_Outsource_PH,Paused,,dedicated lead gen staff philippines,Exact,Paused,,,,,,,,,,,,,,,,,,,,,,,,,,,,,,,,VC_Keywords_Paused_Live · George paused live USA Exact junk/general/job-seeker-y terms; synced from Editor DB ape_4967151855 (Get recent changes). Phrase stays paused (Exact-only bidding). (2026-08-07); was Exact
573-539-1940,Keyword,VC_AU_S_ROLES,Search,Paused,,Daily,Maximize Clicks,Google Search,,,Presence,,,Sales_Outsource_PH,Paused,,offshore lead generation philippines,Exact,Paused,,,,,,,,,,,,,,,,,,,,,,,,,,,,,,,,v6 Exact — ST evidence + employer long-tail
573-539-1940,Keyword,VC_AU_S_ROLES,Search,Paused,,Daily,Maximize Clicks,Google Search,,,Presence,,,Sales_Outsource_PH,Paused,,filipino sales team for hire,Exact,Paused,,,,,,,,,,,,,,,,,,,,,,,,,,,,,,,,VC_Keywords_Paused_Live · George paused live USA Exact junk/general/job-seeker-y terms; synced from Editor DB ape_4967151855 (Get recent changes). Phrase stays paused (Exact-only bidding). (2026-08-07); was Exact
573-539-1940,Keyword,VC_AU_S_ROLES,Search,Paused,,Daily,Maximize Clicks,Google Search,,,Presence,,,Sales_Outsource_PH,Paused,,hire outsourced appointment setter,Exact,Paused,,,,,,,,,,,,,,,,,,,,,,,,,,,,,,,,VC_Keywords_Paused_Live · George paused live USA Exact junk/general/job-seeker-y terms; synced from Editor DB ape_4967151855 (Get recent changes). Phrase stays paused (Exact-only bidding). (2026-08-07); was Exact
573-539-1940,Keyword,VC_AU_S_ROLES,Search,Paused,,Daily,Maximize Clicks,Google Search,,,Presence,,,Sales_Outsource_PH,Paused,,outsource prospecting philippines,Exact,Paused,,,,,,,,,,,,,,,,,,,,,,,,,,,,,,,,VC_Keywords_Paused_Live · George paused live USA Exact junk/general/job-seeker-y terms; synced from Editor DB ape_4967151855 (Get recent changes). Phrase stays paused (Exact-only bidding). (2026-08-07); was Exact
573-539-1940,Keyword,VC_AU_S_ROLES,Search,Paused,,Daily,Maximize Clicks,Google Search,,,Presence,,,Sales_Outsource_PH,Paused,,sales ops outsourcing philippines,Exact,Paused,,,,,,,,,,,,,,,,,,,,,,,,,,,,,,,,VC_Keywords_Paused_Live · George paused live USA Exact junk/general/job-seeker-y terms; synced from Editor DB ape_4967151855 (Get recent changes). Phrase stays paused (Exact-only bidding). (2026-08-07); was Exact
573-539-1940,Keyword,VC_AU_S_ROLES,Search,Paused,,Daily,Maximize Clicks,Google Search,,,Presence,,,Sales_Outsource_PH,Paused,,philippines remote sdr support,Exact,Paused,,,,,,,,,,,,,,,,,,,,,,,,,,,,,,,,VC_Keywords_Paused_Live · George paused live USA Exact junk/general/job-seeker-y terms; synced from Editor DB ape_4967151855 (Get recent changes). Phrase stays paused (Exact-only bidding). (2026-08-07); was Exact
573-539-1940,Keyword,VC_AU_S_ROLES,Search,Paused,,Daily,Maximize Clicks,Google Search,,,Presence,,,Sales_Outsource_PH,Paused,,outsource list building philippines,Exact,Paused,,,,,,,,,,,,,,,,,,,,,,,,,,,,,,,,VC_Keywords_Paused_Live · George paused live USA Exact junk/general/job-seeker-y terms; synced from Editor DB ape_4967151855 (Get recent changes). Phrase stays paused (Exact-only bidding). (2026-08-07); was Exact
573-539-1940,Keyword,VC_AU_S_ROLES,Search,Paused,,Daily,Maximize Clicks,Google Search,,,Presence,,,Sales_Outsource_PH,Paused,,offshore bdr support philippines,Exact,Paused,,,,,,,,,,,,,,,,,,,,,,,,,,,,,,,,VC_Keywords_Paused_Live · George paused live USA Exact junk/general/job-seeker-y terms; synced from Editor DB ape_4967151855 (Get recent changes). Phrase stays paused (Exact-only bidding). (2026-08-07); was Exact
573-539-1940,Keyword,VC_AU_S_ROLES,Search,Paused,,Daily,Maximize Clicks,Google Search,,,Presence,,,Sales_Outsource_PH,Paused,,smb lead gen outsourcing philippines,Exact,Paused,,,,,,,,,,,,,,,,,,,,,,,,,,,,,,,,VC_Keywords_Paused_Live · George paused live USA Exact junk/general/job-seeker-y terms; synced from Editor DB ape_4967151855 (Get recent changes). Phrase stays paused (Exact-only bidding). (2026-08-07); was Exact
573-539-1940,Keyword,VC_AU_S_ROLES,Search,Paused,,Daily,Maximize Clicks,Google Search,,,Presence,,,Sales_Outsource_PH,Paused,,pipeline support staffing philippines,Exact,Paused,,,,,,,,,,,,,,,,,,,,,,,,,,,,,,,,VC_Keywords_Paused_Live · George paused live USA Exact junk/general/job-seeker-y terms; synced from Editor DB ape_4967151855 (Get recent changes). Phrase stays paused (Exact-only bidding). (2026-08-07); was Exact
573-539-1940,Keyword,VC_AU_S_ROLES,Search,Paused,,Daily,Maximize Clicks,Google Search,,,Presence,,,Sales_Outsource_PH,Paused,,outsource cold outreach support ph,Exact,Paused,,,,,,,,,,,,,,,,,,,,,,,,,,,,,,,,VC_Keywords_Paused_Live · George paused live USA Exact junk/general/job-seeker-y terms; synced from Editor DB ape_4967151855 (Get recent changes). Phrase stays paused (Exact-only bidding). (2026-08-07); was Exact
573-539-1940,Keyword,VC_AU_S_ROLES,Search,Paused,,Daily,Maximize Clicks,Google Search,,,Presence,,,Sales_Outsource_PH,Paused,,philippines sales development staffing,Exact,Paused,,,,,,,,,,,,,,,,,,,,,,,,,,,,,,,,VC_Keywords_Paused_Live · George paused live USA Exact junk/general/job-seeker-y terms; synced from Editor DB ape_4967151855 (Get recent changes). Phrase stays paused (Exact-only bidding). (2026-08-07); was Exact
573-539-1940,Keyword,VC_AU_S_ROLES,Search,Paused,,Daily,Maximize Clicks,Google Search,,,Presence,,,Sales_Outsource_PH,Paused,,remote outbound team philippines,Exact,Paused,,,,,,,,,,,,,,,,,,,,,,,,,,,,,,,,VC_Keywords_Paused_Live · George paused live USA Exact junk/general/job-seeker-y terms; synced from Editor DB ape_4967151855 (Get recent changes). Phrase stays paused (Exact-only bidding). (2026-08-07); was Exact
573-539-1940,Keyword,VC_AU_S_ROLES,Search,Paused,,Daily,Maximize Clicks,Google Search,,,Presence,,,Sales_Outsource_PH,Paused,,outsource crm sales admin philippines,Exact,Paused,,,,,,,,,,,,,,,,,,,,,,,,,,,,,,,,VC_Keywords_Paused_Live · George paused live USA Exact junk/general/job-seeker-y terms; synced from Editor DB ape_4967151855 (Get recent changes). Phrase stays paused (Exact-only bidding). (2026-08-07); was Exact
573-539-1940,Keyword,VC_AU_S_ROLES,Search,Paused,,Daily,Maximize Clicks,Google Search,,,Presence,,,Sales_Outsource_PH,Paused,,sales representative hiring philippines,Exact,Paused,,,,,,,,,,,,,,,,,,,,,,,,,,,,,,,,v6 Exact — ST evidence + employer long-tail
573-539-1940,Keyword,VC_AU_S_ROLES,Search,Paused,,Daily,Maximize Clicks,Google Search,,,Presence,,,Sales_Outsource_PH,Paused,,outsource lead generation philippines,Phrase,Paused,,,,,,,,,,,,,,,,,,,,,,,,,,,,,,,,v6 Phrase — discovery from converting ST clusters
573-539-1940,Keyword,VC_AU_S_ROLES,Search,Paused,,Daily,Maximize Clicks,Google Search,,,Presence,,,Sales_Outsource_PH,Paused,,lead generation outsourcing philippines,Phrase,Paused,,,,,,,,,,,,,,,,,,,,,,,,,,,,,,,,v6 Phrase — discovery from converting ST clusters
573-539-1940,Keyword,VC_AU_S_ROLES,Search,Paused,,Daily,Maximize Clicks,Google Search,,,Presence,,,Sales_Outsource_PH,Paused,,offshore sales assistant,Phrase,Paused,,,,,,,,,,,,,,,,,,,,,,,,,,,,,,,,v6 Phrase — discovery from converting ST clusters
573-539-1940,Keyword,VC_AU_S_ROLES,Search,Paused,,Daily,Maximize Clicks,Google Search,,,Presence,,,Sales_Outsource_PH,Paused,,outsource appointment setting,Phrase,Paused,,,,,,,,,,,,,,,,,,,,,,,,,,,,,,,,v6 Phrase — discovery from converting ST clusters
573-539-1940,Keyword,VC_AU_S_ROLES,Search,Paused,,Daily,Maximize Clicks,Google Search,,,Presence,,,Sales_Outsource_PH,Paused,,philippines lead gen staff,Phrase,Paused,,,,,,,,,,,,,,,,,,,,,,,,,,,,,,,,v6 Phrase — discovery from converting ST clusters
573-539-1940,Keyword,VC_AU_S_ROLES,Search,Paused,,Daily,Maximize Clicks,Google Search,,,Presence,,,Sales_Outsource_PH,Paused,,offshore sdr support,Phrase,Paused,,,,,,,,,,,,,,,,,,,,,,,,,,,,,,,,v6 Phrase — discovery from converting ST clusters
573-539-1940,Keyword,VC_AU_S_ROLES,Search,Paused,,Daily,Maximize Clicks,Google Search,,,Presence,,,Sales_Outsource_PH,Paused,,outsource prospecting philippines,Phrase,Paused,,,,,,,,,,,,,,,,,,,,,,,,,,,,,,,,VC_Keywords_Paused_Live · George paused live USA Exact junk/general/job-seeker-y terms; synced from Editor DB ape_4967151855 (Get recent changes). Phrase stays paused (Exact-only bidding). (2026-08-07); was Phrase
573-539-1940,Keyword,VC_AU_S_ROLES,Search,Paused,,Daily,Maximize Clicks,Google Search,,,Presence,,,Sales_Outsource_PH,Paused,,lead generation philippines,Phrase,Paused,,,,,,,,,,,,,,,,,,,,,,,,,,,,,,,,v6 Phrase — discovery from converting ST clusters
573-539-1940,Ad,VC_AU_S_ROLES,Search,Paused,,Daily,Maximize Clicks,Google Search,,,Presence,,,Sales_Outsource_PH,Paused,,,,,Paused,Responsive search ad,https://www.virtualcoworker.app/au/sales,outsource,sales,Outsource Lead Generation,Offshore Sales Philippines,Sales Ops Outsourcing,AU Sales Partner,Dedicated Lead Gen Seat,Not Gig Outbound,Vetted Sales Staff,Appointment Setting PH,Remote Pipeline Capacity,Employer-Only Intake,Sales Staff Placement,Predictable Outbound Help,For Australian SMEs,Ongoing Prospecting Ops,Start Hiring Request,Outsource lead generation support to dedicated Philippines specialists.,"Keep offer control; we recruit, vet, and support the sales seat.",Built for Australian employers who need accountable offshore outbound help.,Partner-led outsourcing with interview-before-placement discipline.,,,,,,,,RSA angle A_partner; full 15/4; tier=controlled; role=Sales; no invented pricing
573-539-1940,Ad,VC_AU_S_ROLES,Search,Paused,,Daily,Maximize Clicks,Google Search,,,Presence,,,Sales_Outsource_PH,Paused,,,,,Paused,Responsive search ad,https://www.virtualcoworker.app/au/sales,offshore,ph,PH Lead Gen Outsourcing,Outsource Appointment Set,Outsource Prospecting,Sales Development PH,Remote Outbound Bench,Scale Pipeline Without Hire,Dedicated Setter Seats,Fit for Australian Sales,List Building Staffing,Vetted Lead Gen Seats,Outsource CRM Admin,Offshore SDR Support,Partner-Led Sales Ops,Interview Then Place,Outsource This Role PH,Add Philippines sales capacity for prospecting and appointment setting.,Dedicated seats keep outbound moving without freelancer churn.,Ask about an outsourcing path for your organisation's pipeline.,For Australian businesses that need dependable remote sales support.,,,,,,,,RSA angle B_capacity; full 15/4; tier=controlled; role=Sales; no invented pricing
573-539-1940,Ad,VC_AU_S_ROLES,Search,Paused,,Daily,Maximize Clicks,Google Search,,,Presence,,,Sales_Outsource_PH,Paused,,,,,Paused,Responsive search ad,https://www.virtualcoworker.app/au/sales,dedicated,sales,Dedicated PH Sales Seat,Same Setter Every Day,Accountable Lead Gen Seat,Philippines Sales Continuity,Not Gig Outbound Apps,Offshore Pipeline Ownership,Sales Seat You Can Keep,Interview Setter Then Place,Vetted Lead Gen Seat PH,Remote Outbound Ownership,Staffing Not List Markets,Proof in Dedicated Sales,Prospecting Seat From PH,Appointment Seat Dedicated,Request Dedicated Sales,Outsource lead gen with a dedicated Philippines seat — not gig list work.,Proof is continuity: one vetted sales seat you interview before placement.,Built for Australian employers who need accountable offshore outbound capacity.,Partner-led model. Appointment and revenue goals set after we talk.,,,,,,,,RSA angle C_proof; full 15/4; tier=controlled; role=Sales; no invented pricing
573-539-1940,Callout,VC_AU_S_ROLES,Search,Paused,,Daily,Maximize Clicks,Google Search,,,Presence,,,,,,,,,,,,,,,,,,,,,,,,,,,,,,,,,,,,Vetted Filipino Talent,,,,Employer-focused callout
573-539-1940,Callout,VC_AU_S_ROLES,Search,Paused,,Daily,Maximize Clicks,Google Search,,,Presence,,,,,,,,,,,,,,,,,,,,,,,,,,,,,,,,,,,,Employer Hiring Only,,,,Employer-focused callout
573-539-1940,Callout,VC_AU_S_ROLES,Search,Paused,,Daily,Maximize Clicks,Google Search,,,Presence,,,,,,,,,,,,,,,,,,,,,,,,,,,,,,,,,,,,Recruit Vet & Manage,,,,Employer-focused callout
573-539-1940,Callout,VC_AU_S_ROLES,Search,Paused,,Daily,Maximize Clicks,Google Search,,,Presence,,,,,,,,,,,,,,,,,,,,,,,,,,,,,,,,,,,,Dedicated Remote Staff,,,,Employer-focused callout
573-539-1940,Callout,VC_AU_S_ROLES,Search,Paused,,Daily,Maximize Clicks,Google Search,,,Presence,,,,,,,,,,,,,,,,,,,,,,,,,,,,,,,,,,,,Interview Your Shortlist,,,,Employer-focused callout
573-539-1940,Callout,VC_AU_S_ROLES,Search,Paused,,Daily,Maximize Clicks,Google Search,,,Presence,,,,,,,,,,,,,,,,,,,,,,,,,,,,,,,,,,,,Not a Gig Marketplace,,,,Employer-focused callout
573-539-1940,Structured snippet,VC_AU_S_ROLES,Search,Paused,,Daily,Maximize Clicks,Google Search,,,Presence,,,,,,,,,,,,,,,,,,,,,,,,,,,,,,,,,,,,,Types,Virtual Assistants;Bookkeepers;Accountants;Social Media Managers;Customer Support;Recruiters,,Employer role types — no WP sprawl
573-539-1940,Sitelink,VC_AU_S_ROLES,Search,Paused,,Daily,Maximize Clicks,Google Search,,,Presence,,,,,,,,,,,https://www.virtualcoworker.app/au/administrative-support#gate,,,,,,,,,,,,,,,,,,,,,,Tell Us Who You Need,Employer hiring path,Form for businesses,,,,,Microsite sitelink only — no WP
573-539-1940,Sitelink,VC_AU_S_ROLES,Search,Paused,,Daily,Maximize Clicks,Google Search,,,Presence,,,,,,,,,,,https://www.virtualcoworker.app/au/digital-marketing,,,,,,,,,,,,,,,,,,,,,,Digital Marketing Hire,Philippines marketing staff,Category landing page,,,,,Microsite sitelink only — no WP
573-539-1940,Sitelink,VC_AU_S_ROLES,Search,Paused,,Daily,Maximize Clicks,Google Search,,,Presence,,,,,,,,,,,https://www.virtualcoworker.app/au/social-media,,,,,,,,,,,,,,,,,,,,,,Social Media Hire,Philippines SMM staff,Category landing page,,,,,Microsite sitelink only — no WP
573-539-1940,Sitelink,VC_AU_S_ROLES,Search,Paused,,Daily,Maximize Clicks,Google Search,,,Presence,,,,,,,,,,,https://www.virtualcoworker.app/au/bookkeeping,,,,,,,,,,,,,,,,,,,,,,Bookkeeping Hire,Philippines books staff,Category landing page,,,,,Microsite sitelink only — no WP
573-539-1940,Keyword,VC_AU_S_CORE,Search,Paused,,Daily,Maximize Clicks,Google Search,en,,Presence,,,Hire_VA_PH,Paused,,virtual assistant firm,Exact,Paused,,,,,,,,,,,,,,,,,,,,,,,,,,,,,,,,Agency-intent Exact add (2026-08-09) · employer looking for PH VA / staffing agency·firm·company·outsourcing — not job-seeker; keep Paused until George enables
573-539-1940,Keyword,VC_AU_S_CORE,Search,Paused,,Daily,Maximize Clicks,Google Search,en,,Presence,,,Hire_VA_PH,Paused,,va firm,Exact,Paused,,,,,,,,,,,,,,,,,,,,,,,,,,,,,,,,Agency-intent Exact add (2026-08-09) · employer looking for PH VA / staffing agency·firm·company·outsourcing — not job-seeker; keep Paused until George enables
573-539-1940,Keyword,VC_AU_S_CORE,Search,Paused,,Daily,Maximize Clicks,Google Search,en,,Presence,,,Hire_VA_PH,Paused,,virtual staffing agency,Exact,Paused,,,,,,,,,,,,,,,,,,,,,,,,,,,,,,,,Agency-intent Exact add (2026-08-09) · employer looking for PH VA / staffing agency·firm·company·outsourcing — not job-seeker; keep Paused until George enables
573-539-1940,Keyword,VC_AU_S_CORE,Search,Paused,,Daily,Maximize Clicks,Google Search,en,,Presence,,,Hire_VA_PH,Paused,,virtual staffing firm,Exact,Paused,,,,,,,,,,,,,,,,,,,,,,,,,,,,,,,,Agency-intent Exact add (2026-08-09) · employer looking for PH VA / staffing agency·firm·company·outsourcing — not job-seeker; keep Paused until George enables
573-539-1940,Keyword,VC_AU_S_CORE,Search,Paused,,Daily,Maximize Clicks,Google Search,en,,Presence,,,Hire_VA_PH,Paused,,remote staffing agency,Exact,Paused,,,,,,,,,,,,,,,,,,,,,,,,,,,,,,,,Agency-intent Exact add (2026-08-09) · employer looking for PH VA / staffing agency·firm·company·outsourcing — not job-seeker; keep Paused until George enables
573-539-1940,Keyword,VC_AU_S_CORE,Search,Paused,,Daily,Maximize Clicks,Google Search,en,,Presence,,,Hire_VA_PH,Paused,,remote staffing agencies,Exact,Paused,,,,,,,,,,,,,,,,,,,,,,,,,,,,,,,,Agency-intent Exact add (2026-08-09) · employer looking for PH VA / staffing agency·firm·company·outsourcing — not job-seeker; keep Paused until George enables
573-539-1940,Keyword,VC_AU_S_CORE,Search,Paused,,Daily,Maximize Clicks,Google Search,en,,Presence,,,Hire_VA_PH,Paused,,virtual assistant staffing agency,Exact,Paused,,,,,,,,,,,,,,,,,,,,,,,,,,,,,,,,Agency-intent Exact add (2026-08-09) · employer looking for PH VA / staffing agency·firm·company·outsourcing — not job-seeker; keep Paused until George enables
573-539-1940,Keyword,VC_AU_S_CORE,Search,Paused,,Daily,Maximize Clicks,Google Search,en,,Presence,,,Hire_VA_PH,Paused,,virtual assistant outsourcing agency,Exact,Paused,,,,,,,,,,,,,,,,,,,,,,,,,,,,,,,,Agency-intent Exact add (2026-08-09) · employer looking for PH VA / staffing agency·firm·company·outsourcing — not job-seeker; keep Paused until George enables
573-539-1940,Keyword,VC_AU_S_CORE,Search,Paused,,Daily,Maximize Clicks,Google Search,en,,Presence,,,Hire_VA_PH,Paused,,dedicated virtual assistant agency,Exact,Paused,,,,,,,,,,,,,,,,,,,,,,,,,,,,,,,,Agency-intent Exact add (2026-08-09) · employer looking for PH VA / staffing agency·firm·company·outsourcing — not job-seeker; keep Paused until George enables
573-539-1940,Keyword,VC_AU_S_CORE,Search,Paused,,Daily,Maximize Clicks,Google Search,en,,Presence,,,Offshore_VA_PH,Paused,,philippines virtual assistant agency,Exact,Paused,,,,,,,,,,,,,,,,,,,,,,,,,,,,,,,,Agency-intent Exact add (2026-08-09) · employer looking for PH VA / staffing agency·firm·company·outsourcing — not job-seeker; keep Paused until George enables
573-539-1940,Keyword,VC_AU_S_CORE,Search,Paused,,Daily,Maximize Clicks,Google Search,en,,Presence,,,Offshore_VA_PH,Paused,,philippines va agency,Exact,Paused,,,,,,,,,,,,,,,,,,,,,,,,,,,,,,,,Agency-intent Exact add (2026-08-09) · employer looking for PH VA / staffing agency·firm·company·outsourcing — not job-seeker; keep Paused until George enables
573-539-1940,Keyword,VC_AU_S_CORE,Search,Paused,,Daily,Maximize Clicks,Google Search,en,,Presence,,,Offshore_VA_PH,Paused,,filipino virtual assistant agency,Exact,Paused,,,,,,,,,,,,,,,,,,,,,,,,,,,,,,,,Agency-intent Exact add (2026-08-09) · employer looking for PH VA / staffing agency·firm·company·outsourcing — not job-seeker; keep Paused until George enables
573-539-1940,Keyword,VC_AU_S_CORE,Search,Paused,,Daily,Maximize Clicks,Google Search,en,,Presence,,,Offshore_VA_PH,Paused,,filipino va agency,Exact,Paused,,,,,,,,,,,,,,,,,,,,,,,,,,,,,,,,Agency-intent Exact add (2026-08-09) · employer looking for PH VA / staffing agency·firm·company·outsourcing — not job-seeker; keep Paused until George enables
573-539-1940,Keyword,VC_AU_S_CORE,Search,Paused,,Daily,Maximize Clicks,Google Search,en,,Presence,,,Offshore_VA_PH,Paused,,philippines virtual assistant firm,Exact,Paused,,,,,,,,,,,,,,,,,,,,,,,,,,,,,,,,Agency-intent Exact add (2026-08-09) · employer looking for PH VA / staffing agency·firm·company·outsourcing — not job-seeker; keep Paused until George enables
573-539-1940,Keyword,VC_AU_S_CORE,Search,Paused,,Daily,Maximize Clicks,Google Search,en,,Presence,,,Offshore_VA_PH,Paused,,philippines va firm,Exact,Paused,,,,,,,,,,,,,,,,,,,,,,,,,,,,,,,,Agency-intent Exact add (2026-08-09) · employer looking for PH VA / staffing agency·firm·company·outsourcing — not job-seeker; keep Paused until George enables
573-539-1940,Keyword,VC_AU_S_CORE,Search,Paused,,Daily,Maximize Clicks,Google Search,en,,Presence,,,Offshore_VA_PH,Paused,,virtual assistant firm philippines,Exact,Paused,,,,,,,,,,,,,,,,,,,,,,,,,,,,,,,,Agency-intent Exact add (2026-08-09) · employer looking for PH VA / staffing agency·firm·company·outsourcing — not job-seeker; keep Paused until George enables
573-539-1940,Keyword,VC_AU_S_CORE,Search,Paused,,Daily,Maximize Clicks,Google Search,en,,Presence,,,Offshore_VA_PH,Paused,,philippines outsourcing agency,Exact,Paused,,,,,,,,,,,,,,,,,,,,,,,,,,,,,,,,Agency-intent Exact add (2026-08-09) · employer looking for PH VA / staffing agency·firm·company·outsourcing — not job-seeker; keep Paused until George enables
573-539-1940,Keyword,VC_AU_S_CORE,Search,Paused,,Daily,Maximize Clicks,Google Search,en,,Presence,,,Offshore_VA_PH,Paused,,outsourcing agency philippines,Exact,Paused,,,,,,,,,,,,,,,,,,,,,,,,,,,,,,,,Agency-intent Exact add (2026-08-09) · employer looking for PH VA / staffing agency·firm·company·outsourcing — not job-seeker; keep Paused until George enables
573-539-1940,Keyword,VC_AU_S_CORE,Search,Paused,,Daily,Maximize Clicks,Google Search,en,,Presence,,,Offshore_VA_PH,Paused,,outsourcing company philippines,Exact,Paused,,,,,,,,,,,,,,,,,,,,,,,,,,,,,,,,Agency-intent Exact add (2026-08-09) · employer looking for PH VA / staffing agency·firm·company·outsourcing — not job-seeker; keep Paused until George enables
573-539-1940,Keyword,VC_AU_S_CORE,Search,Paused,,Daily,Maximize Clicks,Google Search,en,,Presence,,,Offshore_VA_PH,Paused,,philippines staffing agency,Exact,Paused,,,,,,,,,,,,,,,,,,,,,,,,,,,,,,,,Agency-intent Exact add (2026-08-09) · employer looking for PH VA / staffing agency·firm·company·outsourcing — not job-seeker; keep Paused until George enables
573-539-1940,Keyword,VC_AU_S_CORE,Search,Paused,,Daily,Maximize Clicks,Google Search,en,,Presence,,,Offshore_VA_PH,Paused,,philippines staffing company,Exact,Paused,,,,,,,,,,,,,,,,,,,,,,,,,,,,,,,,Agency-intent Exact add (2026-08-09) · employer looking for PH VA / staffing agency·firm·company·outsourcing — not job-seeker; keep Paused until George enables
573-539-1940,Keyword,VC_AU_S_CORE,Search,Paused,,Daily,Maximize Clicks,Google Search,en,,Presence,,,Offshore_VA_PH,Paused,,staffing firm philippines,Exact,Paused,,,,,,,,,,,,,,,,,,,,,,,,,,,,,,,,Agency-intent Exact add (2026-08-09) · employer looking for PH VA / staffing agency·firm·company·outsourcing — not job-seeker; keep Paused until George enables
573-539-1940,Keyword,VC_AU_S_CORE,Search,Paused,,Daily,Maximize Clicks,Google Search,en,,Presence,,,Offshore_VA_PH,Paused,,filipino staffing agency,Exact,Paused,,,,,,,,,,,,,,,,,,,,,,,,,,,,,,,,Agency-intent Exact add (2026-08-09) · employer looking for PH VA / staffing agency·firm·company·outsourcing — not job-seeker; keep Paused until George enables
573-539-1940,Keyword,VC_AU_S_CORE,Search,Paused,,Daily,Maximize Clicks,Google Search,en,,Presence,,,Offshore_VA_PH,Paused,,filipino outsourcing agency,Exact,Paused,,,,,,,,,,,,,,,,,,,,,,,,,,,,,,,,Agency-intent Exact add (2026-08-09) · employer looking for PH VA / staffing agency·firm·company·outsourcing — not job-seeker; keep Paused until George enables
573-539-1940,Keyword,VC_AU_S_CORE,Search,Paused,,Daily,Maximize Clicks,Google Search,en,,Presence,,,Offshore_VA_PH,Paused,,philippines virtual staffing agency,Exact,Paused,,,,,,,,,,,,,,,,,,,,,,,,,,,,,,,,Agency-intent Exact add (2026-08-09) · employer looking for PH VA / staffing agency·firm·company·outsourcing — not job-seeker; keep Paused until George enables
573-539-1940,Keyword,VC_AU_S_CORE,Search,Paused,,Daily,Maximize Clicks,Google Search,en,,Presence,,,Offshore_VA_PH,Paused,,philippines remote staffing agency,Exact,Paused,,,,,,,,,,,,,,,,,,,,,,,,,,,,,,,,Agency-intent Exact add (2026-08-09) · employer looking for PH VA / staffing agency·firm·company·outsourcing — not job-seeker; keep Paused until George enables
573-539-1940,Keyword,VC_AU_S_CORE,Search,Paused,,Daily,Maximize Clicks,Google Search,en,,Presence,,,Offshore_VA_PH,Paused,,offshore staffing agency,Exact,Paused,,,,,,,,,,,,,,,,,,,,,,,,,,,,,,,,Agency-intent Exact add (2026-08-09) · employer looking for PH VA / staffing agency·firm·company·outsourcing — not job-seeker; keep Paused until George enables
573-539-1940,Keyword,VC_AU_S_CORE,Search,Paused,,Daily,Maximize Clicks,Google Search,en,,Presence,,,Offshore_VA_PH,Paused,,offshore va agency,Exact,Paused,,,,,,,,,,,,,,,,,,,,,,,,,,,,,,,,Agency-intent Exact add (2026-08-09) · employer looking for PH VA / staffing agency·firm·company·outsourcing — not job-seeker; keep Paused until George enables
573-539-1940,Keyword,VC_AU_S_CORE,Search,Paused,,Daily,Maximize Clicks,Google Search,en,,Presence,,,Offshore_VA_PH,Paused,,va outsourcing philippines,Exact,Paused,,,,,,,,,,,,,,,,,,,,,,,,,,,,,,,,Agency-intent Exact add (2026-08-09) · employer looking for PH VA / staffing agency·firm·company·outsourcing — not job-seeker; keep Paused until George enables
573-539-1940,Keyword,VC_AU_S_CORE,Search,Paused,,Daily,Maximize Clicks,Google Search,en,,Presence,,,Offshore_VA_PH,Paused,,philippines va outsourcing,Exact,Paused,,,,,,,,,,,,,,,,,,,,,,,,,,,,,,,,Agency-intent Exact add (2026-08-09) · employer looking for PH VA / staffing agency·firm·company·outsourcing — not job-seeker; keep Paused until George enables
573-539-1940,Keyword,VC_AU_S_CORE,Search,Paused,,Daily,Maximize Clicks,Google Search,en,,Presence,,,Offshore_VA_PH,Paused,,philippines virtual assistant company,Exact,Paused,,,,,,,,,,,,,,,,,,,,,,,,,,,,,,,,Agency-intent Exact add (2026-08-09) · 3+ word VA+PH+agency/company/firm/outsourcing · employer agency-hire · Keyword Status=Paused until George enables
573-539-1940,Keyword,VC_AU_S_CORE,Search,Paused,,Daily,Maximize Clicks,Google Search,en,,Presence,,,Offshore_VA_PH,Paused,,filipino virtual assistant firm,Exact,Paused,,,,,,,,,,,,,,,,,,,,,,,,,,,,,,,,Agency-intent Exact add (2026-08-09) · 3+ word VA+PH+agency/company/firm/outsourcing · employer agency-hire · Keyword Status=Paused until George enables
573-539-1940,Keyword,VC_AU_S_CORE,Search,Paused,,Daily,Maximize Clicks,Google Search,en,,Presence,,,Offshore_VA_PH,Paused,,virtual assistant outsourcing philippines,Exact,Paused,,,,,,,,,,,,,,,,,,,,,,,,,,,,,,,,Agency-intent Exact add (2026-08-09) · 3+ word VA+PH+agency/company/firm/outsourcing · employer agency-hire · Keyword Status=Paused until George enables
573-539-1940,Keyword,VC_AU_S_CORE,Search,Paused,,Daily,Maximize Clicks,Google Search,en,,Presence,,,Offshore_VA_PH,Paused,,philippines virtual assistant outsourcing,Exact,Paused,,,,,,,,,,,,,,,,,,,,,,,,,,,,,,,,Agency-intent Exact add (2026-08-09) · 3+ word VA+PH+agency/company/firm/outsourcing · employer agency-hire · Keyword Status=Paused until George enables
573-539-1940,Keyword,VC_AU_S_CORE,Search,Paused,,Daily,Maximize Clicks,Google Search,en,,Presence,,,Offshore_VA_PH,Paused,,outsourcing virtual assistant philippines,Exact,Paused,,,,,,,,,,,,,,,,,,,,,,,,,,,,,,,,Agency-intent Exact add (2026-08-09) · 3+ word VA+PH+agency/company/firm/outsourcing · employer agency-hire · Keyword Status=Paused until George enables
573-539-1940,Keyword,VC_AU_S_CORE,Search,Paused,,Daily,Maximize Clicks,Google Search,en,,Presence,,,Offshore_VA_PH,Paused,,virtual assistant outsourcing agency philippines,Exact,Paused,,,,,,,,,,,,,,,,,,,,,,,,,,,,,,,,Agency-intent Exact add (2026-08-09) · 3+ word VA+PH+agency/company/firm/outsourcing · employer agency-hire · Keyword Status=Paused until George enables
573-539-1940,Keyword,VC_AU_S_CORE,Search,Paused,,Daily,Maximize Clicks,Google Search,en,,Presence,,,Offshore_VA_PH,Paused,,philippines virtual assistant outsourcing agency,Exact,Paused,,,,,,,,,,,,,,,,,,,,,,,,,,,,,,,,Agency-intent Exact add (2026-08-09) · 3+ word VA+PH+agency/company/firm/outsourcing · employer agency-hire · Keyword Status=Paused until George enables
573-539-1940,Keyword,VC_AU_S_CORE,Search,Paused,,Daily,Maximize Clicks,Google Search,en,,Presence,,,Offshore_VA_PH,Paused,,hire virtual assistant agency philippines,Exact,Paused,,,,,,,,,,,,,,,,,,,,,,,,,,,,,,,,Agency-intent Exact add (2026-08-09) · 3+ word VA+PH+agency/company/firm/outsourcing · employer agency-hire · Keyword Status=Paused until George enables
