Account,Campaign,Ad Group,Keyword,Match Type,Tier,Final URL,Status
496-715-1855,VC_US_S_CORE,Hire_VA_PH,filipino virtual assistant for hire,Exact,1A,https://vision-three-alpha.vercel.app/us,Paused
496-715-1855,VC_US_S_CORE,Hire_VA_PH,hire a filipino va,Exact,1A,https://vision-three-alpha.vercel.app/us,Paused
496-715-1855,VC_US_S_CORE,Hire_VA_PH,hire a filipino virtual assistant,Exact,1A,https://vision-three-alpha.vercel.app/us,Paused
496-715-1855,VC_US_S_CORE,Hire_VA_PH,hire a va in the philippines,Exact,1A,https://vision-three-alpha.vercel.app/us,Paused
496-715-1855,VC_US_S_CORE,Hire_VA_PH,hire a virtual assistant in the philippines,Exact,1A,https://vision-three-alpha.vercel.app/us,Paused
496-715-1855,VC_US_S_CORE,Hire_VA_PH,hire a virtual assistant philippines,Exact,1A,https://vision-three-alpha.vercel.app/us,Paused
496-715-1855,VC_US_S_CORE,Hire_VA_PH,hire filipino va,Exact,1A,https://vision-three-alpha.vercel.app/us,Paused
496-715-1855,VC_US_S_CORE,Hire_VA_PH,hire filipino virtual assistant,Exact,1A,https://vision-three-alpha.vercel.app/us,Paused
496-715-1855,VC_US_S_CORE,Hire_VA_PH,hire filipino virtual assistants,Exact,1A,https://vision-three-alpha.vercel.app/us,Paused
496-715-1855,VC_US_S_CORE,Hire_VA_PH,hire offshore virtual assistant,Exact,1A,https://vision-three-alpha.vercel.app/us,Paused
496-715-1855,VC_US_S_CORE,Hire_VA_PH,hire overseas virtual assistant,Exact,1A,https://vision-three-alpha.vercel.app/us,Paused
496-715-1855,VC_US_S_CORE,Hire_VA_PH,hire philippines virtual assistant,Exact,1A,https://vision-three-alpha.vercel.app/us,Paused
496-715-1855,VC_US_S_CORE,Hire_VA_PH,hire va philippines,Exact,1A,https://vision-three-alpha.vercel.app/us,Paused
496-715-1855,VC_US_S_CORE,Hire_VA_PH,hire virtual assistant from philippines,Exact,1A,https://vision-three-alpha.vercel.app/us,Paused
496-715-1855,VC_US_S_CORE,Hire_VA_PH,hire virtual assistant ph,Exact,1A,https://vision-three-alpha.vercel.app/us,Paused
496-715-1855,VC_US_S_CORE,Hire_VA_PH,hire virtual assistant philippines,Exact,1A,https://vision-three-alpha.vercel.app/us,Paused
496-715-1855,VC_US_S_CORE,Hire_VA_PH,hiring virtual assistant philippines,Exact,1A,https://vision-three-alpha.vercel.app/us,Paused
496-715-1855,VC_US_S_CORE,Hire_VA_PH,how to hire a virtual assistant philippines,Exact,1A,https://vision-three-alpha.vercel.app/us,Paused
496-715-1855,VC_US_S_CORE,Hire_VA_PH,virtual assistant hiring philippines,Exact,1A,https://vision-three-alpha.vercel.app/us,Paused
496-715-1855,VC_US_S_CORE,Hire_VA_PH,where to hire virtual assistant philippines,Exact,1A,https://vision-three-alpha.vercel.app/us,Paused
496-715-1855,VC_US_S_CORE,Offshore_VA_PH,dedicated virtual assistant philippines,Exact,1A,https://vision-three-alpha.vercel.app/us,Paused
496-715-1855,VC_US_S_CORE,Offshore_VA_PH,filipino va,Exact,1A,https://vision-three-alpha.vercel.app/us,Paused
496-715-1855,VC_US_S_CORE,Offshore_VA_PH,filipino vas,Exact,1A,https://vision-three-alpha.vercel.app/us,Paused
496-715-1855,VC_US_S_CORE,Offshore_VA_PH,filipino virtual assistant,Exact,1A,https://vision-three-alpha.vercel.app/us,Paused
496-715-1855,VC_US_S_CORE,Offshore_VA_PH,filipino virtual assistant company,Exact,1A,https://vision-three-alpha.vercel.app/us,Paused
496-715-1855,VC_US_S_CORE,Offshore_VA_PH,filipino virtual assistants,Exact,1A,https://vision-three-alpha.vercel.app/us,Paused
496-715-1855,VC_US_S_CORE,Offshore_VA_PH,offshore va,Exact,1A,https://vision-three-alpha.vercel.app/us,Paused
496-715-1855,VC_US_S_CORE,Offshore_VA_PH,offshore virtual assistant,Exact,1A,https://vision-three-alpha.vercel.app/us,Paused
496-715-1855,VC_US_S_CORE,Offshore_VA_PH,offshore virtual assistant philippines,Exact,1A,https://vision-three-alpha.vercel.app/us,Paused
496-715-1855,VC_US_S_CORE,Offshore_VA_PH,offshore virtual assistants,Exact,1A,https://vision-three-alpha.vercel.app/us,Paused
496-715-1855,VC_US_S_CORE,Offshore_VA_PH,outsource virtual assistant philippines,Exact,1A,https://vision-three-alpha.vercel.app/us,Paused
496-715-1855,VC_US_S_CORE,Offshore_VA_PH,overseas virtual assistant,Exact,1A,https://vision-three-alpha.vercel.app/us,Paused
496-715-1855,VC_US_S_CORE,Offshore_VA_PH,philippine virtual assistant,Exact,1A,https://vision-three-alpha.vercel.app/us,Paused
496-715-1855,VC_US_S_CORE,Offshore_VA_PH,philippines va,Exact,1A,https://vision-three-alpha.vercel.app/us,Paused
496-715-1855,VC_US_S_CORE,Offshore_VA_PH,philippines va company,Exact,1A,https://vision-three-alpha.vercel.app/us,Paused
496-715-1855,VC_US_S_CORE,Offshore_VA_PH,philippines virtual assistant,Exact,1A,https://vision-three-alpha.vercel.app/us,Paused
496-715-1855,VC_US_S_CORE,Offshore_VA_PH,philippines virtual staffing,Exact,1A,https://vision-three-alpha.vercel.app/us,Paused
496-715-1855,VC_US_S_CORE,Offshore_VA_PH,va agency philippines,Exact,1A,https://vision-three-alpha.vercel.app/us,Paused
496-715-1855,VC_US_S_CORE,Offshore_VA_PH,va from philippines,Exact,1A,https://vision-three-alpha.vercel.app/us,Paused
496-715-1855,VC_US_S_CORE,Offshore_VA_PH,va in philippines,Exact,1A,https://vision-three-alpha.vercel.app/us,Paused
496-715-1855,VC_US_S_CORE,Offshore_VA_PH,va philippines,Exact,1A,https://vision-three-alpha.vercel.app/us,Paused
496-715-1855,VC_US_S_CORE,Offshore_VA_PH,virtual assistant agency philippines,Exact,1A,https://vision-three-alpha.vercel.app/us,Paused
496-715-1855,VC_US_S_CORE,Offshore_VA_PH,virtual assistant companies philippines,Exact,1A,https://vision-three-alpha.vercel.app/us,Paused
496-715-1855,VC_US_S_CORE,Offshore_VA_PH,virtual assistant company philippines,Exact,1A,https://vision-three-alpha.vercel.app/us,Paused
496-715-1855,VC_US_S_CORE,Offshore_VA_PH,virtual assistant from the philippines,Exact,1A,https://vision-three-alpha.vercel.app/us,Paused
496-715-1855,VC_US_S_CORE,Offshore_VA_PH,virtual assistant in philippines,Exact,1A,https://vision-three-alpha.vercel.app/us,Paused
496-715-1855,VC_US_S_CORE,Offshore_VA_PH,virtual assistant overseas,Exact,1A,https://vision-three-alpha.vercel.app/us,Paused
496-715-1855,VC_US_S_CORE,Offshore_VA_PH,virtual assistant philippines,Exact,1A,https://vision-three-alpha.vercel.app/us,Paused
496-715-1855,VC_US_S_CORE,Offshore_VA_PH,virtual assistant services philippines,Exact,1A,https://vision-three-alpha.vercel.app/us,Paused
496-715-1855,VC_US_S_CORE,Offshore_VA_PH,virtual assistants in philippines,Exact,1A,https://vision-three-alpha.vercel.app/us,Paused
496-715-1855,VC_US_S_CORE,Offshore_VA_PH,virtual assistants in the philippines,Exact,1A,https://vision-three-alpha.vercel.app/us,Paused
496-715-1855,VC_US_S_CORE,Offshore_VA_PH,virtual assistants philippines,Exact,1A,https://vision-three-alpha.vercel.app/us,Paused
496-715-1855,VC_US_S_CORE,Offshore_VA_PH,virtual staff ph,Exact,1A,https://vision-three-alpha.vercel.app/us,Paused
496-715-1855,VC_US_S_CORE,Offshore_VA_PH,virtual staff philippines,Exact,1A,https://vision-three-alpha.vercel.app/us,Paused
496-715-1855,VC_US_S_ROLES,Accounting_Hire_PH,accountant for hire philippines,Exact,1A,https://vision-three-alpha.vercel.app/us/accounting,Paused
496-715-1855,VC_US_S_ROLES,Accounting_Hire_PH,filipino accounting virtual assistant,Exact,1A,https://vision-three-alpha.vercel.app/us/accounting,Paused
496-715-1855,VC_US_S_ROLES,Accounting_Hire_PH,filipino ap specialist hire,Exact,1A,https://vision-three-alpha.vercel.app/us/accounting,Paused
496-715-1855,VC_US_S_ROLES,Accounting_Hire_PH,filipino staff accountant hire,Exact,1A,https://vision-three-alpha.vercel.app/us/accounting,Paused
496-715-1855,VC_US_S_ROLES,Accounting_Hire_PH,hire a filipino accountant,Exact,1A,https://vision-three-alpha.vercel.app/us/accounting,Paused
496-715-1855,VC_US_S_ROLES,Accounting_Hire_PH,hire accountant philippines,Exact,1A,https://vision-three-alpha.vercel.app/us/accounting,Paused
496-715-1855,VC_US_S_ROLES,Accounting_Hire_PH,hire accounts payable philippines,Exact,1A,https://vision-three-alpha.vercel.app/us/accounting,Paused
496-715-1855,VC_US_S_ROLES,Accounting_Hire_PH,hire accounts receivable philippines,Exact,1A,https://vision-three-alpha.vercel.app/us/accounting,Paused
496-715-1855,VC_US_S_ROLES,Accounting_Hire_PH,hire filipino accountant,Exact,1A,https://vision-three-alpha.vercel.app/us/accounting,Paused
496-715-1855,VC_US_S_ROLES,Accounting_Hire_PH,hire filipino accounting va,Exact,1A,https://vision-three-alpha.vercel.app/us/accounting,Paused
496-715-1855,VC_US_S_ROLES,Accounting_Hire_PH,hire payroll accountant philippines,Exact,1A,https://vision-three-alpha.vercel.app/us/accounting,Paused
496-715-1855,VC_US_S_ROLES,Accounting_Hire_PH,hire philippines accountant,Exact,1A,https://vision-three-alpha.vercel.app/us/accounting,Paused
496-715-1855,VC_US_S_ROLES,Accounting_Hire_PH,hire philippines accounting assistant,Exact,1A,https://vision-three-alpha.vercel.app/us/accounting,Paused
496-715-1855,VC_US_S_ROLES,Accounting_Hire_PH,hire remote accountant philippines,Exact,1A,https://vision-three-alpha.vercel.app/us/accounting,Paused
496-715-1855,VC_US_S_ROLES,Accounting_Hire_PH,hire virtual accountant philippines,Exact,1A,https://vision-three-alpha.vercel.app/us/accounting,Paused
496-715-1855,VC_US_S_ROLES,Accounting_Hire_PH,online filipino accountant hire,Exact,1A,https://vision-three-alpha.vercel.app/us/accounting,Paused
496-715-1855,VC_US_S_ROLES,Accounting_Outsource_PH,accounting outsourcing philippines,Exact,1A,https://vision-three-alpha.vercel.app/us/accounting,Paused
496-715-1855,VC_US_S_ROLES,Accounting_Outsource_PH,accounting support outsourcing philippines,Exact,1A,https://vision-three-alpha.vercel.app/us/accounting,Paused
496-715-1855,VC_US_S_ROLES,Accounting_Outsource_PH,filipino accounting team for hire,Exact,1A,https://vision-three-alpha.vercel.app/us/accounting,Paused
496-715-1855,VC_US_S_ROLES,Accounting_Outsource_PH,filipino finance ops outsourcing,Exact,1A,https://vision-three-alpha.vercel.app/us/accounting,Paused
496-715-1855,VC_US_S_ROLES,Accounting_Outsource_PH,outsource accountant philippines,Exact,1A,https://vision-three-alpha.vercel.app/us/accounting,Paused
496-715-1855,VC_US_S_ROLES,Accounting_Outsource_PH,outsource accounting philippines,Exact,1A,https://vision-three-alpha.vercel.app/us/accounting,Paused
496-715-1855,VC_US_S_ROLES,Accounting_Outsource_PH,outsource accounting to philippines,Exact,1A,https://vision-three-alpha.vercel.app/us/accounting,Paused
496-715-1855,VC_US_S_ROLES,Accounting_Outsource_PH,outsource accounts payable philippines,Exact,1A,https://vision-three-alpha.vercel.app/us/accounting,Paused
496-715-1855,VC_US_S_ROLES,Accounting_Outsource_PH,outsource bookkeeping accounting philippines,Exact,1A,https://vision-three-alpha.vercel.app/us/accounting,Paused
496-715-1855,VC_US_S_ROLES,Accounting_Outsource_PH,outsource finance ops philippines,Exact,1A,https://vision-three-alpha.vercel.app/us/accounting,Paused
496-715-1855,VC_US_S_ROLES,Accounting_Outsource_PH,outsource general ledger philippines,Exact,1A,https://vision-three-alpha.vercel.app/us/accounting,Paused
496-715-1855,VC_US_S_ROLES,Accounting_Outsource_PH,philippine accounting outsourcing,Exact,1A,https://vision-three-alpha.vercel.app/us/accounting,Paused
496-715-1855,VC_US_S_ROLES,Accounting_Outsource_PH,philippines accounting outsourcing,Exact,1A,https://vision-three-alpha.vercel.app/us/accounting,Paused
496-715-1855,VC_US_S_ROLES,Accounting_Outsource_PH,philippines outsourcing accounting,Exact,1A,https://vision-three-alpha.vercel.app/us/accounting,Paused
496-715-1855,VC_US_S_ROLES,Administration_EA_PH,executive virtual assistant philippines,Exact,1A,https://vision-three-alpha.vercel.app/us/administrative-support,Paused
496-715-1855,VC_US_S_ROLES,Administration_EA_PH,hire admin assistant philippines,Exact,1A,https://vision-three-alpha.vercel.app/us/administrative-support,Paused
496-715-1855,VC_US_S_ROLES,Administration_EA_PH,hire an offshore executive assistant,Exact,1A,https://vision-three-alpha.vercel.app/us/administrative-support,Paused
496-715-1855,VC_US_S_ROLES,Administration_EA_PH,hire executive assistant philippines,Exact,1A,https://vision-three-alpha.vercel.app/us/administrative-support,Paused
496-715-1855,VC_US_S_ROLES,Administration_EA_PH,hire filipino administrative assistant,Exact,1A,https://vision-three-alpha.vercel.app/us/administrative-support,Paused
496-715-1855,VC_US_S_ROLES,Administration_EA_PH,hire filipino ea,Exact,1A,https://vision-three-alpha.vercel.app/us/administrative-support,Paused
496-715-1855,VC_US_S_ROLES,Administration_EA_PH,hire philippines admin support,Exact,1A,https://vision-three-alpha.vercel.app/us/administrative-support,Paused
496-715-1855,VC_US_S_ROLES,Administration_EA_PH,outsource executive assistant philippines,Exact,1A,https://vision-three-alpha.vercel.app/us/administrative-support,Paused
496-715-1855,VC_US_S_ROLES,Administration_EA_PH,philippines remote admin hire,Exact,1A,https://vision-three-alpha.vercel.app/us/administrative-support,Paused
496-715-1855,VC_US_S_ROLES,Bookkeeping_Hire_PH,filipino bookkeeping specialist hire,Exact,1A,https://vision-three-alpha.vercel.app/us/bookkeeping,Paused
496-715-1855,VC_US_S_ROLES,Bookkeeping_Hire_PH,filipino quickbooks virtual assistant,Exact,1A,https://vision-three-alpha.vercel.app/us/bookkeeping,Paused
496-715-1855,VC_US_S_ROLES,Bookkeeping_Hire_PH,hire a filipino bookkeeper,Exact,1A,https://vision-three-alpha.vercel.app/us/bookkeeping,Paused
496-715-1855,VC_US_S_ROLES,Bookkeeping_Hire_PH,hire bookkeeper philippines,Exact,1A,https://vision-three-alpha.vercel.app/us/bookkeeping,Paused
496-715-1855,VC_US_S_ROLES,Bookkeeping_Hire_PH,hire filipino bookkeeper,Exact,1A,https://vision-three-alpha.vercel.app/us/bookkeeping,Paused
496-715-1855,VC_US_S_ROLES,Bookkeeping_Hire_PH,hire offshore bookkeeping va,Exact,1A,https://vision-three-alpha.vercel.app/us/bookkeeping,Paused
496-715-1855,VC_US_S_ROLES,Bookkeeping_Hire_PH,hire philippines bookkeeping va,Exact,1A,https://vision-three-alpha.vercel.app/us/bookkeeping,Paused
496-715-1855,VC_US_S_ROLES,Bookkeeping_Hire_PH,hire quickbooks bookkeeper philippines,Exact,1A,https://vision-three-alpha.vercel.app/us/bookkeeping,Paused
496-715-1855,VC_US_S_ROLES,Bookkeeping_Hire_PH,hire remote bookkeeper philippines,Exact,1A,https://vision-three-alpha.vercel.app/us/bookkeeping,Paused
496-715-1855,VC_US_S_ROLES,Bookkeeping_Hire_PH,hire virtual bookkeeper philippines,Exact,1A,https://vision-three-alpha.vercel.app/us/bookkeeping,Paused
496-715-1855,VC_US_S_ROLES,Bookkeeping_Hire_PH,hire weekly bookkeeper philippines,Exact,1A,https://vision-three-alpha.vercel.app/us/bookkeeping,Paused
496-715-1855,VC_US_S_ROLES,Bookkeeping_Hire_PH,hire xero bookkeeper philippines,Exact,1A,https://vision-three-alpha.vercel.app/us/bookkeeping,Paused
496-715-1855,VC_US_S_ROLES,Bookkeeping_Hire_PH,online filipino bookkeeper hire,Exact,1A,https://vision-three-alpha.vercel.app/us/bookkeeping,Paused
496-715-1855,VC_US_S_ROLES,Bookkeeping_Outsource_PH,bookkeeper outsourcing philippines,Exact,1A,https://vision-three-alpha.vercel.app/us/bookkeeping,Paused
496-715-1855,VC_US_S_ROLES,Bookkeeping_Outsource_PH,bookkeeping outsourcing philippines,Exact,1A,https://vision-three-alpha.vercel.app/us/bookkeeping,Paused
496-715-1855,VC_US_S_ROLES,Bookkeeping_Outsource_PH,filipino bookkeeping team for hire,Exact,1A,https://vision-three-alpha.vercel.app/us/bookkeeping,Paused
496-715-1855,VC_US_S_ROLES,Bookkeeping_Outsource_PH,outsource accounts bookkeeping philippines,Exact,1A,https://vision-three-alpha.vercel.app/us/bookkeeping,Paused
496-715-1855,VC_US_S_ROLES,Bookkeeping_Outsource_PH,outsource bookkeeping philippines,Exact,1A,https://vision-three-alpha.vercel.app/us/bookkeeping,Paused
496-715-1855,VC_US_S_ROLES,Bookkeeping_Outsource_PH,outsource quickbooks bookkeeping philippines,Exact,1A,https://vision-three-alpha.vercel.app/us/bookkeeping,Paused
496-715-1855,VC_US_S_ROLES,Bookkeeping_Outsource_PH,outsource reconciliation support philippines,Exact,1A,https://vision-three-alpha.vercel.app/us/bookkeeping,Paused
496-715-1855,VC_US_S_ROLES,Bookkeeping_Outsource_PH,outsource xero bookkeeping philippines,Exact,1A,https://vision-three-alpha.vercel.app/us/bookkeeping,Paused
496-715-1855,VC_US_S_ROLES,Bookkeeping_Outsource_PH,philippines bookkeeping outsourcing,Exact,1A,https://vision-three-alpha.vercel.app/us/bookkeeping,Paused
496-715-1855,VC_US_S_ROLES,Bookkeeping_Outsource_PH,smb bookkeeping outsourcing philippines,Exact,1A,https://vision-three-alpha.vercel.app/us/bookkeeping,Paused
496-715-1855,VC_US_S_ROLES,Customer_Service_Hire_PH,customer service staff philippines hire,Exact,1A,https://vision-three-alpha.vercel.app/us/customer-service,Paused
496-715-1855,VC_US_S_ROLES,Customer_Service_Hire_PH,filipino call support staff hire,Exact,1A,https://vision-three-alpha.vercel.app/us/customer-service,Paused
496-715-1855,VC_US_S_ROLES,Customer_Service_Hire_PH,filipino customer service va,Exact,1A,https://vision-three-alpha.vercel.app/us/customer-service,Paused
496-715-1855,VC_US_S_ROLES,Customer_Service_Hire_PH,filipino customer support hire,Exact,1A,https://vision-three-alpha.vercel.app/us/customer-service,Paused
496-715-1855,VC_US_S_ROLES,Customer_Service_Hire_PH,hire bilingual english support philippines,Exact,1A,https://vision-three-alpha.vercel.app/us/customer-service,Paused
496-715-1855,VC_US_S_ROLES,Customer_Service_Hire_PH,hire chat support philippines,Exact,1A,https://vision-three-alpha.vercel.app/us/customer-service,Paused
496-715-1855,VC_US_S_ROLES,Customer_Service_Hire_PH,hire customer support philippines,Exact,1A,https://vision-three-alpha.vercel.app/us/customer-service,Paused
496-715-1855,VC_US_S_ROLES,Customer_Service_Hire_PH,hire email support va philippines,Exact,1A,https://vision-three-alpha.vercel.app/us/customer-service,Paused
496-715-1855,VC_US_S_ROLES,Customer_Service_Hire_PH,hire filipino customer service,Exact,1A,https://vision-three-alpha.vercel.app/us/customer-service,Paused
496-715-1855,VC_US_S_ROLES,Customer_Service_Hire_PH,hire filipino customer service representative,Exact,1A,https://vision-three-alpha.vercel.app/us/customer-service,Paused
496-715-1855,VC_US_S_ROLES,Customer_Service_Hire_PH,hire philippines customer service,Exact,1A,https://vision-three-alpha.vercel.app/us/customer-service,Paused
496-715-1855,VC_US_S_ROLES,Customer_Service_Hire_PH,hire philippines support specialist,Exact,1A,https://vision-three-alpha.vercel.app/us/customer-service,Paused
496-715-1855,VC_US_S_ROLES,Customer_Service_Hire_PH,hire remote customer service philippines,Exact,1A,https://vision-three-alpha.vercel.app/us/customer-service,Paused
496-715-1855,VC_US_S_ROLES,Customer_Service_Outsource_PH,customer care outsourcing philippines,Exact,1A,https://vision-three-alpha.vercel.app/us/customer-service,Paused
496-715-1855,VC_US_S_ROLES,Customer_Service_Outsource_PH,customer service outsourcing philippines,Exact,1A,https://vision-three-alpha.vercel.app/us/customer-service,Paused
496-715-1855,VC_US_S_ROLES,Customer_Service_Outsource_PH,customer support outsourcing philippines,Exact,1A,https://vision-three-alpha.vercel.app/us/customer-service,Paused
496-715-1855,VC_US_S_ROLES,Customer_Service_Outsource_PH,filipino support team for hire,Exact,1A,https://vision-three-alpha.vercel.app/us/customer-service,Paused
496-715-1855,VC_US_S_ROLES,Customer_Service_Outsource_PH,outsource chat support philippines,Exact,1A,https://vision-three-alpha.vercel.app/us/customer-service,Paused
496-715-1855,VC_US_S_ROLES,Customer_Service_Outsource_PH,outsource customer service philippines,Exact,1A,https://vision-three-alpha.vercel.app/us/customer-service,Paused
496-715-1855,VC_US_S_ROLES,Customer_Service_Outsource_PH,outsource customer support philippines,Exact,1A,https://vision-three-alpha.vercel.app/us/customer-service,Paused
496-715-1855,VC_US_S_ROLES,Customer_Service_Outsource_PH,outsource helpdesk philippines,Exact,1A,https://vision-three-alpha.vercel.app/us/customer-service,Paused
496-715-1855,VC_US_S_ROLES,Customer_Service_Outsource_PH,outsource inbox support philippines,Exact,1A,https://vision-three-alpha.vercel.app/us/customer-service,Paused
496-715-1855,VC_US_S_ROLES,Customer_Service_Outsource_PH,outsource ticket support philippines,Exact,1A,https://vision-three-alpha.vercel.app/us/customer-service,Paused
496-715-1855,VC_US_S_ROLES,Customer_Service_Outsource_PH,philippines customer service outsourcing,Exact,1A,https://vision-three-alpha.vercel.app/us/customer-service,Paused
496-715-1855,VC_US_S_ROLES,Customer_Service_Outsource_PH,philippines english support outsourcing,Exact,1A,https://vision-three-alpha.vercel.app/us/customer-service,Paused
496-715-1855,VC_US_S_ROLES,Customer_Service_Outsource_PH,smb customer support outsourcing ph,Exact,1A,https://vision-three-alpha.vercel.app/us/customer-service,Paused
496-715-1855,VC_US_S_ROLES,Customer_Service_Outsource_PH,support ops staffing philippines,Exact,1A,https://vision-three-alpha.vercel.app/us/customer-service,Paused
496-715-1855,VC_US_S_ROLES,Digital_Marketing_Hire_PH,dedicated digital marketing va philippines,Exact,1A,https://vision-three-alpha.vercel.app/us/digital-marketing,Paused
496-715-1855,VC_US_S_ROLES,Digital_Marketing_Hire_PH,digital marketing va philippines,Exact,1A,https://vision-three-alpha.vercel.app/us/digital-marketing,Paused
496-715-1855,VC_US_S_ROLES,Digital_Marketing_Hire_PH,filipino digital marketing va,Exact,1A,https://vision-three-alpha.vercel.app/us/digital-marketing,Paused
496-715-1855,VC_US_S_ROLES,Digital_Marketing_Hire_PH,filipino digital marketing virtual assistant,Exact,1A,https://vision-three-alpha.vercel.app/us/digital-marketing,Paused
496-715-1855,VC_US_S_ROLES,Digital_Marketing_Hire_PH,filipino marketing virtual assistant,Exact,1A,https://vision-three-alpha.vercel.app/us/digital-marketing,Paused
496-715-1855,VC_US_S_ROLES,Digital_Marketing_Hire_PH,filipino ppc virtual assistant,Exact,1A,https://vision-three-alpha.vercel.app/us/digital-marketing,Paused
496-715-1855,VC_US_S_ROLES,Digital_Marketing_Hire_PH,hire a filipino digital marketer,Exact,1A,https://vision-three-alpha.vercel.app/us/digital-marketing,Paused
496-715-1855,VC_US_S_ROLES,Digital_Marketing_Hire_PH,hire a filipino digital marketing va,Exact,1A,https://vision-three-alpha.vercel.app/us/digital-marketing,Paused
496-715-1855,VC_US_S_ROLES,Digital_Marketing_Hire_PH,hire content marketing va philippines,Exact,1A,https://vision-three-alpha.vercel.app/us/digital-marketing,Paused
496-715-1855,VC_US_S_ROLES,Digital_Marketing_Hire_PH,hire digital marketer philippines,Exact,1A,https://vision-three-alpha.vercel.app/us/digital-marketing,Paused
496-715-1855,VC_US_S_ROLES,Digital_Marketing_Hire_PH,hire digital marketing va philippines,Exact,1A,https://vision-three-alpha.vercel.app/us/digital-marketing,Paused
496-715-1855,VC_US_S_ROLES,Digital_Marketing_Hire_PH,hire email marketing va philippines,Exact,1A,https://vision-three-alpha.vercel.app/us/digital-marketing,Paused
496-715-1855,VC_US_S_ROLES,Digital_Marketing_Hire_PH,hire filipino digital marketing manager,Exact,1A,https://vision-three-alpha.vercel.app/us/digital-marketing,Paused
496-715-1855,VC_US_S_ROLES,Digital_Marketing_Hire_PH,hire filipino digital marketing va,Exact,1A,https://vision-three-alpha.vercel.app/us/digital-marketing,Paused
496-715-1855,VC_US_S_ROLES,Digital_Marketing_Hire_PH,hire offshore digital marketing va,Exact,1A,https://vision-three-alpha.vercel.app/us/digital-marketing,Paused
496-715-1855,VC_US_S_ROLES,Digital_Marketing_Hire_PH,hire philippines digital marketing specialist,Exact,1A,https://vision-three-alpha.vercel.app/us/digital-marketing,Paused
496-715-1855,VC_US_S_ROLES,Digital_Marketing_Hire_PH,hire seo expert philippines,Exact,1A,https://vision-three-alpha.vercel.app/us/digital-marketing,Paused
496-715-1855,VC_US_S_ROLES,Digital_Marketing_Hire_PH,hire seo virtual assistant philippines,Exact,1A,https://vision-three-alpha.vercel.app/us/digital-marketing,Paused
496-715-1855,VC_US_S_ROLES,Digital_Marketing_Hire_PH,seo virtual assistant philippines,Exact,1A,https://vision-three-alpha.vercel.app/us/digital-marketing,Paused
496-715-1855,VC_US_S_ROLES,Digital_Marketing_Outsource_PH,digital marketer outsourcing philippines,Exact,1A,https://vision-three-alpha.vercel.app/us/digital-marketing,Paused
496-715-1855,VC_US_S_ROLES,Digital_Marketing_Outsource_PH,digital marketing outsourcing philippines,Exact,1A,https://vision-three-alpha.vercel.app/us/digital-marketing,Paused
496-715-1855,VC_US_S_ROLES,Digital_Marketing_Outsource_PH,filipino marketing team for hire,Exact,1A,https://vision-three-alpha.vercel.app/us/digital-marketing,Paused
496-715-1855,VC_US_S_ROLES,Digital_Marketing_Outsource_PH,marketing ops outsourcing philippines,Exact,1A,https://vision-three-alpha.vercel.app/us/digital-marketing,Paused
496-715-1855,VC_US_S_ROLES,Digital_Marketing_Outsource_PH,outsource campaign management philippines,Exact,1A,https://vision-three-alpha.vercel.app/us/digital-marketing,Paused
496-715-1855,VC_US_S_ROLES,Digital_Marketing_Outsource_PH,outsource content marketing philippines,Exact,1A,https://vision-three-alpha.vercel.app/us/digital-marketing,Paused
496-715-1855,VC_US_S_ROLES,Digital_Marketing_Outsource_PH,outsource digital marketing philippines,Exact,1A,https://vision-three-alpha.vercel.app/us/digital-marketing,Paused
496-715-1855,VC_US_S_ROLES,Digital_Marketing_Outsource_PH,outsource digital marketing to philippines,Exact,1A,https://vision-three-alpha.vercel.app/us/digital-marketing,Paused
496-715-1855,VC_US_S_ROLES,Digital_Marketing_Outsource_PH,outsource marketing operations philippines,Exact,1A,https://vision-three-alpha.vercel.app/us/digital-marketing,Paused
496-715-1855,VC_US_S_ROLES,Digital_Marketing_Outsource_PH,outsource ppc management philippines,Exact,1A,https://vision-three-alpha.vercel.app/us/digital-marketing,Paused
496-715-1855,VC_US_S_ROLES,Digital_Marketing_Outsource_PH,outsource seo philippines,Exact,1A,https://vision-three-alpha.vercel.app/us/digital-marketing,Paused
496-715-1855,VC_US_S_ROLES,Digital_Marketing_Outsource_PH,outsource seo to philippines,Exact,1A,https://vision-three-alpha.vercel.app/us/digital-marketing,Paused
496-715-1855,VC_US_S_ROLES,Digital_Marketing_Outsource_PH,philippines digital marketing outsourcing,Exact,1A,https://vision-three-alpha.vercel.app/us/digital-marketing,Paused
496-715-1855,VC_US_S_ROLES,Digital_Marketing_Outsource_PH,philippines remote marketing hire,Exact,1A,https://vision-three-alpha.vercel.app/us/digital-marketing,Paused
496-715-1855,VC_US_S_ROLES,Human_Resources_Hire_PH,dedicated hr va philippines,Exact,1A,https://vision-three-alpha.vercel.app/us/hr,Paused
496-715-1855,VC_US_S_ROLES,Human_Resources_Hire_PH,filipino hr coordinator hire,Exact,1A,https://vision-three-alpha.vercel.app/us/hr,Paused
496-715-1855,VC_US_S_ROLES,Human_Resources_Hire_PH,filipino payroll support hire,Exact,1A,https://vision-three-alpha.vercel.app/us/hr,Paused
496-715-1855,VC_US_S_ROLES,Human_Resources_Hire_PH,hire benefits admin philippines,Exact,1A,https://vision-three-alpha.vercel.app/us/hr,Paused
496-715-1855,VC_US_S_ROLES,Human_Resources_Hire_PH,hire filipino hr assistant,Exact,1A,https://vision-three-alpha.vercel.app/us/hr,Paused
496-715-1855,VC_US_S_ROLES,Human_Resources_Hire_PH,hire hr assistant philippines,Exact,1A,https://vision-three-alpha.vercel.app/us/hr,Paused
496-715-1855,VC_US_S_ROLES,Human_Resources_Hire_PH,hire hr coordinator philippines,Exact,1A,https://vision-three-alpha.vercel.app/us/hr,Paused
496-715-1855,VC_US_S_ROLES,Human_Resources_Hire_PH,hire human resources assistant philippines,Exact,1A,https://vision-three-alpha.vercel.app/us/hr,Paused
496-715-1855,VC_US_S_ROLES,Human_Resources_Hire_PH,hire onboarding assistant philippines,Exact,1A,https://vision-three-alpha.vercel.app/us/hr,Paused
496-715-1855,VC_US_S_ROLES,Human_Resources_Hire_PH,hire payroll assistant philippines,Exact,1A,https://vision-three-alpha.vercel.app/us/hr,Paused
496-715-1855,VC_US_S_ROLES,Human_Resources_Hire_PH,hire people ops assistant philippines,Exact,1A,https://vision-three-alpha.vercel.app/us/hr,Paused
496-715-1855,VC_US_S_ROLES,Human_Resources_Hire_PH,hire philippines hr admin,Exact,1A,https://vision-three-alpha.vercel.app/us/hr,Paused
496-715-1855,VC_US_S_ROLES,Human_Resources_Hire_PH,hr virtual assistant philippines,Exact,1A,https://vision-three-alpha.vercel.app/us/hr,Paused
496-715-1855,VC_US_S_ROLES,Human_Resources_Hire_PH,philippines hr support hire,Exact,1A,https://vision-three-alpha.vercel.app/us/hr,Paused
496-715-1855,VC_US_S_ROLES,Human_Resources_Hire_PH,remote people ops va philippines,Exact,1A,https://vision-three-alpha.vercel.app/us/hr,Paused
496-715-1855,VC_US_S_ROLES,Human_Resources_Outsource_PH,filipino hr team for hire,Exact,1A,https://vision-three-alpha.vercel.app/us/hr,Paused
496-715-1855,VC_US_S_ROLES,Human_Resources_Outsource_PH,hr ops outsourcing philippines,Exact,1A,https://vision-three-alpha.vercel.app/us/hr,Paused
496-715-1855,VC_US_S_ROLES,Human_Resources_Outsource_PH,hr staffing philippines,Exact,1A,https://vision-three-alpha.vercel.app/us/hr,Paused
496-715-1855,VC_US_S_ROLES,Human_Resources_Outsource_PH,outsource employee onboarding philippines,Exact,1A,https://vision-three-alpha.vercel.app/us/hr,Paused
496-715-1855,VC_US_S_ROLES,Human_Resources_Outsource_PH,outsource hr administration philippines,Exact,1A,https://vision-three-alpha.vercel.app/us/hr,Paused
496-715-1855,VC_US_S_ROLES,Human_Resources_Outsource_PH,outsource hr documentation philippines,Exact,1A,https://vision-three-alpha.vercel.app/us/hr,Paused
496-715-1855,VC_US_S_ROLES,Human_Resources_Outsource_PH,outsource hr philippines,Exact,1A,https://vision-three-alpha.vercel.app/us/hr,Paused
496-715-1855,VC_US_S_ROLES,Human_Resources_Outsource_PH,outsource human resources philippines,Exact,1A,https://vision-three-alpha.vercel.app/us/hr,Paused
496-715-1855,VC_US_S_ROLES,Human_Resources_Outsource_PH,outsource leave admin philippines,Exact,1A,https://vision-three-alpha.vercel.app/us/hr,Paused
496-715-1855,VC_US_S_ROLES,Human_Resources_Outsource_PH,outsource payroll admin philippines,Exact,1A,https://vision-three-alpha.vercel.app/us/hr,Paused
496-715-1855,VC_US_S_ROLES,Human_Resources_Outsource_PH,people ops staffing philippines,Exact,1A,https://vision-three-alpha.vercel.app/us/hr,Paused
496-715-1855,VC_US_S_ROLES,Human_Resources_Outsource_PH,philippines hr outsourcing,Exact,1A,https://vision-three-alpha.vercel.app/us/hr,Paused
496-715-1855,VC_US_S_ROLES,Human_Resources_Outsource_PH,smb hr admin outsourcing philippines,Exact,1A,https://vision-three-alpha.vercel.app/us/hr,Paused
496-715-1855,VC_US_S_ROLES,Recruitment_Hire_PH,dedicated recruiting va philippines,Exact,1A,https://vision-three-alpha.vercel.app/us/recruitment,Paused
496-715-1855,VC_US_S_ROLES,Recruitment_Hire_PH,filipino recruiting coordinator hire,Exact,1A,https://vision-three-alpha.vercel.app/us/recruitment,Paused
496-715-1855,VC_US_S_ROLES,Recruitment_Hire_PH,filipino talent acquisition va,Exact,1A,https://vision-three-alpha.vercel.app/us/recruitment,Paused
496-715-1855,VC_US_S_ROLES,Recruitment_Hire_PH,hire candidate coordination philippines,Exact,1A,https://vision-three-alpha.vercel.app/us/recruitment,Paused
496-715-1855,VC_US_S_ROLES,Recruitment_Hire_PH,hire filipino recruitment assistant,Exact,1A,https://vision-three-alpha.vercel.app/us/recruitment,Paused
496-715-1855,VC_US_S_ROLES,Recruitment_Hire_PH,hire philippines sourcing assistant,Exact,1A,https://vision-three-alpha.vercel.app/us/recruitment,Paused
496-715-1855,VC_US_S_ROLES,Recruitment_Hire_PH,hire recruiter assistant philippines,Exact,1A,https://vision-three-alpha.vercel.app/us/recruitment,Paused
496-715-1855,VC_US_S_ROLES,Recruitment_Hire_PH,hire recruiting assistant philippines,Exact,1A,https://vision-three-alpha.vercel.app/us/recruitment,Paused
496-715-1855,VC_US_S_ROLES,Recruitment_Hire_PH,hire recruitment assistant philippines,Exact,1A,https://vision-three-alpha.vercel.app/us/recruitment,Paused
496-715-1855,VC_US_S_ROLES,Recruitment_Hire_PH,hire screening assistant philippines,Exact,1A,https://vision-three-alpha.vercel.app/us/recruitment,Paused
496-715-1855,VC_US_S_ROLES,Recruitment_Hire_PH,hire talent acquisition assistant philippines,Exact,1A,https://vision-three-alpha.vercel.app/us/recruitment,Paused
496-715-1855,VC_US_S_ROLES,Recruitment_Hire_PH,philippines ta assistant hire,Exact,1A,https://vision-three-alpha.vercel.app/us/recruitment,Paused
496-715-1855,VC_US_S_ROLES,Recruitment_Outsource_PH,filipino recruiting team for hire,Exact,1A,https://vision-three-alpha.vercel.app/us/recruitment,Paused
496-715-1855,VC_US_S_ROLES,Recruitment_Outsource_PH,outsource ats admin philippines,Exact,1A,https://vision-three-alpha.vercel.app/us/recruitment,Paused
496-715-1855,VC_US_S_ROLES,Recruitment_Outsource_PH,outsource candidate screening philippines,Exact,1A,https://vision-three-alpha.vercel.app/us/recruitment,Paused
496-715-1855,VC_US_S_ROLES,Recruitment_Outsource_PH,outsource interview scheduling philippines,Exact,1A,https://vision-three-alpha.vercel.app/us/recruitment,Paused
496-715-1855,VC_US_S_ROLES,Recruitment_Outsource_PH,outsource recruiter coordination philippines,Exact,1A,https://vision-three-alpha.vercel.app/us/recruitment,Paused
496-715-1855,VC_US_S_ROLES,Recruitment_Outsource_PH,outsource recruitment support philippines,Exact,1A,https://vision-three-alpha.vercel.app/us/recruitment,Paused
496-715-1855,VC_US_S_ROLES,Recruitment_Outsource_PH,outsource talent sourcing philippines,Exact,1A,https://vision-three-alpha.vercel.app/us/recruitment,Paused
496-715-1855,VC_US_S_ROLES,Recruitment_Outsource_PH,philippines recruiting outsourcing,Exact,1A,https://vision-three-alpha.vercel.app/us/recruitment,Paused
496-715-1855,VC_US_S_ROLES,Recruitment_Outsource_PH,recruiting ops outsourcing philippines,Exact,1A,https://vision-three-alpha.vercel.app/us/recruitment,Paused
496-715-1855,VC_US_S_ROLES,Recruitment_Outsource_PH,smb recruiting support outsourcing ph,Exact,1A,https://vision-three-alpha.vercel.app/us/recruitment,Paused
496-715-1855,VC_US_S_ROLES,Recruitment_Outsource_PH,talent ops staffing philippines,Exact,1A,https://vision-three-alpha.vercel.app/us/recruitment,Paused
496-715-1855,VC_US_S_ROLES,Sales_Hire_PH,dedicated sales va philippines,Exact,1A,https://vision-three-alpha.vercel.app/us/sales,Paused
496-715-1855,VC_US_S_ROLES,Sales_Hire_PH,filipino lead generation va,Exact,1A,https://vision-three-alpha.vercel.app/us/sales,Paused
496-715-1855,VC_US_S_ROLES,Sales_Hire_PH,filipino lead generation virtual assistant,Exact,1A,https://vision-three-alpha.vercel.app/us/sales,Paused
496-715-1855,VC_US_S_ROLES,Sales_Hire_PH,filipino pipeline support hire,Exact,1A,https://vision-three-alpha.vercel.app/us/sales,Paused
496-715-1855,VC_US_S_ROLES,Sales_Hire_PH,hire appointment setter philippines,Exact,1A,https://vision-three-alpha.vercel.app/us/sales,Paused
496-715-1855,VC_US_S_ROLES,Sales_Hire_PH,hire b2b lead gen va philippines,Exact,1A,https://vision-three-alpha.vercel.app/us/sales,Paused
496-715-1855,VC_US_S_ROLES,Sales_Hire_PH,hire filipino appointment setter,Exact,1A,https://vision-three-alpha.vercel.app/us/sales,Paused
496-715-1855,VC_US_S_ROLES,Sales_Hire_PH,hire filipino lead generation specialist,Exact,1A,https://vision-three-alpha.vercel.app/us/sales,Paused
496-715-1855,VC_US_S_ROLES,Sales_Hire_PH,hire lead generation va philippines,Exact,1A,https://vision-three-alpha.vercel.app/us/sales,Paused
496-715-1855,VC_US_S_ROLES,Sales_Hire_PH,hire lead research va philippines,Exact,1A,https://vision-three-alpha.vercel.app/us/sales,Paused
496-715-1855,VC_US_S_ROLES,Sales_Hire_PH,hire outbound sales va philippines,Exact,1A,https://vision-three-alpha.vercel.app/us/sales,Paused
496-715-1855,VC_US_S_ROLES,Sales_Hire_PH,hire philippines sdr assistant,Exact,1A,https://vision-three-alpha.vercel.app/us/sales,Paused
496-715-1855,VC_US_S_ROLES,Sales_Hire_PH,hire sales assistant philippines,Exact,1A,https://vision-three-alpha.vercel.app/us/sales,Paused
496-715-1855,VC_US_S_ROLES,Sales_Outsource_PH,filipino sales team for hire,Exact,1A,https://vision-three-alpha.vercel.app/us/sales,Paused
496-715-1855,VC_US_S_ROLES,Sales_Outsource_PH,outsource appointment setting philippines,Exact,1A,https://vision-three-alpha.vercel.app/us/sales,Paused
496-715-1855,VC_US_S_ROLES,Sales_Outsource_PH,outsource cold outreach support ph,Exact,1A,https://vision-three-alpha.vercel.app/us/sales,Paused
496-715-1855,VC_US_S_ROLES,Sales_Outsource_PH,outsource crm sales admin philippines,Exact,1A,https://vision-three-alpha.vercel.app/us/sales,Paused
496-715-1855,VC_US_S_ROLES,Sales_Outsource_PH,outsource lead generation philippines,Exact,1A,https://vision-three-alpha.vercel.app/us/sales,Paused
496-715-1855,VC_US_S_ROLES,Sales_Outsource_PH,outsource list building philippines,Exact,1A,https://vision-three-alpha.vercel.app/us/sales,Paused
496-715-1855,VC_US_S_ROLES,Sales_Outsource_PH,outsource prospecting philippines,Exact,1A,https://vision-three-alpha.vercel.app/us/sales,Paused
496-715-1855,VC_US_S_ROLES,Sales_Outsource_PH,philippines lead generation outsourcing,Exact,1A,https://vision-three-alpha.vercel.app/us/sales,Paused
496-715-1855,VC_US_S_ROLES,Sales_Outsource_PH,philippines sales development staffing,Exact,1A,https://vision-three-alpha.vercel.app/us/sales,Paused
496-715-1855,VC_US_S_ROLES,Sales_Outsource_PH,pipeline support staffing philippines,Exact,1A,https://vision-three-alpha.vercel.app/us/sales,Paused
496-715-1855,VC_US_S_ROLES,Sales_Outsource_PH,sales ops outsourcing philippines,Exact,1A,https://vision-three-alpha.vercel.app/us/sales,Paused
496-715-1855,VC_US_S_ROLES,Sales_Outsource_PH,sales representative hiring philippines,Exact,1A,https://vision-three-alpha.vercel.app/us/sales,Paused
496-715-1855,VC_US_S_ROLES,Sales_Outsource_PH,smb lead gen outsourcing philippines,Exact,1A,https://vision-three-alpha.vercel.app/us/sales,Paused
496-715-1855,VC_US_S_ROLES,Social_Media_Hire_PH,dedicated social media va philippines,Exact,1A,https://vision-three-alpha.vercel.app/us/social-media,Paused
496-715-1855,VC_US_S_ROLES,Social_Media_Hire_PH,filipino community manager hire,Exact,1A,https://vision-three-alpha.vercel.app/us/social-media,Paused
496-715-1855,VC_US_S_ROLES,Social_Media_Hire_PH,filipino social media va,Exact,1A,https://vision-three-alpha.vercel.app/us/social-media,Paused
496-715-1855,VC_US_S_ROLES,Social_Media_Hire_PH,hire content scheduler philippines,Exact,1A,https://vision-three-alpha.vercel.app/us/social-media,Paused
496-715-1855,VC_US_S_ROLES,Social_Media_Hire_PH,hire facebook ads va philippines,Exact,1A,https://vision-three-alpha.vercel.app/us/social-media,Paused
496-715-1855,VC_US_S_ROLES,Social_Media_Hire_PH,hire filipino social media manager,Exact,1A,https://vision-three-alpha.vercel.app/us/social-media,Paused
496-715-1855,VC_US_S_ROLES,Social_Media_Hire_PH,hire filipino social media va,Exact,1A,https://vision-three-alpha.vercel.app/us/social-media,Paused
496-715-1855,VC_US_S_ROLES,Social_Media_Hire_PH,hire instagram virtual assistant philippines,Exact,1A,https://vision-three-alpha.vercel.app/us/social-media,Paused
496-715-1855,VC_US_S_ROLES,Social_Media_Hire_PH,hire philippines social media manager,Exact,1A,https://vision-three-alpha.vercel.app/us/social-media,Paused
496-715-1855,VC_US_S_ROLES,Social_Media_Hire_PH,hire philippines social media specialist,Exact,1A,https://vision-three-alpha.vercel.app/us/social-media,Paused
496-715-1855,VC_US_S_ROLES,Social_Media_Hire_PH,hire social media manager philippines,Exact,1A,https://vision-three-alpha.vercel.app/us/social-media,Paused
496-715-1855,VC_US_S_ROLES,Social_Media_Hire_PH,social media va philippines,Exact,1A,https://vision-three-alpha.vercel.app/us/social-media,Paused
496-715-1855,VC_US_S_ROLES,Social_Media_Hire_PH,social media virtual assistant philippines,Exact,1A,https://vision-three-alpha.vercel.app/us/social-media,Paused
496-715-1855,VC_US_S_ROLES,Social_Media_Outsource_PH,filipino social media team for hire,Exact,1A,https://vision-three-alpha.vercel.app/us/social-media,Paused
496-715-1855,VC_US_S_ROLES,Social_Media_Outsource_PH,offshore content and social va,Exact,1A,https://vision-three-alpha.vercel.app/us/social-media,Paused
496-715-1855,VC_US_S_ROLES,Social_Media_Outsource_PH,outsource brand social media philippines,Exact,1A,https://vision-three-alpha.vercel.app/us/social-media,Paused
496-715-1855,VC_US_S_ROLES,Social_Media_Outsource_PH,outsource community management philippines,Exact,1A,https://vision-three-alpha.vercel.app/us/social-media,Paused
496-715-1855,VC_US_S_ROLES,Social_Media_Outsource_PH,outsource content posting philippines,Exact,1A,https://vision-three-alpha.vercel.app/us/social-media,Paused
496-715-1855,VC_US_S_ROLES,Social_Media_Outsource_PH,outsource linkedin management philippines,Exact,1A,https://vision-three-alpha.vercel.app/us/social-media,Paused
496-715-1855,VC_US_S_ROLES,Social_Media_Outsource_PH,outsource social media marketing philippines,Exact,1A,https://vision-three-alpha.vercel.app/us/social-media,Paused
496-715-1855,VC_US_S_ROLES,Social_Media_Outsource_PH,outsource social media philippines,Exact,1A,https://vision-three-alpha.vercel.app/us/social-media,Paused
496-715-1855,VC_US_S_ROLES,Social_Media_Outsource_PH,philippines remote smm hire,Exact,1A,https://vision-three-alpha.vercel.app/us/social-media,Paused
496-715-1855,VC_US_S_ROLES,Social_Media_Outsource_PH,philippines social media outsourcing,Exact,1A,https://vision-three-alpha.vercel.app/us/social-media,Paused
496-715-1855,VC_US_S_ROLES,Social_Media_Outsource_PH,social media ops outsourcing philippines,Exact,1A,https://vision-three-alpha.vercel.app/us/social-media,Paused
496-715-1855,VC_US_S_ROLES,Social_Media_Outsource_PH,social media outsourcing philippines,Exact,1A,https://vision-three-alpha.vercel.app/us/social-media,Paused
496-715-1855,VC_US_S_CORE,Hire_VA_PH,hire filipino va,Phrase,1B,https://vision-three-alpha.vercel.app/us,Paused
496-715-1855,VC_US_S_CORE,Hire_VA_PH,hire filipino virtual assistant,Phrase,1B,https://vision-three-alpha.vercel.app/us,Paused
496-715-1855,VC_US_S_CORE,Hire_VA_PH,hire remote filipino assistant,Phrase,1B,https://vision-three-alpha.vercel.app/us,Paused
496-715-1855,VC_US_S_CORE,Hire_VA_PH,hire va philippines,Phrase,1B,https://vision-three-alpha.vercel.app/us,Paused
496-715-1855,VC_US_S_CORE,Hire_VA_PH,hire virtual assistant philippines,Phrase,1B,https://vision-three-alpha.vercel.app/us,Paused
496-715-1855,VC_US_S_CORE,Offshore_VA_PH,philippines assistant,Exact,1B,https://vision-three-alpha.vercel.app/us,Paused
496-715-1855,VC_US_S_CORE,Offshore_VA_PH,remote staff philippines,Exact,1B,https://vision-three-alpha.vercel.app/us,Paused
496-715-1855,VC_US_S_CORE,Offshore_VA_PH,dedicated virtual assistant philippines,Phrase,1B,https://vision-three-alpha.vercel.app/us,Paused
496-715-1855,VC_US_S_CORE,Offshore_VA_PH,filipino virtual assistant,Phrase,1B,https://vision-three-alpha.vercel.app/us,Paused
496-715-1855,VC_US_S_CORE,Offshore_VA_PH,filipino virtual assistant company,Phrase,1B,https://vision-three-alpha.vercel.app/us,Paused
496-715-1855,VC_US_S_CORE,Offshore_VA_PH,offshore va,Phrase,1B,https://vision-three-alpha.vercel.app/us,Paused
496-715-1855,VC_US_S_CORE,Offshore_VA_PH,offshore virtual assistant,Phrase,1B,https://vision-three-alpha.vercel.app/us,Paused
496-715-1855,VC_US_S_CORE,Offshore_VA_PH,outsource virtual assistant philippines,Phrase,1B,https://vision-three-alpha.vercel.app/us,Paused
496-715-1855,VC_US_S_CORE,Offshore_VA_PH,philippines virtual assistant,Phrase,1B,https://vision-three-alpha.vercel.app/us,Paused
496-715-1855,VC_US_S_CORE,Offshore_VA_PH,philippines virtual staffing,Phrase,1B,https://vision-three-alpha.vercel.app/us,Paused
496-715-1855,VC_US_S_CORE,Offshore_VA_PH,va agency philippines,Phrase,1B,https://vision-three-alpha.vercel.app/us,Paused
496-715-1855,VC_US_S_CORE,Offshore_VA_PH,va philippines,Phrase,1B,https://vision-three-alpha.vercel.app/us,Paused
496-715-1855,VC_US_S_CORE,Offshore_VA_PH,virtual assistant philippines,Phrase,1B,https://vision-three-alpha.vercel.app/us,Paused
496-715-1855,VC_US_S_CORE,Offshore_VA_PH,virtual assistant services philippines,Phrase,1B,https://vision-three-alpha.vercel.app/us,Paused
496-715-1855,VC_US_S_ROLES,Accounting_Hire_PH,accountant filipino,Exact,1B,https://vision-three-alpha.vercel.app/us/accounting,Paused
496-715-1855,VC_US_S_ROLES,Accounting_Hire_PH,accountant philippines,Exact,1B,https://vision-three-alpha.vercel.app/us/accounting,Paused
496-715-1855,VC_US_S_ROLES,Accounting_Hire_PH,accounting staff philippines,Exact,1B,https://vision-three-alpha.vercel.app/us/accounting,Paused
496-715-1855,VC_US_S_ROLES,Accounting_Hire_PH,accounts payable philippines,Exact,1B,https://vision-three-alpha.vercel.app/us/accounting,Paused
496-715-1855,VC_US_S_ROLES,Accounting_Hire_PH,dedicated accountant philippines,Exact,1B,https://vision-three-alpha.vercel.app/us/accounting,Paused
496-715-1855,VC_US_S_ROLES,Accounting_Hire_PH,filipino accountant,Exact,1B,https://vision-three-alpha.vercel.app/us/accounting,Paused
496-715-1855,VC_US_S_ROLES,Accounting_Hire_PH,find filipino accountant for business,Exact,1B,https://vision-three-alpha.vercel.app/us/accounting,Paused
496-715-1855,VC_US_S_ROLES,Accounting_Hire_PH,online accountant philippines,Exact,1B,https://vision-three-alpha.vercel.app/us/accounting,Paused
496-715-1855,VC_US_S_ROLES,Accounting_Hire_PH,philippines accountant,Exact,1B,https://vision-three-alpha.vercel.app/us/accounting,Paused
496-715-1855,VC_US_S_ROLES,Accounting_Hire_PH,remote accountant philippines,Exact,1B,https://vision-three-alpha.vercel.app/us/accounting,Paused
496-715-1855,VC_US_S_ROLES,Accounting_Hire_PH,remote accounting assistant philippines,Exact,1B,https://vision-three-alpha.vercel.app/us/accounting,Paused
496-715-1855,VC_US_S_ROLES,Accounting_Hire_PH,virtual accountant philippines,Exact,1B,https://vision-three-alpha.vercel.app/us/accounting,Paused
496-715-1855,VC_US_S_ROLES,Accounting_Hire_PH,filipino accounting virtual assistant,Phrase,1B,https://vision-three-alpha.vercel.app/us/accounting,Paused
496-715-1855,VC_US_S_ROLES,Accounting_Hire_PH,filipino staff accountant,Phrase,1B,https://vision-three-alpha.vercel.app/us/accounting,Paused
496-715-1855,VC_US_S_ROLES,Accounting_Hire_PH,hire accountant philippines,Phrase,1B,https://vision-three-alpha.vercel.app/us/accounting,Paused
496-715-1855,VC_US_S_ROLES,Accounting_Hire_PH,hire accounts payable philippines,Phrase,1B,https://vision-three-alpha.vercel.app/us/accounting,Paused
496-715-1855,VC_US_S_ROLES,Accounting_Hire_PH,hire filipino accountant,Phrase,1B,https://vision-three-alpha.vercel.app/us/accounting,Paused
496-715-1855,VC_US_S_ROLES,Accounting_Hire_PH,philippines accountant for business,Phrase,1B,https://vision-three-alpha.vercel.app/us/accounting,Paused
496-715-1855,VC_US_S_ROLES,Accounting_Hire_PH,philippines accounting assistant,Phrase,1B,https://vision-three-alpha.vercel.app/us/accounting,Paused
496-715-1855,VC_US_S_ROLES,Accounting_Hire_PH,virtual accountant philippines,Phrase,1B,https://vision-three-alpha.vercel.app/us/accounting,Paused
496-715-1855,VC_US_S_ROLES,Accounting_Outsource_PH,accounting services philippines,Exact,1B,https://vision-three-alpha.vercel.app/us/accounting,Paused
496-715-1855,VC_US_S_ROLES,Accounting_Outsource_PH,bpo accounting philippines,Exact,1B,https://vision-three-alpha.vercel.app/us/accounting,Paused
496-715-1855,VC_US_S_ROLES,Accounting_Outsource_PH,dedicated accounting staff philippines,Exact,1B,https://vision-three-alpha.vercel.app/us/accounting,Paused
496-715-1855,VC_US_S_ROLES,Accounting_Outsource_PH,offshore accountant philippines,Exact,1B,https://vision-three-alpha.vercel.app/us/accounting,Paused
496-715-1855,VC_US_S_ROLES,Accounting_Outsource_PH,offshore accounting philippines,Exact,1B,https://vision-three-alpha.vercel.app/us/accounting,Paused
496-715-1855,VC_US_S_ROLES,Accounting_Outsource_PH,offshore ap ar staff philippines,Exact,1B,https://vision-three-alpha.vercel.app/us/accounting,Paused
496-715-1855,VC_US_S_ROLES,Accounting_Outsource_PH,outsourced accounting philippines,Exact,1B,https://vision-three-alpha.vercel.app/us/accounting,Paused
496-715-1855,VC_US_S_ROLES,Accounting_Outsource_PH,outsourced accounting services philippines,Exact,1B,https://vision-three-alpha.vercel.app/us/accounting,Paused
496-715-1855,VC_US_S_ROLES,Accounting_Outsource_PH,philippines accounting services,Exact,1B,https://vision-three-alpha.vercel.app/us/accounting,Paused
496-715-1855,VC_US_S_ROLES,Accounting_Outsource_PH,philippines accounting services for smbs,Exact,1B,https://vision-three-alpha.vercel.app/us/accounting,Paused
496-715-1855,VC_US_S_ROLES,Accounting_Outsource_PH,philippines remote accounting support,Exact,1B,https://vision-three-alpha.vercel.app/us/accounting,Paused
496-715-1855,VC_US_S_ROLES,Accounting_Outsource_PH,remote accounting team philippines,Exact,1B,https://vision-three-alpha.vercel.app/us/accounting,Paused
496-715-1855,VC_US_S_ROLES,Accounting_Outsource_PH,accounting outsourcing philippines,Phrase,1B,https://vision-three-alpha.vercel.app/us/accounting,Paused
496-715-1855,VC_US_S_ROLES,Accounting_Outsource_PH,bpo accounting philippines,Phrase,1B,https://vision-three-alpha.vercel.app/us/accounting,Paused
496-715-1855,VC_US_S_ROLES,Accounting_Outsource_PH,offshore accountant philippines,Phrase,1B,https://vision-three-alpha.vercel.app/us/accounting,Paused
496-715-1855,VC_US_S_ROLES,Accounting_Outsource_PH,offshore finance ops,Phrase,1B,https://vision-three-alpha.vercel.app/us/accounting,Paused
496-715-1855,VC_US_S_ROLES,Accounting_Outsource_PH,outsource accounting philippines,Phrase,1B,https://vision-three-alpha.vercel.app/us/accounting,Paused
496-715-1855,VC_US_S_ROLES,Accounting_Outsource_PH,philippines accounting outsourcing,Phrase,1B,https://vision-three-alpha.vercel.app/us/accounting,Paused
496-715-1855,VC_US_S_ROLES,Accounting_Outsource_PH,philippines accounting staff,Phrase,1B,https://vision-three-alpha.vercel.app/us/accounting,Paused
496-715-1855,VC_US_S_ROLES,Admin_City_Test,hire filipino va miami,Phrase,1B,https://vision-three-alpha.vercel.app/us/administrative-support,Paused
496-715-1855,VC_US_S_ROLES,Admin_City_Test,hire filipino va texas,Phrase,1B,https://vision-three-alpha.vercel.app/us/administrative-support,Paused
496-715-1855,VC_US_S_ROLES,Administration_EA_PH,admin assistant philippines,Exact,1B,https://vision-three-alpha.vercel.app/us/administrative-support,Paused
496-715-1855,VC_US_S_ROLES,Administration_EA_PH,administrative assistant philippines,Exact,1B,https://vision-three-alpha.vercel.app/us/administrative-support,Paused
496-715-1855,VC_US_S_ROLES,Administration_EA_PH,dedicated executive assistant philippines,Exact,1B,https://vision-three-alpha.vercel.app/us/administrative-support,Paused
496-715-1855,VC_US_S_ROLES,Administration_EA_PH,executive assistant philippines,Exact,1B,https://vision-three-alpha.vercel.app/us/administrative-support,Paused
496-715-1855,VC_US_S_ROLES,Administration_EA_PH,filipino admin assistant,Exact,1B,https://vision-three-alpha.vercel.app/us/administrative-support,Paused
496-715-1855,VC_US_S_ROLES,Administration_EA_PH,filipino assistant,Exact,1B,https://vision-three-alpha.vercel.app/us/administrative-support,Paused
496-715-1855,VC_US_S_ROLES,Administration_EA_PH,filipino executive assistant,Exact,1B,https://vision-three-alpha.vercel.app/us/administrative-support,Paused
496-715-1855,VC_US_S_ROLES,Administration_EA_PH,filipino virtual executive assistant,Exact,1B,https://vision-three-alpha.vercel.app/us/administrative-support,Paused
496-715-1855,VC_US_S_ROLES,Administration_EA_PH,office administrator philippines,Exact,1B,https://vision-three-alpha.vercel.app/us/administrative-support,Paused
496-715-1855,VC_US_S_ROLES,Administration_EA_PH,offshore executive assistant,Exact,1B,https://vision-three-alpha.vercel.app/us/administrative-support,Paused
496-715-1855,VC_US_S_ROLES,Administration_EA_PH,personal assistant philippines,Exact,1B,https://vision-three-alpha.vercel.app/us/administrative-support,Paused
496-715-1855,VC_US_S_ROLES,Administration_EA_PH,philippines executive assistant,Exact,1B,https://vision-three-alpha.vercel.app/us/administrative-support,Paused
496-715-1855,VC_US_S_ROLES,Administration_EA_PH,remote executive assistant philippines,Exact,1B,https://vision-three-alpha.vercel.app/us/administrative-support,Paused
496-715-1855,VC_US_S_ROLES,Administration_EA_PH,remote general administrative assistant philippines,Exact,1B,https://vision-three-alpha.vercel.app/us/administrative-support,Paused
496-715-1855,VC_US_S_ROLES,Administration_EA_PH,virtual admin assistant philippines,Exact,1B,https://vision-three-alpha.vercel.app/us/administrative-support,Paused
496-715-1855,VC_US_S_ROLES,Administration_EA_PH,virtual administrative support philippines,Exact,1B,https://vision-three-alpha.vercel.app/us/administrative-support,Paused
496-715-1855,VC_US_S_ROLES,Administration_EA_PH,virtual executive assistant philippines,Exact,1B,https://vision-three-alpha.vercel.app/us/administrative-support,Paused
496-715-1855,VC_US_S_ROLES,Administration_EA_PH,admin assistant philippines,Phrase,1B,https://vision-three-alpha.vercel.app/us/administrative-support,Paused
496-715-1855,VC_US_S_ROLES,Administration_EA_PH,filipino executive assistant,Phrase,1B,https://vision-three-alpha.vercel.app/us/administrative-support,Paused
496-715-1855,VC_US_S_ROLES,Administration_EA_PH,hire executive assistant philippines,Phrase,1B,https://vision-three-alpha.vercel.app/us/administrative-support,Paused
496-715-1855,VC_US_S_ROLES,Administration_EA_PH,hire filipino admin assistant,Phrase,1B,https://vision-three-alpha.vercel.app/us/administrative-support,Paused
496-715-1855,VC_US_S_ROLES,Administration_EA_PH,offshore executive assistant,Phrase,1B,https://vision-three-alpha.vercel.app/us/administrative-support,Paused
496-715-1855,VC_US_S_ROLES,Administration_EA_PH,philippines executive assistant hire,Phrase,1B,https://vision-three-alpha.vercel.app/us/administrative-support,Paused
496-715-1855,VC_US_S_ROLES,Administration_EA_PH,remote executive assistant philippines,Phrase,1B,https://vision-three-alpha.vercel.app/us/administrative-support,Paused
496-715-1855,VC_US_S_ROLES,Administration_EA_PH,virtual administrative assistant philippines,Phrase,1B,https://vision-three-alpha.vercel.app/us/administrative-support,Paused
496-715-1855,VC_US_S_ROLES,Bookkeeping_Hire_PH,bookkeeper in philippines,Exact,1B,https://vision-three-alpha.vercel.app/us/bookkeeping,Paused
496-715-1855,VC_US_S_ROLES,Bookkeeping_Hire_PH,bookkeeper ph,Exact,1B,https://vision-three-alpha.vercel.app/us/bookkeeping,Paused
496-715-1855,VC_US_S_ROLES,Bookkeeping_Hire_PH,bookkeeper philippines,Exact,1B,https://vision-three-alpha.vercel.app/us/bookkeeping,Paused
496-715-1855,VC_US_S_ROLES,Bookkeeping_Hire_PH,dedicated bookkeeper philippines,Exact,1B,https://vision-three-alpha.vercel.app/us/bookkeeping,Paused
496-715-1855,VC_US_S_ROLES,Bookkeeping_Hire_PH,filipino bookkeeper,Exact,1B,https://vision-three-alpha.vercel.app/us/bookkeeping,Paused
496-715-1855,VC_US_S_ROLES,Bookkeeping_Hire_PH,filipino bookkeepers,Exact,1B,https://vision-three-alpha.vercel.app/us/bookkeeping,Paused
496-715-1855,VC_US_S_ROLES,Bookkeeping_Hire_PH,filipino virtual bookkeeper,Exact,1B,https://vision-three-alpha.vercel.app/us/bookkeeping,Paused
496-715-1855,VC_US_S_ROLES,Bookkeeping_Hire_PH,online bookkeeper philippines,Exact,1B,https://vision-three-alpha.vercel.app/us/bookkeeping,Paused
496-715-1855,VC_US_S_ROLES,Bookkeeping_Hire_PH,philippines bookkeeper,Exact,1B,https://vision-three-alpha.vercel.app/us/bookkeeping,Paused
496-715-1855,VC_US_S_ROLES,Bookkeeping_Hire_PH,philippines bookkeepers,Exact,1B,https://vision-three-alpha.vercel.app/us/bookkeeping,Paused
496-715-1855,VC_US_S_ROLES,Bookkeeping_Hire_PH,philippines virtual bookkeeper for smbs,Exact,1B,https://vision-three-alpha.vercel.app/us/bookkeeping,Paused
496-715-1855,VC_US_S_ROLES,Bookkeeping_Hire_PH,quickbooks proadvisor philippines,Exact,1B,https://vision-three-alpha.vercel.app/us/bookkeeping,Paused
496-715-1855,VC_US_S_ROLES,Bookkeeping_Hire_PH,remote bookkeeping philippines,Exact,1B,https://vision-three-alpha.vercel.app/us/bookkeeping,Paused
496-715-1855,VC_US_S_ROLES,Bookkeeping_Hire_PH,remote books assistant philippines,Exact,1B,https://vision-three-alpha.vercel.app/us/bookkeeping,Paused
496-715-1855,VC_US_S_ROLES,Bookkeeping_Hire_PH,virtual bookkeeper philippines,Exact,1B,https://vision-three-alpha.vercel.app/us/bookkeeping,Paused
496-715-1855,VC_US_S_ROLES,Bookkeeping_Hire_PH,virtual bookkeeping philippines,Exact,1B,https://vision-three-alpha.vercel.app/us/bookkeeping,Paused
496-715-1855,VC_US_S_ROLES,Bookkeeping_Hire_PH,bookkeeper philippines,Phrase,1B,https://vision-three-alpha.vercel.app/us/bookkeeping,Paused
496-715-1855,VC_US_S_ROLES,Bookkeeping_Hire_PH,filipino bookkeeping virtual assistant,Phrase,1B,https://vision-three-alpha.vercel.app/us/bookkeeping,Paused
496-715-1855,VC_US_S_ROLES,Bookkeeping_Hire_PH,hire filipino bookkeeper,Phrase,1B,https://vision-three-alpha.vercel.app/us/bookkeeping,Paused
496-715-1855,VC_US_S_ROLES,Bookkeeping_Hire_PH,hire quickbooks bookkeeper philippines,Phrase,1B,https://vision-three-alpha.vercel.app/us/bookkeeping,Paused
496-715-1855,VC_US_S_ROLES,Bookkeeping_Hire_PH,hire virtual bookkeeper philippines,Phrase,1B,https://vision-three-alpha.vercel.app/us/bookkeeping,Paused
496-715-1855,VC_US_S_ROLES,Bookkeeping_Hire_PH,philippines bookkeeper,Phrase,1B,https://vision-three-alpha.vercel.app/us/bookkeeping,Paused
496-715-1855,VC_US_S_ROLES,Bookkeeping_Hire_PH,philippines bookkeeper for hire,Phrase,1B,https://vision-three-alpha.vercel.app/us/bookkeeping,Paused
496-715-1855,VC_US_S_ROLES,Bookkeeping_Hire_PH,remote bookkeeper philippines,Phrase,1B,https://vision-three-alpha.vercel.app/us/bookkeeping,Paused
496-715-1855,VC_US_S_ROLES,Bookkeeping_Hire_PH,virtual bookkeeper philippines,Phrase,1B,https://vision-three-alpha.vercel.app/us/bookkeeping,Paused
496-715-1855,VC_US_S_ROLES,Bookkeeping_Outsource_PH,bookkeeping philippines,Exact,1B,https://vision-three-alpha.vercel.app/us/bookkeeping,Paused
496-715-1855,VC_US_S_ROLES,Bookkeeping_Outsource_PH,bookkeeping services philippines,Exact,1B,https://vision-three-alpha.vercel.app/us/bookkeeping,Paused
496-715-1855,VC_US_S_ROLES,Bookkeeping_Outsource_PH,dedicated books staff philippines,Exact,1B,https://vision-three-alpha.vercel.app/us/bookkeeping,Paused
496-715-1855,VC_US_S_ROLES,Bookkeeping_Outsource_PH,freelance bookkeeper philippines,Exact,1B,https://vision-three-alpha.vercel.app/us/bookkeeping,Paused
496-715-1855,VC_US_S_ROLES,Bookkeeping_Outsource_PH,offshore bookkeeper,Exact,1B,https://vision-three-alpha.vercel.app/us/bookkeeping,Paused
496-715-1855,VC_US_S_ROLES,Bookkeeping_Outsource_PH,offshore bookkeeper philippines,Exact,1B,https://vision-three-alpha.vercel.app/us/bookkeeping,Paused
496-715-1855,VC_US_S_ROLES,Bookkeeping_Outsource_PH,offshore books management philippines,Exact,1B,https://vision-three-alpha.vercel.app/us/bookkeeping,Paused
496-715-1855,VC_US_S_ROLES,Bookkeeping_Outsource_PH,outsourced bookkeeping philippines,Exact,1B,https://vision-three-alpha.vercel.app/us/bookkeeping,Paused
496-715-1855,VC_US_S_ROLES,Bookkeeping_Outsource_PH,philippines bookkeeping ops staff,Exact,1B,https://vision-three-alpha.vercel.app/us/bookkeeping,Paused
496-715-1855,VC_US_S_ROLES,Bookkeeping_Outsource_PH,philippines remote bookkeeping support,Exact,1B,https://vision-three-alpha.vercel.app/us/bookkeeping,Paused
496-715-1855,VC_US_S_ROLES,Bookkeeping_Outsource_PH,remote bookkeeping team philippines,Exact,1B,https://vision-three-alpha.vercel.app/us/bookkeeping,Paused
496-715-1855,VC_US_S_ROLES,Bookkeeping_Outsource_PH,remote month end books philippines,Exact,1B,https://vision-three-alpha.vercel.app/us/bookkeeping,Paused
496-715-1855,VC_US_S_ROLES,Bookkeeping_Outsource_PH,virtual bookkeeping services philippines,Exact,1B,https://vision-three-alpha.vercel.app/us/bookkeeping,Paused
496-715-1855,VC_US_S_ROLES,Bookkeeping_Outsource_PH,bookkeeping outsourcing philippines,Phrase,1B,https://vision-three-alpha.vercel.app/us/bookkeeping,Paused
496-715-1855,VC_US_S_ROLES,Bookkeeping_Outsource_PH,bookkeeping philippines,Phrase,1B,https://vision-three-alpha.vercel.app/us/bookkeeping,Paused
496-715-1855,VC_US_S_ROLES,Bookkeeping_Outsource_PH,offshore bookkeeper philippines,Phrase,1B,https://vision-three-alpha.vercel.app/us/bookkeeping,Paused
496-715-1855,VC_US_S_ROLES,Bookkeeping_Outsource_PH,offshore books team,Phrase,1B,https://vision-three-alpha.vercel.app/us/bookkeeping,Paused
496-715-1855,VC_US_S_ROLES,Bookkeeping_Outsource_PH,outsource bookkeeping philippines,Phrase,1B,https://vision-three-alpha.vercel.app/us/bookkeeping,Paused
496-715-1855,VC_US_S_ROLES,Bookkeeping_Outsource_PH,philippines bookkeeping staff,Phrase,1B,https://vision-three-alpha.vercel.app/us/bookkeeping,Paused
496-715-1855,VC_US_S_ROLES,Customer_Service_Hire_PH,customer care assistant philippines,Exact,1B,https://vision-three-alpha.vercel.app/us/customer-service,Paused
496-715-1855,VC_US_S_ROLES,Customer_Service_Hire_PH,customer service assistant philippines,Exact,1B,https://vision-three-alpha.vercel.app/us/customer-service,Paused
496-715-1855,VC_US_S_ROLES,Customer_Service_Hire_PH,customer service philippines,Exact,1B,https://vision-three-alpha.vercel.app/us/customer-service,Paused
496-715-1855,VC_US_S_ROLES,Customer_Service_Hire_PH,customer service representative philippines,Exact,1B,https://vision-three-alpha.vercel.app/us/customer-service,Paused
496-715-1855,VC_US_S_ROLES,Customer_Service_Hire_PH,customer support philippines,Exact,1B,https://vision-three-alpha.vercel.app/us/customer-service,Paused
496-715-1855,VC_US_S_ROLES,Customer_Service_Hire_PH,customer support staff philippines,Exact,1B,https://vision-three-alpha.vercel.app/us/customer-service,Paused
496-715-1855,VC_US_S_ROLES,Customer_Service_Hire_PH,dedicated cs representative philippines,Exact,1B,https://vision-three-alpha.vercel.app/us/customer-service,Paused
496-715-1855,VC_US_S_ROLES,Customer_Service_Hire_PH,filipino customer service,Exact,1B,https://vision-three-alpha.vercel.app/us/customer-service,Paused
496-715-1855,VC_US_S_ROLES,Customer_Service_Hire_PH,live chat support agent philippines,Exact,1B,https://vision-three-alpha.vercel.app/us/customer-service,Paused
496-715-1855,VC_US_S_ROLES,Customer_Service_Hire_PH,philippine customer service,Exact,1B,https://vision-three-alpha.vercel.app/us/customer-service,Paused
496-715-1855,VC_US_S_ROLES,Customer_Service_Hire_PH,philippines customer service,Exact,1B,https://vision-three-alpha.vercel.app/us/customer-service,Paused
496-715-1855,VC_US_S_ROLES,Customer_Service_Hire_PH,remote customer support agent philippines,Exact,1B,https://vision-three-alpha.vercel.app/us/customer-service,Paused
496-715-1855,VC_US_S_ROLES,Customer_Service_Hire_PH,virtual customer service philippines,Exact,1B,https://vision-three-alpha.vercel.app/us/customer-service,Paused
496-715-1855,VC_US_S_ROLES,Customer_Service_Hire_PH,virtual customer support philippines,Exact,1B,https://vision-three-alpha.vercel.app/us/customer-service,Paused
496-715-1855,VC_US_S_ROLES,Customer_Service_Hire_PH,customer service philippines hire,Phrase,1B,https://vision-three-alpha.vercel.app/us/customer-service,Paused
496-715-1855,VC_US_S_ROLES,Customer_Service_Hire_PH,filipino customer support,Phrase,1B,https://vision-three-alpha.vercel.app/us/customer-service,Paused
496-715-1855,VC_US_S_ROLES,Customer_Service_Hire_PH,hire chat support philippines,Phrase,1B,https://vision-three-alpha.vercel.app/us/customer-service,Paused
496-715-1855,VC_US_S_ROLES,Customer_Service_Hire_PH,hire filipino customer service,Phrase,1B,https://vision-three-alpha.vercel.app/us/customer-service,Paused
496-715-1855,VC_US_S_ROLES,Customer_Service_Hire_PH,philippines customer service,Phrase,1B,https://vision-three-alpha.vercel.app/us/customer-service,Paused
496-715-1855,VC_US_S_ROLES,Customer_Service_Hire_PH,philippines customer service staff,Phrase,1B,https://vision-three-alpha.vercel.app/us/customer-service,Paused
496-715-1855,VC_US_S_ROLES,Customer_Service_Hire_PH,virtual customer service philippines,Phrase,1B,https://vision-three-alpha.vercel.app/us/customer-service,Paused
496-715-1855,VC_US_S_ROLES,Customer_Service_Outsource_PH,customer service agency philippines,Exact,1B,https://vision-three-alpha.vercel.app/us/customer-service,Paused
496-715-1855,VC_US_S_ROLES,Customer_Service_Outsource_PH,dedicated support staff philippines,Exact,1B,https://vision-three-alpha.vercel.app/us/customer-service,Paused
496-715-1855,VC_US_S_ROLES,Customer_Service_Outsource_PH,offshore customer care philippines,Exact,1B,https://vision-three-alpha.vercel.app/us/customer-service,Paused
496-715-1855,VC_US_S_ROLES,Customer_Service_Outsource_PH,offshore customer service philippines,Exact,1B,https://vision-three-alpha.vercel.app/us/customer-service,Paused
496-715-1855,VC_US_S_ROLES,Customer_Service_Outsource_PH,offshore support agent philippines,Exact,1B,https://vision-three-alpha.vercel.app/us/customer-service,Paused
496-715-1855,VC_US_S_ROLES,Customer_Service_Outsource_PH,remote customer care team philippines,Exact,1B,https://vision-three-alpha.vercel.app/us/customer-service,Paused
496-715-1855,VC_US_S_ROLES,Customer_Service_Outsource_PH,remote support team philippines,Exact,1B,https://vision-three-alpha.vercel.app/us/customer-service,Paused
496-715-1855,VC_US_S_ROLES,Customer_Service_Outsource_PH,customer support outsourcing philippines,Phrase,1B,https://vision-three-alpha.vercel.app/us/customer-service,Paused
496-715-1855,VC_US_S_ROLES,Customer_Service_Outsource_PH,offshore customer care,Phrase,1B,https://vision-three-alpha.vercel.app/us/customer-service,Paused
496-715-1855,VC_US_S_ROLES,Customer_Service_Outsource_PH,offshore customer service,Phrase,1B,https://vision-three-alpha.vercel.app/us/customer-service,Paused
496-715-1855,VC_US_S_ROLES,Customer_Service_Outsource_PH,outsource customer service philippines,Phrase,1B,https://vision-three-alpha.vercel.app/us/customer-service,Paused
496-715-1855,VC_US_S_ROLES,Customer_Service_Outsource_PH,outsourced helpdesk philippines,Phrase,1B,https://vision-three-alpha.vercel.app/us/customer-service,Paused
496-715-1855,VC_US_S_ROLES,Customer_Service_Outsource_PH,philippines customer service outsourcing,Phrase,1B,https://vision-three-alpha.vercel.app/us/customer-service,Paused
496-715-1855,VC_US_S_ROLES,Customer_Service_Outsource_PH,philippines support team,Phrase,1B,https://vision-three-alpha.vercel.app/us/customer-service,Paused
496-715-1855,VC_US_S_ROLES,Digital_Marketing_Hire_PH,digital marketing manager philippines,Exact,1B,https://vision-three-alpha.vercel.app/us/digital-marketing,Paused
496-715-1855,VC_US_S_ROLES,Digital_Marketing_Hire_PH,digital marketing staff philippines,Exact,1B,https://vision-three-alpha.vercel.app/us/digital-marketing,Paused
496-715-1855,VC_US_S_ROLES,Digital_Marketing_Hire_PH,filipino digital marketing manager,Exact,1B,https://vision-three-alpha.vercel.app/us/digital-marketing,Paused
496-715-1855,VC_US_S_ROLES,Digital_Marketing_Hire_PH,filipino digital marketing specialist,Exact,1B,https://vision-three-alpha.vercel.app/us/digital-marketing,Paused
496-715-1855,VC_US_S_ROLES,Digital_Marketing_Hire_PH,google ads specialist philippines,Exact,1B,https://vision-three-alpha.vercel.app/us/digital-marketing,Paused
496-715-1855,VC_US_S_ROLES,Digital_Marketing_Hire_PH,philippines digital marketing manager,Exact,1B,https://vision-three-alpha.vercel.app/us/digital-marketing,Paused
496-715-1855,VC_US_S_ROLES,Digital_Marketing_Hire_PH,remote digital marketing manager philippines,Exact,1B,https://vision-three-alpha.vercel.app/us/digital-marketing,Paused
496-715-1855,VC_US_S_ROLES,Digital_Marketing_Hire_PH,virtual digital marketing manager philippines,Exact,1B,https://vision-three-alpha.vercel.app/us/digital-marketing,Paused
496-715-1855,VC_US_S_ROLES,Digital_Marketing_Hire_PH,filipino seo virtual assistant,Phrase,1B,https://vision-three-alpha.vercel.app/us/digital-marketing,Paused
496-715-1855,VC_US_S_ROLES,Digital_Marketing_Hire_PH,hire digital marketing manager philippines,Phrase,1B,https://vision-three-alpha.vercel.app/us/digital-marketing,Paused
496-715-1855,VC_US_S_ROLES,Digital_Marketing_Hire_PH,hire filipino digital marketing,Phrase,1B,https://vision-three-alpha.vercel.app/us/digital-marketing,Paused
496-715-1855,VC_US_S_ROLES,Digital_Marketing_Hire_PH,hire philippines marketing va,Phrase,1B,https://vision-three-alpha.vercel.app/us/digital-marketing,Paused
496-715-1855,VC_US_S_ROLES,Digital_Marketing_Hire_PH,hire remote digital marketer philippines,Phrase,1B,https://vision-three-alpha.vercel.app/us/digital-marketing,Paused
496-715-1855,VC_US_S_ROLES,Digital_Marketing_Hire_PH,seo virtual assistant philippines,Phrase,1B,https://vision-three-alpha.vercel.app/us/digital-marketing,Paused
496-715-1855,VC_US_S_ROLES,Digital_Marketing_Outsource_PH,dedicated marketing staff philippines,Exact,1B,https://vision-three-alpha.vercel.app/us/digital-marketing,Paused
496-715-1855,VC_US_S_ROLES,Digital_Marketing_Outsource_PH,digital marketing agency alternative philippines,Exact,1B,https://vision-three-alpha.vercel.app/us/digital-marketing,Paused
496-715-1855,VC_US_S_ROLES,Digital_Marketing_Outsource_PH,digital marketing philippines,Exact,1B,https://vision-three-alpha.vercel.app/us/digital-marketing,Paused
496-715-1855,VC_US_S_ROLES,Digital_Marketing_Outsource_PH,offshore digital marketing manager,Exact,1B,https://vision-three-alpha.vercel.app/us/digital-marketing,Paused
496-715-1855,VC_US_S_ROLES,Digital_Marketing_Outsource_PH,offshore digital marketing philippines,Exact,1B,https://vision-three-alpha.vercel.app/us/digital-marketing,Paused
496-715-1855,VC_US_S_ROLES,Digital_Marketing_Outsource_PH,offshore digital marketing specialist,Exact,1B,https://vision-three-alpha.vercel.app/us/digital-marketing,Paused
496-715-1855,VC_US_S_ROLES,Digital_Marketing_Outsource_PH,offshore marketing staff philippines,Exact,1B,https://vision-three-alpha.vercel.app/us/digital-marketing,Paused
496-715-1855,VC_US_S_ROLES,Digital_Marketing_Outsource_PH,philippines digital marketing agency,Exact,1B,https://vision-three-alpha.vercel.app/us/digital-marketing,Paused
496-715-1855,VC_US_S_ROLES,Digital_Marketing_Outsource_PH,philippines digital marketing support staff,Exact,1B,https://vision-three-alpha.vercel.app/us/digital-marketing,Paused
496-715-1855,VC_US_S_ROLES,Digital_Marketing_Outsource_PH,philippines seo specialist,Exact,1B,https://vision-three-alpha.vercel.app/us/digital-marketing,Paused
496-715-1855,VC_US_S_ROLES,Digital_Marketing_Outsource_PH,remote marketing team philippines,Exact,1B,https://vision-three-alpha.vercel.app/us/digital-marketing,Paused
496-715-1855,VC_US_S_ROLES,Digital_Marketing_Outsource_PH,seo company philippines,Exact,1B,https://vision-three-alpha.vercel.app/us/digital-marketing,Paused
496-715-1855,VC_US_S_ROLES,Digital_Marketing_Outsource_PH,seo philippines,Exact,1B,https://vision-three-alpha.vercel.app/us/digital-marketing,Paused
496-715-1855,VC_US_S_ROLES,Digital_Marketing_Outsource_PH,digital marketing outsourcing philippines,Phrase,1B,https://vision-three-alpha.vercel.app/us/digital-marketing,Paused
496-715-1855,VC_US_S_ROLES,Digital_Marketing_Outsource_PH,offshore digital marketing,Phrase,1B,https://vision-three-alpha.vercel.app/us/digital-marketing,Paused
496-715-1855,VC_US_S_ROLES,Digital_Marketing_Outsource_PH,offshore marketing team,Phrase,1B,https://vision-three-alpha.vercel.app/us/digital-marketing,Paused
496-715-1855,VC_US_S_ROLES,Digital_Marketing_Outsource_PH,outsource digital marketing philippines,Phrase,1B,https://vision-three-alpha.vercel.app/us/digital-marketing,Paused
496-715-1855,VC_US_S_ROLES,Digital_Marketing_Outsource_PH,outsource marketing to philippines,Phrase,1B,https://vision-three-alpha.vercel.app/us/digital-marketing,Paused
496-715-1855,VC_US_S_ROLES,Digital_Marketing_Outsource_PH,outsource seo philippines,Phrase,1B,https://vision-three-alpha.vercel.app/us/digital-marketing,Paused
496-715-1855,VC_US_S_ROLES,Digital_Marketing_Outsource_PH,philippines digital marketing staff,Phrase,1B,https://vision-three-alpha.vercel.app/us/digital-marketing,Paused
496-715-1855,VC_US_S_ROLES,Digital_Marketing_Outsource_PH,philippines marketing staff,Phrase,1B,https://vision-three-alpha.vercel.app/us/digital-marketing,Paused
496-715-1855,VC_US_S_ROLES,Human_Resources_Hire_PH,filipino hr assistant,Exact,1B,https://vision-three-alpha.vercel.app/us/hr,Paused
496-715-1855,VC_US_S_ROLES,Human_Resources_Hire_PH,filipino human resources assistant,Exact,1B,https://vision-three-alpha.vercel.app/us/hr,Paused
496-715-1855,VC_US_S_ROLES,Human_Resources_Hire_PH,filipino virtual hr assistant,Exact,1B,https://vision-three-alpha.vercel.app/us/hr,Paused
496-715-1855,VC_US_S_ROLES,Human_Resources_Hire_PH,human resources assistant philippines,Exact,1B,https://vision-three-alpha.vercel.app/us/hr,Paused
496-715-1855,VC_US_S_ROLES,Human_Resources_Hire_PH,remote hr assistant philippines,Exact,1B,https://vision-three-alpha.vercel.app/us/hr,Paused
496-715-1855,VC_US_S_ROLES,Human_Resources_Hire_PH,virtual hr assistant philippines,Exact,1B,https://vision-three-alpha.vercel.app/us/hr,Paused
496-715-1855,VC_US_S_ROLES,Human_Resources_Hire_PH,virtual payroll assistant philippines,Exact,1B,https://vision-three-alpha.vercel.app/us/hr,Paused
496-715-1855,VC_US_S_ROLES,Human_Resources_Hire_PH,filipino human resources assistant,Phrase,1B,https://vision-three-alpha.vercel.app/us/hr,Paused
496-715-1855,VC_US_S_ROLES,Human_Resources_Hire_PH,hire filipino hr assistant,Phrase,1B,https://vision-three-alpha.vercel.app/us/hr,Paused
496-715-1855,VC_US_S_ROLES,Human_Resources_Hire_PH,hire hr coordinator philippines,Phrase,1B,https://vision-three-alpha.vercel.app/us/hr,Paused
496-715-1855,VC_US_S_ROLES,Human_Resources_Hire_PH,hire payroll assistant philippines,Phrase,1B,https://vision-three-alpha.vercel.app/us/hr,Paused
496-715-1855,VC_US_S_ROLES,Human_Resources_Hire_PH,philippines people ops hire,Phrase,1B,https://vision-three-alpha.vercel.app/us/hr,Paused
496-715-1855,VC_US_S_ROLES,Human_Resources_Hire_PH,remote hr assistant philippines,Phrase,1B,https://vision-three-alpha.vercel.app/us/hr,Paused
496-715-1855,VC_US_S_ROLES,Human_Resources_Hire_PH,virtual hr assistant philippines,Phrase,1B,https://vision-three-alpha.vercel.app/us/hr,Paused
496-715-1855,VC_US_S_ROLES,Human_Resources_Outsource_PH,dedicated hr staff philippines,Exact,1B,https://vision-three-alpha.vercel.app/us/hr,Paused
496-715-1855,VC_US_S_ROLES,Human_Resources_Outsource_PH,offshore hr assistant,Exact,1B,https://vision-three-alpha.vercel.app/us/hr,Paused
496-715-1855,VC_US_S_ROLES,Human_Resources_Outsource_PH,offshore hr coordination philippines,Exact,1B,https://vision-three-alpha.vercel.app/us/hr,Paused
496-715-1855,VC_US_S_ROLES,Human_Resources_Outsource_PH,offshore people ops philippines,Exact,1B,https://vision-three-alpha.vercel.app/us/hr,Paused
496-715-1855,VC_US_S_ROLES,Human_Resources_Outsource_PH,philippines human resources support staff,Exact,1B,https://vision-three-alpha.vercel.app/us/hr,Paused
496-715-1855,VC_US_S_ROLES,Human_Resources_Outsource_PH,philippines remote hr support,Exact,1B,https://vision-three-alpha.vercel.app/us/hr,Paused
496-715-1855,VC_US_S_ROLES,Human_Resources_Outsource_PH,remote hr coordinator philippines,Exact,1B,https://vision-three-alpha.vercel.app/us/hr,Paused
496-715-1855,VC_US_S_ROLES,Human_Resources_Outsource_PH,remote hr team philippines,Exact,1B,https://vision-three-alpha.vercel.app/us/hr,Paused
496-715-1855,VC_US_S_ROLES,Human_Resources_Outsource_PH,hr outsourcing philippines,Phrase,1B,https://vision-three-alpha.vercel.app/us/hr,Paused
496-715-1855,VC_US_S_ROLES,Human_Resources_Outsource_PH,offshore hr assistant,Phrase,1B,https://vision-three-alpha.vercel.app/us/hr,Paused
496-715-1855,VC_US_S_ROLES,Human_Resources_Outsource_PH,offshore people ops,Phrase,1B,https://vision-three-alpha.vercel.app/us/hr,Paused
496-715-1855,VC_US_S_ROLES,Human_Resources_Outsource_PH,outsource hr philippines,Phrase,1B,https://vision-three-alpha.vercel.app/us/hr,Paused
496-715-1855,VC_US_S_ROLES,Human_Resources_Outsource_PH,outsource human resources philippines,Phrase,1B,https://vision-three-alpha.vercel.app/us/hr,Paused
496-715-1855,VC_US_S_ROLES,Human_Resources_Outsource_PH,philippines hr staff,Phrase,1B,https://vision-three-alpha.vercel.app/us/hr,Paused
496-715-1855,VC_US_S_ROLES,Recruitment_Hire_PH,filipino recruitment assistant,Exact,1B,https://vision-three-alpha.vercel.app/us/recruitment,Paused
496-715-1855,VC_US_S_ROLES,Recruitment_Hire_PH,filipino recruitment staff,Exact,1B,https://vision-three-alpha.vercel.app/us/recruitment,Paused
496-715-1855,VC_US_S_ROLES,Recruitment_Hire_PH,philippines recruitment assistant,Exact,1B,https://vision-three-alpha.vercel.app/us/recruitment,Paused
496-715-1855,VC_US_S_ROLES,Recruitment_Hire_PH,recruitment assistant philippines,Exact,1B,https://vision-three-alpha.vercel.app/us/recruitment,Paused
496-715-1855,VC_US_S_ROLES,Recruitment_Hire_PH,recruitment coordinator philippines,Exact,1B,https://vision-three-alpha.vercel.app/us/recruitment,Paused
496-715-1855,VC_US_S_ROLES,Recruitment_Hire_PH,remote recruiting coordinator philippines,Exact,1B,https://vision-three-alpha.vercel.app/us/recruitment,Paused
496-715-1855,VC_US_S_ROLES,Recruitment_Hire_PH,remote recruitment assistant philippines,Exact,1B,https://vision-three-alpha.vercel.app/us/recruitment,Paused
496-715-1855,VC_US_S_ROLES,Recruitment_Hire_PH,talent sourcing assistant philippines,Exact,1B,https://vision-three-alpha.vercel.app/us/recruitment,Paused
496-715-1855,VC_US_S_ROLES,Recruitment_Hire_PH,virtual recruiting assistant philippines,Exact,1B,https://vision-three-alpha.vercel.app/us/recruitment,Paused
496-715-1855,VC_US_S_ROLES,Recruitment_Hire_PH,virtual recruitment assistant philippines,Exact,1B,https://vision-three-alpha.vercel.app/us/recruitment,Paused
496-715-1855,VC_US_S_ROLES,Recruitment_Hire_PH,filipino talent acquisition assistant,Phrase,1B,https://vision-three-alpha.vercel.app/us/recruitment,Paused
496-715-1855,VC_US_S_ROLES,Recruitment_Hire_PH,hire filipino recruitment assistant,Phrase,1B,https://vision-three-alpha.vercel.app/us/recruitment,Paused
496-715-1855,VC_US_S_ROLES,Recruitment_Hire_PH,hire recruiting assistant philippines,Phrase,1B,https://vision-three-alpha.vercel.app/us/recruitment,Paused
496-715-1855,VC_US_S_ROLES,Recruitment_Hire_PH,hire screening assistant philippines,Phrase,1B,https://vision-three-alpha.vercel.app/us/recruitment,Paused
496-715-1855,VC_US_S_ROLES,Recruitment_Hire_PH,philippines recruitment coordinator,Phrase,1B,https://vision-three-alpha.vercel.app/us/recruitment,Paused
496-715-1855,VC_US_S_ROLES,Recruitment_Hire_PH,recruitment assistant philippines,Phrase,1B,https://vision-three-alpha.vercel.app/us/recruitment,Paused
496-715-1855,VC_US_S_ROLES,Recruitment_Outsource_PH,dedicated recruiting staff philippines,Exact,1B,https://vision-three-alpha.vercel.app/us/recruitment,Paused
496-715-1855,VC_US_S_ROLES,Recruitment_Outsource_PH,offshore recruitment assistant,Exact,1B,https://vision-three-alpha.vercel.app/us/recruitment,Paused
496-715-1855,VC_US_S_ROLES,Recruitment_Outsource_PH,offshore recruitment philippines,Exact,1B,https://vision-three-alpha.vercel.app/us/recruitment,Paused
496-715-1855,VC_US_S_ROLES,Recruitment_Outsource_PH,offshore sourcer philippines,Exact,1B,https://vision-three-alpha.vercel.app/us/recruitment,Paused
496-715-1855,VC_US_S_ROLES,Recruitment_Outsource_PH,offshore ta support philippines,Exact,1B,https://vision-three-alpha.vercel.app/us/recruitment,Paused
496-715-1855,VC_US_S_ROLES,Recruitment_Outsource_PH,philippines recruitment process support,Exact,1B,https://vision-three-alpha.vercel.app/us/recruitment,Paused
496-715-1855,VC_US_S_ROLES,Recruitment_Outsource_PH,philippines remote recruiting support,Exact,1B,https://vision-three-alpha.vercel.app/us/recruitment,Paused
496-715-1855,VC_US_S_ROLES,Recruitment_Outsource_PH,remote recruiting team philippines,Exact,1B,https://vision-three-alpha.vercel.app/us/recruitment,Paused
496-715-1855,VC_US_S_ROLES,Recruitment_Outsource_PH,remote sourcing team philippines,Exact,1B,https://vision-three-alpha.vercel.app/us/recruitment,Paused
496-715-1855,VC_US_S_ROLES,Recruitment_Outsource_PH,offshore recruiting assistant,Phrase,1B,https://vision-three-alpha.vercel.app/us/recruitment,Paused
496-715-1855,VC_US_S_ROLES,Recruitment_Outsource_PH,offshore recruitment philippines,Phrase,1B,https://vision-three-alpha.vercel.app/us/recruitment,Paused
496-715-1855,VC_US_S_ROLES,Recruitment_Outsource_PH,outsource talent sourcing philippines,Phrase,1B,https://vision-three-alpha.vercel.app/us/recruitment,Paused
496-715-1855,VC_US_S_ROLES,Recruitment_Outsource_PH,philippines recruiting staff,Phrase,1B,https://vision-three-alpha.vercel.app/us/recruitment,Paused
496-715-1855,VC_US_S_ROLES,Sales_Hire_PH,appointment setter philippines,Exact,1B,https://vision-three-alpha.vercel.app/us/sales,Paused
496-715-1855,VC_US_S_ROLES,Sales_Hire_PH,filipino appointment setter,Exact,1B,https://vision-three-alpha.vercel.app/us/sales,Paused
496-715-1855,VC_US_S_ROLES,Sales_Hire_PH,filipino lead generation specialist,Exact,1B,https://vision-three-alpha.vercel.app/us/sales,Paused
496-715-1855,VC_US_S_ROLES,Sales_Hire_PH,filipino sales assistant,Exact,1B,https://vision-three-alpha.vercel.app/us/sales,Paused
496-715-1855,VC_US_S_ROLES,Sales_Hire_PH,lead generation philippines,Exact,1B,https://vision-three-alpha.vercel.app/us/sales,Paused
496-715-1855,VC_US_S_ROLES,Sales_Hire_PH,lead generation specialist philippines,Exact,1B,https://vision-three-alpha.vercel.app/us/sales,Paused
496-715-1855,VC_US_S_ROLES,Sales_Hire_PH,philippines lead generation specialist,Exact,1B,https://vision-three-alpha.vercel.app/us/sales,Paused
496-715-1855,VC_US_S_ROLES,Sales_Hire_PH,remote appointment setter philippines,Exact,1B,https://vision-three-alpha.vercel.app/us/sales,Paused
496-715-1855,VC_US_S_ROLES,Sales_Hire_PH,remote lead generation philippines,Exact,1B,https://vision-three-alpha.vercel.app/us/sales,Paused
496-715-1855,VC_US_S_ROLES,Sales_Hire_PH,virtual lead generation philippines,Exact,1B,https://vision-three-alpha.vercel.app/us/sales,Paused
496-715-1855,VC_US_S_ROLES,Sales_Hire_PH,virtual sales assistant philippines,Exact,1B,https://vision-three-alpha.vercel.app/us/sales,Paused
496-715-1855,VC_US_S_ROLES,Sales_Hire_PH,filipino appointment setter,Phrase,1B,https://vision-three-alpha.vercel.app/us/sales,Paused
496-715-1855,VC_US_S_ROLES,Sales_Hire_PH,hire appointment setter philippines,Phrase,1B,https://vision-three-alpha.vercel.app/us/sales,Paused
496-715-1855,VC_US_S_ROLES,Sales_Hire_PH,hire filipino lead generation specialist,Phrase,1B,https://vision-three-alpha.vercel.app/us/sales,Paused
496-715-1855,VC_US_S_ROLES,Sales_Hire_PH,hire sales assistant philippines,Phrase,1B,https://vision-three-alpha.vercel.app/us/sales,Paused
496-715-1855,VC_US_S_ROLES,Sales_Hire_PH,philippines lead generation specialist,Phrase,1B,https://vision-three-alpha.vercel.app/us/sales,Paused
496-715-1855,VC_US_S_ROLES,Sales_Hire_PH,remote appointment setter philippines,Phrase,1B,https://vision-three-alpha.vercel.app/us/sales,Paused
496-715-1855,VC_US_S_ROLES,Sales_Hire_PH,virtual sales assistant philippines,Phrase,1B,https://vision-three-alpha.vercel.app/us/sales,Paused
496-715-1855,VC_US_S_ROLES,Sales_Outsource_PH,dedicated lead gen staff philippines,Exact,1B,https://vision-three-alpha.vercel.app/us/sales,Paused
496-715-1855,VC_US_S_ROLES,Sales_Outsource_PH,lead generation agency philippines,Exact,1B,https://vision-three-alpha.vercel.app/us/sales,Paused
496-715-1855,VC_US_S_ROLES,Sales_Outsource_PH,lead generation services philippines,Exact,1B,https://vision-three-alpha.vercel.app/us/sales,Paused
496-715-1855,VC_US_S_ROLES,Sales_Outsource_PH,offshore bdr support philippines,Exact,1B,https://vision-three-alpha.vercel.app/us/sales,Paused
496-715-1855,VC_US_S_ROLES,Sales_Outsource_PH,offshore lead generation philippines,Exact,1B,https://vision-three-alpha.vercel.app/us/sales,Paused
496-715-1855,VC_US_S_ROLES,Sales_Outsource_PH,offshore sales assistant philippines,Exact,1B,https://vision-three-alpha.vercel.app/us/sales,Paused
496-715-1855,VC_US_S_ROLES,Sales_Outsource_PH,philippines remote sdr support,Exact,1B,https://vision-three-alpha.vercel.app/us/sales,Paused
496-715-1855,VC_US_S_ROLES,Sales_Outsource_PH,remote outbound team philippines,Exact,1B,https://vision-three-alpha.vercel.app/us/sales,Paused
496-715-1855,VC_US_S_ROLES,Sales_Outsource_PH,remote sales support philippines,Exact,1B,https://vision-three-alpha.vercel.app/us/sales,Paused
496-715-1855,VC_US_S_ROLES,Sales_Outsource_PH,lead generation outsourcing philippines,Phrase,1B,https://vision-three-alpha.vercel.app/us/sales,Paused
496-715-1855,VC_US_S_ROLES,Sales_Outsource_PH,lead generation philippines,Phrase,1B,https://vision-three-alpha.vercel.app/us/sales,Paused
496-715-1855,VC_US_S_ROLES,Sales_Outsource_PH,offshore sales assistant,Phrase,1B,https://vision-three-alpha.vercel.app/us/sales,Paused
496-715-1855,VC_US_S_ROLES,Sales_Outsource_PH,offshore sdr support,Phrase,1B,https://vision-three-alpha.vercel.app/us/sales,Paused
496-715-1855,VC_US_S_ROLES,Sales_Outsource_PH,outsource lead generation philippines,Phrase,1B,https://vision-three-alpha.vercel.app/us/sales,Paused
496-715-1855,VC_US_S_ROLES,Sales_Outsource_PH,outsource prospecting philippines,Phrase,1B,https://vision-three-alpha.vercel.app/us/sales,Paused
496-715-1855,VC_US_S_ROLES,Sales_Outsource_PH,philippines lead gen staff,Phrase,1B,https://vision-three-alpha.vercel.app/us/sales,Paused
496-715-1855,VC_US_S_ROLES,Social_Media_Hire_PH,filipino social media manager,Exact,1B,https://vision-three-alpha.vercel.app/us/social-media,Paused
496-715-1855,VC_US_S_ROLES,Social_Media_Hire_PH,filipino social media specialist,Exact,1B,https://vision-three-alpha.vercel.app/us/social-media,Paused
496-715-1855,VC_US_S_ROLES,Social_Media_Hire_PH,instagram manager philippines,Exact,1B,https://vision-three-alpha.vercel.app/us/social-media,Paused
496-715-1855,VC_US_S_ROLES,Social_Media_Hire_PH,philippines social media manager,Exact,1B,https://vision-three-alpha.vercel.app/us/social-media,Paused
496-715-1855,VC_US_S_ROLES,Social_Media_Hire_PH,remote social media assistant philippines,Exact,1B,https://vision-three-alpha.vercel.app/us/social-media,Paused
496-715-1855,VC_US_S_ROLES,Social_Media_Hire_PH,social media assistant philippines,Exact,1B,https://vision-three-alpha.vercel.app/us/social-media,Paused
496-715-1855,VC_US_S_ROLES,Social_Media_Hire_PH,social media manager philippines,Exact,1B,https://vision-three-alpha.vercel.app/us/social-media,Paused
496-715-1855,VC_US_S_ROLES,Social_Media_Hire_PH,social media staff philippines,Exact,1B,https://vision-three-alpha.vercel.app/us/social-media,Paused
496-715-1855,VC_US_S_ROLES,Social_Media_Hire_PH,filipino social media manager,Phrase,1B,https://vision-three-alpha.vercel.app/us/social-media,Paused
496-715-1855,VC_US_S_ROLES,Social_Media_Hire_PH,hire filipino social media,Phrase,1B,https://vision-three-alpha.vercel.app/us/social-media,Paused
496-715-1855,VC_US_S_ROLES,Social_Media_Hire_PH,hire philippines social media manager,Phrase,1B,https://vision-three-alpha.vercel.app/us/social-media,Paused
496-715-1855,VC_US_S_ROLES,Social_Media_Hire_PH,hire social media specialist philippines,Phrase,1B,https://vision-three-alpha.vercel.app/us/social-media,Paused
496-715-1855,VC_US_S_ROLES,Social_Media_Hire_PH,social media manager philippines,Phrase,1B,https://vision-three-alpha.vercel.app/us/social-media,Paused
496-715-1855,VC_US_S_ROLES,Social_Media_Hire_PH,social media va philippines,Phrase,1B,https://vision-three-alpha.vercel.app/us/social-media,Paused
496-715-1855,VC_US_S_ROLES,Social_Media_Outsource_PH,dedicated social media staff philippines,Exact,1B,https://vision-three-alpha.vercel.app/us/social-media,Paused
496-715-1855,VC_US_S_ROLES,Social_Media_Outsource_PH,offshore smm specialist,Exact,1B,https://vision-three-alpha.vercel.app/us/social-media,Paused
496-715-1855,VC_US_S_ROLES,Social_Media_Outsource_PH,offshore social media manager,Exact,1B,https://vision-three-alpha.vercel.app/us/social-media,Paused
496-715-1855,VC_US_S_ROLES,Social_Media_Outsource_PH,offshore social media philippines,Exact,1B,https://vision-three-alpha.vercel.app/us/social-media,Paused
496-715-1855,VC_US_S_ROLES,Social_Media_Outsource_PH,philippines social media management staff,Exact,1B,https://vision-three-alpha.vercel.app/us/social-media,Paused
496-715-1855,VC_US_S_ROLES,Social_Media_Outsource_PH,philippines social media marketing,Exact,1B,https://vision-three-alpha.vercel.app/us/social-media,Paused
496-715-1855,VC_US_S_ROLES,Social_Media_Outsource_PH,remote social media team philippines,Exact,1B,https://vision-three-alpha.vercel.app/us/social-media,Paused
496-715-1855,VC_US_S_ROLES,Social_Media_Outsource_PH,social media management philippines,Exact,1B,https://vision-three-alpha.vercel.app/us/social-media,Paused
496-715-1855,VC_US_S_ROLES,Social_Media_Outsource_PH,social media services philippines,Exact,1B,https://vision-three-alpha.vercel.app/us/social-media,Paused
496-715-1855,VC_US_S_ROLES,Social_Media_Outsource_PH,social media support staff philippines,Exact,1B,https://vision-three-alpha.vercel.app/us/social-media,Paused
496-715-1855,VC_US_S_ROLES,Social_Media_Outsource_PH,offshore smm team,Phrase,1B,https://vision-three-alpha.vercel.app/us/social-media,Paused
496-715-1855,VC_US_S_ROLES,Social_Media_Outsource_PH,offshore social media manager,Phrase,1B,https://vision-three-alpha.vercel.app/us/social-media,Paused
496-715-1855,VC_US_S_ROLES,Social_Media_Outsource_PH,outsource social media philippines,Phrase,1B,https://vision-three-alpha.vercel.app/us/social-media,Paused
496-715-1855,VC_US_S_ROLES,Social_Media_Outsource_PH,philippines social media marketing,Phrase,1B,https://vision-three-alpha.vercel.app/us/social-media,Paused
496-715-1855,VC_US_S_ROLES,Social_Media_Outsource_PH,philippines social media staff,Phrase,1B,https://vision-three-alpha.vercel.app/us/social-media,Paused
496-715-1855,VC_US_S_ROLES,Social_Media_Outsource_PH,social media management philippines,Phrase,1B,https://vision-three-alpha.vercel.app/us/social-media,Paused
496-715-1855,VC_US_S_ROLES,Social_Media_Outsource_PH,social media outsourcing philippines,Phrase,1B,https://vision-three-alpha.vercel.app/us/social-media,Paused
496-715-1855,VC_US_S_ROLES,Accounting_Hire_PH,accounting va,Exact,2,https://vision-three-alpha.vercel.app/us/accounting,Paused
496-715-1855,VC_US_S_ROLES,Accounting_Hire_PH,accounting virtual assistant,Exact,2,https://vision-three-alpha.vercel.app/us/accounting,Paused
496-715-1855,VC_US_S_ROLES,Accounting_Hire_PH,virtual assistant accountant,Exact,2,https://vision-three-alpha.vercel.app/us/accounting,Paused
496-715-1855,VC_US_S_ROLES,Accounting_Hire_PH,virtual assistant accounting,Exact,2,https://vision-three-alpha.vercel.app/us/accounting,Paused
496-715-1855,VC_US_S_ROLES,Accounting_Hire_PH,virtual assistant for accounting,Exact,2,https://vision-three-alpha.vercel.app/us/accounting,Paused
496-715-1855,VC_US_S_ROLES,Accounting_Hire_PH,accounting virtual assistant,Phrase,2,https://vision-three-alpha.vercel.app/us/accounting,Paused
496-715-1855,VC_US_S_ROLES,Accounting_Hire_PH,hire remote accountant,Phrase,2,https://vision-three-alpha.vercel.app/us/accounting,Paused
496-715-1855,VC_US_S_ROLES,Accounting_Outsource_PH,hire outsourced accountant,Exact,2,https://vision-three-alpha.vercel.app/us/accounting,Paused
496-715-1855,VC_US_S_ROLES,Accounting_Outsource_PH,outsource accounts payable,Phrase,2,https://vision-three-alpha.vercel.app/us/accounting,Paused
496-715-1855,VC_US_S_ROLES,Accounting_Outsource_PH,outsourced accounting team,Phrase,2,https://vision-three-alpha.vercel.app/us/accounting,Paused
496-715-1855,VC_US_S_ROLES,Admin_City_Test,hire virtual assistant california,Phrase,2,https://vision-three-alpha.vercel.app/us/administrative-support,Paused
496-715-1855,VC_US_S_ROLES,Admin_City_Test,hire virtual assistant chicago,Phrase,2,https://vision-three-alpha.vercel.app/us/administrative-support,Paused
496-715-1855,VC_US_S_ROLES,Admin_City_Test,hire virtual assistant florida,Phrase,2,https://vision-three-alpha.vercel.app/us/administrative-support,Paused
496-715-1855,VC_US_S_ROLES,Admin_City_Test,hire virtual assistant los angeles,Phrase,2,https://vision-three-alpha.vercel.app/us/administrative-support,Paused
496-715-1855,VC_US_S_ROLES,Admin_City_Test,hire virtual assistant new york,Phrase,2,https://vision-three-alpha.vercel.app/us/administrative-support,Paused
496-715-1855,VC_US_S_ROLES,Administration_EA_PH,hire remote executive assistant,Exact,2,https://vision-three-alpha.vercel.app/us/administrative-support,Paused
496-715-1855,VC_US_S_ROLES,Administration_EA_PH,hire virtual administrative assistant,Exact,2,https://vision-three-alpha.vercel.app/us/administrative-support,Paused
496-715-1855,VC_US_S_ROLES,Administration_EA_PH,hire virtual executive assistant,Exact,2,https://vision-three-alpha.vercel.app/us/administrative-support,Paused
496-715-1855,VC_US_S_ROLES,Administration_EA_PH,virtual admin assistant,Exact,2,https://vision-three-alpha.vercel.app/us/administrative-support,Paused
496-715-1855,VC_US_S_ROLES,Administration_EA_PH,virtual office assistant,Exact,2,https://vision-three-alpha.vercel.app/us/administrative-support,Paused
496-715-1855,VC_US_S_ROLES,Administration_EA_PH,hire virtual executive assistant,Phrase,2,https://vision-three-alpha.vercel.app/us/administrative-support,Paused
496-715-1855,VC_US_S_ROLES,Administration_EA_PH,virtual admin assistant,Phrase,2,https://vision-three-alpha.vercel.app/us/administrative-support,Paused
496-715-1855,VC_US_S_ROLES,Bookkeeping_Hire_PH,bookkeeping virtual assistant,Exact,2,https://vision-three-alpha.vercel.app/us/bookkeeping,Paused
496-715-1855,VC_US_S_ROLES,Bookkeeping_Hire_PH,hire a bookkeeper,Exact,2,https://vision-three-alpha.vercel.app/us/bookkeeping,Paused
496-715-1855,VC_US_S_ROLES,Bookkeeping_Hire_PH,hire virtual bookkeeping assistant,Exact,2,https://vision-three-alpha.vercel.app/us/bookkeeping,Paused
496-715-1855,VC_US_S_ROLES,Bookkeeping_Hire_PH,quickbooks virtual assistant,Exact,2,https://vision-three-alpha.vercel.app/us/bookkeeping,Paused
496-715-1855,VC_US_S_ROLES,Bookkeeping_Hire_PH,va bookkeeper,Exact,2,https://vision-three-alpha.vercel.app/us/bookkeeping,Paused
496-715-1855,VC_US_S_ROLES,Bookkeeping_Hire_PH,virtual assistant bookkeeper,Exact,2,https://vision-three-alpha.vercel.app/us/bookkeeping,Paused
496-715-1855,VC_US_S_ROLES,Bookkeeping_Hire_PH,virtual assistant bookkeeping,Exact,2,https://vision-three-alpha.vercel.app/us/bookkeeping,Paused
496-715-1855,VC_US_S_ROLES,Bookkeeping_Hire_PH,virtual assistant for quickbooks,Exact,2,https://vision-three-alpha.vercel.app/us/bookkeeping,Paused
496-715-1855,VC_US_S_ROLES,Bookkeeping_Hire_PH,virtual assistant quickbooks,Exact,2,https://vision-three-alpha.vercel.app/us/bookkeeping,Paused
496-715-1855,VC_US_S_ROLES,Bookkeeping_Hire_PH,hire xero bookkeeper,Phrase,2,https://vision-three-alpha.vercel.app/us/bookkeeping,Paused
496-715-1855,VC_US_S_ROLES,Bookkeeping_Hire_PH,va bookkeeper,Phrase,2,https://vision-three-alpha.vercel.app/us/bookkeeping,Paused
496-715-1855,VC_US_S_ROLES,Bookkeeping_Hire_PH,virtual assistant bookkeeping,Phrase,2,https://vision-three-alpha.vercel.app/us/bookkeeping,Paused
496-715-1855,VC_US_S_ROLES,Bookkeeping_Outsource_PH,bookkeeper outsourcing,Exact,2,https://vision-three-alpha.vercel.app/us/bookkeeping,Paused
496-715-1855,VC_US_S_ROLES,Bookkeeping_Outsource_PH,hire outsourced bookkeeper,Exact,2,https://vision-three-alpha.vercel.app/us/bookkeeping,Paused
496-715-1855,VC_US_S_ROLES,Bookkeeping_Outsource_PH,outsource quickbooks bookkeeping,Phrase,2,https://vision-three-alpha.vercel.app/us/bookkeeping,Paused
496-715-1855,VC_US_S_ROLES,Bookkeeping_Outsource_PH,outsourced bookkeeping services,Phrase,2,https://vision-three-alpha.vercel.app/us/bookkeeping,Paused
496-715-1855,VC_US_S_ROLES,Customer_Service_Hire_PH,customer service hire,Exact,2,https://vision-three-alpha.vercel.app/us/customer-service,Paused
496-715-1855,VC_US_S_ROLES,Customer_Service_Hire_PH,customer service virtual assistant,Exact,2,https://vision-three-alpha.vercel.app/us/customer-service,Paused
496-715-1855,VC_US_S_ROLES,Customer_Service_Hire_PH,hire customer service virtual assistant,Exact,2,https://vision-three-alpha.vercel.app/us/customer-service,Paused
496-715-1855,VC_US_S_ROLES,Customer_Service_Hire_PH,virtual assistant customer service,Exact,2,https://vision-three-alpha.vercel.app/us/customer-service,Paused
496-715-1855,VC_US_S_ROLES,Customer_Service_Hire_PH,virtual customer service agent,Exact,2,https://vision-three-alpha.vercel.app/us/customer-service,Paused
496-715-1855,VC_US_S_ROLES,Customer_Service_Hire_PH,virtual customer service representative,Exact,2,https://vision-three-alpha.vercel.app/us/customer-service,Paused
496-715-1855,VC_US_S_ROLES,Customer_Service_Hire_PH,customer service virtual assistant,Phrase,2,https://vision-three-alpha.vercel.app/us/customer-service,Paused
496-715-1855,VC_US_S_ROLES,Customer_Service_Hire_PH,hire customer service virtual assistant,Phrase,2,https://vision-three-alpha.vercel.app/us/customer-service,Paused
496-715-1855,VC_US_S_ROLES,Customer_Service_Hire_PH,hire remote customer support,Phrase,2,https://vision-three-alpha.vercel.app/us/customer-service,Paused
496-715-1855,VC_US_S_ROLES,Customer_Service_Outsource_PH,hire outsourced customer service,Exact,2,https://vision-three-alpha.vercel.app/us/customer-service,Paused
496-715-1855,VC_US_S_ROLES,Customer_Service_Outsource_PH,outsource customer service,Exact,2,https://vision-three-alpha.vercel.app/us/customer-service,Paused
496-715-1855,VC_US_S_ROLES,Customer_Service_Outsource_PH,outsource customer service for small business,Exact,2,https://vision-three-alpha.vercel.app/us/customer-service,Paused
496-715-1855,VC_US_S_ROLES,Customer_Service_Outsource_PH,outsource ecommerce customer service,Exact,2,https://vision-three-alpha.vercel.app/us/customer-service,Paused
496-715-1855,VC_US_S_ROLES,Customer_Service_Outsource_PH,outsource chat support,Phrase,2,https://vision-three-alpha.vercel.app/us/customer-service,Paused
496-715-1855,VC_US_S_ROLES,Customer_Service_Outsource_PH,outsource customer service,Phrase,2,https://vision-three-alpha.vercel.app/us/customer-service,Paused
496-715-1855,VC_US_S_ROLES,Digital_Marketing_Hire_PH,digital marketing virtual assistant,Exact,2,https://vision-three-alpha.vercel.app/us/digital-marketing,Paused
496-715-1855,VC_US_S_ROLES,Digital_Marketing_Hire_PH,hire digital marketing manager,Exact,2,https://vision-three-alpha.vercel.app/us/digital-marketing,Paused
496-715-1855,VC_US_S_ROLES,Digital_Marketing_Hire_PH,hire remote digital marketer,Exact,2,https://vision-three-alpha.vercel.app/us/digital-marketing,Paused
496-715-1855,VC_US_S_ROLES,Digital_Marketing_Hire_PH,hire remote digital marketing manager,Exact,2,https://vision-three-alpha.vercel.app/us/digital-marketing,Paused
496-715-1855,VC_US_S_ROLES,Digital_Marketing_Hire_PH,marketing va,Exact,2,https://vision-three-alpha.vercel.app/us/digital-marketing,Paused
496-715-1855,VC_US_S_ROLES,Digital_Marketing_Hire_PH,marketing virtual assistant,Exact,2,https://vision-three-alpha.vercel.app/us/digital-marketing,Paused
496-715-1855,VC_US_S_ROLES,Digital_Marketing_Hire_PH,marketing virtual assistants,Exact,2,https://vision-three-alpha.vercel.app/us/digital-marketing,Paused
496-715-1855,VC_US_S_ROLES,Digital_Marketing_Hire_PH,remote marketing assistant,Exact,2,https://vision-three-alpha.vercel.app/us/digital-marketing,Paused
496-715-1855,VC_US_S_ROLES,Digital_Marketing_Hire_PH,social media marketing va,Exact,2,https://vision-three-alpha.vercel.app/us/digital-marketing,Paused
496-715-1855,VC_US_S_ROLES,Digital_Marketing_Hire_PH,virtual assistant digital marketing,Exact,2,https://vision-three-alpha.vercel.app/us/digital-marketing,Paused
496-715-1855,VC_US_S_ROLES,Digital_Marketing_Hire_PH,virtual marketing assistant,Exact,2,https://vision-three-alpha.vercel.app/us/digital-marketing,Paused
496-715-1855,VC_US_S_ROLES,Digital_Marketing_Hire_PH,dedicated digital marketing hire,Phrase,2,https://vision-three-alpha.vercel.app/us/digital-marketing,Paused
496-715-1855,VC_US_S_ROLES,Digital_Marketing_Hire_PH,digital marketing virtual assistant,Phrase,2,https://vision-three-alpha.vercel.app/us/digital-marketing,Paused
496-715-1855,VC_US_S_ROLES,Digital_Marketing_Hire_PH,hire digital marketing va,Phrase,2,https://vision-three-alpha.vercel.app/us/digital-marketing,Paused
496-715-1855,VC_US_S_ROLES,Digital_Marketing_Hire_PH,marketing virtual assistant,Phrase,2,https://vision-three-alpha.vercel.app/us/digital-marketing,Paused
496-715-1855,VC_US_S_ROLES,Digital_Marketing_Hire_PH,virtual marketing assistant,Phrase,2,https://vision-three-alpha.vercel.app/us/digital-marketing,Paused
496-715-1855,VC_US_S_ROLES,Digital_Marketing_Outsource_PH,hire outsourced digital marketer,Exact,2,https://vision-three-alpha.vercel.app/us/digital-marketing,Paused
496-715-1855,VC_US_S_ROLES,Digital_Marketing_Outsource_PH,outsource campaign management,Phrase,2,https://vision-three-alpha.vercel.app/us/digital-marketing,Paused
496-715-1855,VC_US_S_ROLES,Human_Resources_Hire_PH,hire remote hr staff,Exact,2,https://vision-three-alpha.vercel.app/us/hr,Paused
496-715-1855,VC_US_S_ROLES,Human_Resources_Hire_PH,hire virtual hr assistant,Exact,2,https://vision-three-alpha.vercel.app/us/hr,Paused
496-715-1855,VC_US_S_ROLES,Human_Resources_Hire_PH,hire virtual people ops assistant,Exact,2,https://vision-three-alpha.vercel.app/us/hr,Paused
496-715-1855,VC_US_S_ROLES,Human_Resources_Hire_PH,hr virtual assistant,Exact,2,https://vision-three-alpha.vercel.app/us/hr,Paused
496-715-1855,VC_US_S_ROLES,Human_Resources_Hire_PH,hr virtual assistants,Exact,2,https://vision-three-alpha.vercel.app/us/hr,Paused
496-715-1855,VC_US_S_ROLES,Human_Resources_Hire_PH,human resources virtual assistant,Exact,2,https://vision-three-alpha.vercel.app/us/hr,Paused
496-715-1855,VC_US_S_ROLES,Human_Resources_Hire_PH,virtual assistant hr,Exact,2,https://vision-three-alpha.vercel.app/us/hr,Paused
496-715-1855,VC_US_S_ROLES,Human_Resources_Hire_PH,virtual human resources assistant,Exact,2,https://vision-three-alpha.vercel.app/us/hr,Paused
496-715-1855,VC_US_S_ROLES,Human_Resources_Hire_PH,hire virtual hr assistant,Phrase,2,https://vision-three-alpha.vercel.app/us/hr,Paused
496-715-1855,VC_US_S_ROLES,Human_Resources_Hire_PH,hr virtual assistant,Phrase,2,https://vision-three-alpha.vercel.app/us/hr,Paused
496-715-1855,VC_US_S_ROLES,Human_Resources_Hire_PH,human resources virtual assistant,Phrase,2,https://vision-three-alpha.vercel.app/us/hr,Paused
496-715-1855,VC_US_S_ROLES,Human_Resources_Outsource_PH,hire outsourced hr assistant,Exact,2,https://vision-three-alpha.vercel.app/us/hr,Paused
496-715-1855,VC_US_S_ROLES,Human_Resources_Outsource_PH,outsource payroll admin,Phrase,2,https://vision-three-alpha.vercel.app/us/hr,Paused
496-715-1855,VC_US_S_ROLES,Recruitment_Hire_PH,hire a recruitment assistant,Exact,2,https://vision-three-alpha.vercel.app/us/recruitment,Paused
496-715-1855,VC_US_S_ROLES,Recruitment_Hire_PH,hire virtual recruiting ops assistant,Exact,2,https://vision-three-alpha.vercel.app/us/recruitment,Paused
496-715-1855,VC_US_S_ROLES,Recruitment_Hire_PH,hire virtual recruitment assistant,Exact,2,https://vision-three-alpha.vercel.app/us/recruitment,Paused
496-715-1855,VC_US_S_ROLES,Recruitment_Hire_PH,recruitment virtual assistant,Exact,2,https://vision-three-alpha.vercel.app/us/recruitment,Paused
496-715-1855,VC_US_S_ROLES,Recruitment_Hire_PH,virtual assistant recruitment,Exact,2,https://vision-three-alpha.vercel.app/us/recruitment,Paused
496-715-1855,VC_US_S_ROLES,Recruitment_Hire_PH,hire virtual recruitment assistant,Phrase,2,https://vision-three-alpha.vercel.app/us/recruitment,Paused
496-715-1855,VC_US_S_ROLES,Recruitment_Hire_PH,recruitment virtual assistant,Phrase,2,https://vision-three-alpha.vercel.app/us/recruitment,Paused
496-715-1855,VC_US_S_ROLES,Recruitment_Hire_PH,virtual recruiting assistant,Phrase,2,https://vision-three-alpha.vercel.app/us/recruitment,Paused
496-715-1855,VC_US_S_ROLES,Recruitment_Outsource_PH,hire outsourced recruitment assistant,Exact,2,https://vision-three-alpha.vercel.app/us/recruitment,Paused
496-715-1855,VC_US_S_ROLES,Recruitment_Outsource_PH,recruitment assistant services,Exact,2,https://vision-three-alpha.vercel.app/us/recruitment,Paused
496-715-1855,VC_US_S_ROLES,Recruitment_Outsource_PH,outsource candidate screening,Phrase,2,https://vision-three-alpha.vercel.app/us/recruitment,Paused
496-715-1855,VC_US_S_ROLES,Recruitment_Outsource_PH,outsource recruitment support,Phrase,2,https://vision-three-alpha.vercel.app/us/recruitment,Paused
496-715-1855,VC_US_S_ROLES,Recruitment_Outsource_PH,recruiting ops outsourcing,Phrase,2,https://vision-three-alpha.vercel.app/us/recruitment,Paused
496-715-1855,VC_US_S_ROLES,Sales_Hire_PH,hire virtual sales assistant,Exact,2,https://vision-three-alpha.vercel.app/us/sales,Paused
496-715-1855,VC_US_S_ROLES,Sales_Hire_PH,lead gen va,Exact,2,https://vision-three-alpha.vercel.app/us/sales,Paused
496-715-1855,VC_US_S_ROLES,Sales_Hire_PH,lead generation virtual assistant,Exact,2,https://vision-three-alpha.vercel.app/us/sales,Paused
496-715-1855,VC_US_S_ROLES,Sales_Hire_PH,sales va,Exact,2,https://vision-three-alpha.vercel.app/us/sales,Paused
496-715-1855,VC_US_S_ROLES,Sales_Hire_PH,sales virtual assistant,Exact,2,https://vision-three-alpha.vercel.app/us/sales,Paused
496-715-1855,VC_US_S_ROLES,Sales_Hire_PH,sales virtual assistants,Exact,2,https://vision-three-alpha.vercel.app/us/sales,Paused
496-715-1855,VC_US_S_ROLES,Sales_Hire_PH,va appointment setter,Exact,2,https://vision-three-alpha.vercel.app/us/sales,Paused
496-715-1855,VC_US_S_ROLES,Sales_Hire_PH,virtual appointment setter,Exact,2,https://vision-three-alpha.vercel.app/us/sales,Paused
496-715-1855,VC_US_S_ROLES,Sales_Hire_PH,virtual assistant appointment setter,Exact,2,https://vision-three-alpha.vercel.app/us/sales,Paused
496-715-1855,VC_US_S_ROLES,Sales_Hire_PH,virtual assistant cold calling,Exact,2,https://vision-three-alpha.vercel.app/us/sales,Paused
496-715-1855,VC_US_S_ROLES,Sales_Hire_PH,virtual assistant for lead generation,Exact,2,https://vision-three-alpha.vercel.app/us/sales,Paused
496-715-1855,VC_US_S_ROLES,Sales_Hire_PH,virtual assistant for sales,Exact,2,https://vision-three-alpha.vercel.app/us/sales,Paused
496-715-1855,VC_US_S_ROLES,Sales_Hire_PH,virtual assistant lead generation,Exact,2,https://vision-three-alpha.vercel.app/us/sales,Paused
496-715-1855,VC_US_S_ROLES,Sales_Hire_PH,virtual assistant sales,Exact,2,https://vision-three-alpha.vercel.app/us/sales,Paused
496-715-1855,VC_US_S_ROLES,Sales_Hire_PH,virtual sales assistant,Exact,2,https://vision-three-alpha.vercel.app/us/sales,Paused
496-715-1855,VC_US_S_ROLES,Sales_Hire_PH,hire lead generation va,Phrase,2,https://vision-three-alpha.vercel.app/us/sales,Paused
496-715-1855,VC_US_S_ROLES,Sales_Hire_PH,lead generation virtual assistant,Phrase,2,https://vision-three-alpha.vercel.app/us/sales,Paused
496-715-1855,VC_US_S_ROLES,Sales_Hire_PH,sales virtual assistant,Phrase,2,https://vision-three-alpha.vercel.app/us/sales,Paused
496-715-1855,VC_US_S_ROLES,Sales_Hire_PH,virtual assistant appointment setter,Phrase,2,https://vision-three-alpha.vercel.app/us/sales,Paused
496-715-1855,VC_US_S_ROLES,Sales_Hire_PH,virtual assistant for sales,Phrase,2,https://vision-three-alpha.vercel.app/us/sales,Paused
496-715-1855,VC_US_S_ROLES,Sales_Outsource_PH,hire outsourced appointment setter,Exact,2,https://vision-three-alpha.vercel.app/us/sales,Paused
496-715-1855,VC_US_S_ROLES,Sales_Outsource_PH,outsource appointment setting,Phrase,2,https://vision-three-alpha.vercel.app/us/sales,Paused
496-715-1855,VC_US_S_ROLES,Social_Media_Hire_PH,hire a social media manager,Exact,2,https://vision-three-alpha.vercel.app/us/social-media,Paused
496-715-1855,VC_US_S_ROLES,Social_Media_Hire_PH,hire remote social media manager,Exact,2,https://vision-three-alpha.vercel.app/us/social-media,Paused
496-715-1855,VC_US_S_ROLES,Social_Media_Hire_PH,hire social media manager for small business,Exact,2,https://vision-three-alpha.vercel.app/us/social-media,Paused
496-715-1855,VC_US_S_ROLES,Social_Media_Hire_PH,hire social media va,Exact,2,https://vision-three-alpha.vercel.app/us/social-media,Paused
496-715-1855,VC_US_S_ROLES,Social_Media_Hire_PH,hire social media virtual assistant,Exact,2,https://vision-three-alpha.vercel.app/us/social-media,Paused
496-715-1855,VC_US_S_ROLES,Social_Media_Hire_PH,social media assistant,Exact,2,https://vision-three-alpha.vercel.app/us/social-media,Paused
496-715-1855,VC_US_S_ROLES,Social_Media_Hire_PH,social media management virtual assistant,Exact,2,https://vision-three-alpha.vercel.app/us/social-media,Paused
496-715-1855,VC_US_S_ROLES,Social_Media_Hire_PH,social media manager for hire,Exact,2,https://vision-three-alpha.vercel.app/us/social-media,Paused
496-715-1855,VC_US_S_ROLES,Social_Media_Hire_PH,social media manager virtual assistant,Exact,2,https://vision-three-alpha.vercel.app/us/social-media,Paused
496-715-1855,VC_US_S_ROLES,Social_Media_Hire_PH,social media marketing virtual assistant,Exact,2,https://vision-three-alpha.vercel.app/us/social-media,Paused
496-715-1855,VC_US_S_ROLES,Social_Media_Hire_PH,social media va,Exact,2,https://vision-three-alpha.vercel.app/us/social-media,Paused
496-715-1855,VC_US_S_ROLES,Social_Media_Hire_PH,social media virtual assistant,Exact,2,https://vision-three-alpha.vercel.app/us/social-media,Paused
496-715-1855,VC_US_S_ROLES,Social_Media_Hire_PH,va for social media,Exact,2,https://vision-three-alpha.vercel.app/us/social-media,Paused
496-715-1855,VC_US_S_ROLES,Social_Media_Hire_PH,virtual assistant social media,Exact,2,https://vision-three-alpha.vercel.app/us/social-media,Paused
496-715-1855,VC_US_S_ROLES,Social_Media_Hire_PH,virtual assistant social media manager,Exact,2,https://vision-three-alpha.vercel.app/us/social-media,Paused
496-715-1855,VC_US_S_ROLES,Social_Media_Hire_PH,virtual social media assistant,Exact,2,https://vision-three-alpha.vercel.app/us/social-media,Paused
496-715-1855,VC_US_S_ROLES,Social_Media_Hire_PH,virtual social media manager,Exact,2,https://vision-three-alpha.vercel.app/us/social-media,Paused
496-715-1855,VC_US_S_ROLES,Social_Media_Hire_PH,hire remote social media manager,Phrase,2,https://vision-three-alpha.vercel.app/us/social-media,Paused
496-715-1855,VC_US_S_ROLES,Social_Media_Hire_PH,hire social media virtual assistant,Phrase,2,https://vision-three-alpha.vercel.app/us/social-media,Paused
496-715-1855,VC_US_S_ROLES,Social_Media_Hire_PH,social media virtual assistant,Phrase,2,https://vision-three-alpha.vercel.app/us/social-media,Paused
496-715-1855,VC_US_S_ROLES,Social_Media_Hire_PH,va for social media,Phrase,2,https://vision-three-alpha.vercel.app/us/social-media,Paused
496-715-1855,VC_US_S_ROLES,Social_Media_Hire_PH,virtual social media assistant,Phrase,2,https://vision-three-alpha.vercel.app/us/social-media,Paused
496-715-1855,VC_US_S_ROLES,Social_Media_Outsource_PH,hire outsourced social media manager,Exact,2,https://vision-three-alpha.vercel.app/us/social-media,Paused
496-715-1855,VC_US_S_ROLES,Social_Media_Outsource_PH,outsource social media management,Exact,2,https://vision-three-alpha.vercel.app/us/social-media,Paused
496-715-1855,VC_US_S_ROLES,Social_Media_Outsource_PH,social media outsourcing,Exact,2,https://vision-three-alpha.vercel.app/us/social-media,Paused
496-715-1855,VC_US_S_ROLES,Social_Media_Outsource_PH,outsource community management,Phrase,2,https://vision-three-alpha.vercel.app/us/social-media,Paused
496-715-1855,VC_US_S_ROLES,Social_Media_Outsource_PH,outsource social media management,Phrase,2,https://vision-three-alpha.vercel.app/us/social-media,Paused
496-715-1855,VC_US_S_CORE,Hire_VA_PH,dedicated virtual assistant,Exact,3,https://vision-three-alpha.vercel.app/us,Paused
496-715-1855,VC_US_S_CORE,Hire_VA_PH,find a virtual assistant,Exact,3,https://vision-three-alpha.vercel.app/us,Paused
496-715-1855,VC_US_S_CORE,Hire_VA_PH,hire a va,Exact,3,https://vision-three-alpha.vercel.app/us,Paused
496-715-1855,VC_US_S_CORE,Hire_VA_PH,hire a virtual assistant,Exact,3,https://vision-three-alpha.vercel.app/us,Paused
496-715-1855,VC_US_S_CORE,Hire_VA_PH,hire remote virtual assistant,Exact,3,https://vision-three-alpha.vercel.app/us,Paused
496-715-1855,VC_US_S_CORE,Hire_VA_PH,hire va,Exact,3,https://vision-three-alpha.vercel.app/us,Paused
496-715-1855,VC_US_S_CORE,Hire_VA_PH,hire virtual assistant,Exact,3,https://vision-three-alpha.vercel.app/us,Paused
496-715-1855,VC_US_S_CORE,Hire_VA_PH,hiring virtual assistant,Exact,3,https://vision-three-alpha.vercel.app/us,Paused
496-715-1855,VC_US_S_CORE,Hire_VA_PH,how to hire a virtual assistant,Exact,3,https://vision-three-alpha.vercel.app/us,Paused
496-715-1855,VC_US_S_CORE,Hire_VA_PH,looking for a virtual assistant,Exact,3,https://vision-three-alpha.vercel.app/us,Paused
496-715-1855,VC_US_S_CORE,Hire_VA_PH,looking for virtual assistant,Exact,3,https://vision-three-alpha.vercel.app/us,Paused
496-715-1855,VC_US_S_CORE,Hire_VA_PH,remote virtual assistant for business,Exact,3,https://vision-three-alpha.vercel.app/us,Paused
496-715-1855,VC_US_S_CORE,Hire_VA_PH,va agency,Exact,3,https://vision-three-alpha.vercel.app/us,Paused
496-715-1855,VC_US_S_CORE,Hire_VA_PH,va for hire,Exact,3,https://vision-three-alpha.vercel.app/us,Paused
496-715-1855,VC_US_S_CORE,Hire_VA_PH,va services,Exact,3,https://vision-three-alpha.vercel.app/us,Paused
496-715-1855,VC_US_S_CORE,Hire_VA_PH,virtual assistance,Exact,3,https://vision-three-alpha.vercel.app/us,Paused
496-715-1855,VC_US_S_CORE,Hire_VA_PH,virtual assistance services,Exact,3,https://vision-three-alpha.vercel.app/us,Paused
496-715-1855,VC_US_S_CORE,Hire_VA_PH,virtual assistant,Exact,3,https://vision-three-alpha.vercel.app/us,Paused
496-715-1855,VC_US_S_CORE,Hire_VA_PH,virtual assistant agency,Exact,3,https://vision-three-alpha.vercel.app/us,Paused
496-715-1855,VC_US_S_CORE,Hire_VA_PH,virtual assistant companies,Exact,3,https://vision-three-alpha.vercel.app/us,Paused
496-715-1855,VC_US_S_CORE,Hire_VA_PH,virtual assistant company,Exact,3,https://vision-three-alpha.vercel.app/us,Paused
496-715-1855,VC_US_S_CORE,Hire_VA_PH,virtual assistant for business,Exact,3,https://vision-three-alpha.vercel.app/us,Paused
496-715-1855,VC_US_S_CORE,Hire_VA_PH,virtual assistant for hire,Exact,3,https://vision-three-alpha.vercel.app/us,Paused
496-715-1855,VC_US_S_CORE,Hire_VA_PH,virtual assistant hire,Exact,3,https://vision-three-alpha.vercel.app/us,Paused
496-715-1855,VC_US_S_CORE,Hire_VA_PH,virtual assistant hiring,Exact,3,https://vision-three-alpha.vercel.app/us,Paused
496-715-1855,VC_US_S_CORE,Hire_VA_PH,virtual assistant providers,Exact,3,https://vision-three-alpha.vercel.app/us,Paused
496-715-1855,VC_US_S_CORE,Hire_VA_PH,virtual assistant services,Exact,3,https://vision-three-alpha.vercel.app/us,Paused
496-715-1855,VC_US_S_CORE,Hire_VA_PH,virtual assistants,Exact,3,https://vision-three-alpha.vercel.app/us,Paused
496-715-1855,VC_US_S_CORE,Hire_VA_PH,virtual assistants for hire,Exact,3,https://vision-three-alpha.vercel.app/us,Paused
496-715-1855,VC_US_S_CORE,Hire_VA_PH,virtual staffing company,Exact,3,https://vision-three-alpha.vercel.app/us,Paused
496-715-1855,VC_US_S_CORE,Hire_VA_PH,dedicated virtual assistant,Phrase,3,https://vision-three-alpha.vercel.app/us,Paused
496-715-1855,VC_US_S_CORE,Hire_VA_PH,hire a virtual assistant,Phrase,3,https://vision-three-alpha.vercel.app/us,Paused
496-715-1855,VC_US_S_CORE,Hire_VA_PH,hire virtual assistant,Phrase,3,https://vision-three-alpha.vercel.app/us,Paused
496-715-1855,VC_US_S_CORE,Hire_VA_PH,how to hire a virtual assistant,Phrase,3,https://vision-three-alpha.vercel.app/us,Paused
496-715-1855,VC_US_S_CORE,Hire_VA_PH,looking for a virtual assistant,Phrase,3,https://vision-three-alpha.vercel.app/us,Paused
496-715-1855,VC_US_S_CORE,Hire_VA_PH,va agency,Phrase,3,https://vision-three-alpha.vercel.app/us,Paused
496-715-1855,VC_US_S_CORE,Hire_VA_PH,virtual assistant for business,Phrase,3,https://vision-three-alpha.vercel.app/us,Paused
496-715-1855,VC_US_S_CORE,Hire_VA_PH,virtual assistant services,Phrase,3,https://vision-three-alpha.vercel.app/us,Paused
496-715-1855,VC_US_S_CORE,Offshore_VA_PH,outsourcing virtual assistant,Exact,3,https://vision-three-alpha.vercel.app/us,Paused
